url	status	n_redirects	redirect_chain	final_url	content_type	title	note
http:///www.mpi-sb.mpg.de/~rahnenfj/	CONN_ERROR	0					
http://127.0.0.1:8787	CONN_ERROR	0					
http://149.165.171.124/SNPlocs/	200	0			text/html	Temporary home of the SNPlocs packages for dbSNP157 and dbSNP156	
http://aryee.mgh.harvard.edu/	503	0					
http://arxiv.org/abs/1409.2864	200	1	301->https://arxiv.org/abs/1409.2864	https://arxiv.org/abs/1409.2864		[1409.2864] Scalable Genomics with R and Bioconductor	
http://LieberInstitute.github.io/brainflowprobes/	200	1	301->http://research.libd.org/brainflowprobes/	http://research.libd.org/brainflowprobes/	text/html; charset=utf-8	Plots and annotation for choosing BrainFlow target probe sequence • brainflowprobes	
http://LieberInstitute.github.io/megadepth/	200	1	301->http://research.libd.org/megadepth/	http://research.libd.org/megadepth/	text/html; charset=utf-8	megadepth: BigWig and BAM related utilities • megadepth	
http://LieberInstitute.github.io/recount3/	200	1	301->http://research.libd.org/recount3/	http://research.libd.org/recount3/	text/html; charset=utf-8	Explore and download data from the recount3 project • recount3	
http://aws.amazon.com/	200	1	301->https://aws.amazon.com/	https://aws.amazon.com/	text/html;charset=utf-8		
http://LieberInstitute.github.io/recountWorkflow/	200	1	301->http://research.libd.org/recountWorkflow/	http://research.libd.org/recountWorkflow/	text/html; charset=utf-8	recount workflow: accessing over 70,000 human RNA-seq samples with Bioconductor • recountWorkflow	
http://aws.typepad.com/aws/2010/04/new-elastic-mapreduce-feature-bootstrap-actions.html	403	1	302->https://www.networksolutions.com/typepad?siteID=100&channelID=P99C100S653N0B5A1D0E0000V111	https://www.networksolutions.com/typepad?siteID=100&channelID=P99C100S653N0B5A1D0E0000V111	text/html; charset=UTF-8	Attention Required! | Cloudflare	
http://aws.amazon.com/ebs/	200	1	301->https://aws.amazon.com/ebs/	https://aws.amazon.com/ebs/	text/html;charset=utf-8		
http://bcb.dfci.harvard.edu/knowledge-systems/team/	200	1	301->https://ds.dfci.harvard.edu/knowledge-systems/team/	https://ds.dfci.harvard.edu/knowledge-systems/team/	text/html; charset=UTF-8	Team — KSG	
http://aws.amazon.com/ec2/instance-types/	200	1	301->https://aws.amazon.com/ec2/instance-types/	https://aws.amazon.com/ec2/instance-types/	text/html;charset=utf-8		
http://aws.amazon.com/awscredits/	200	1	301->https://aws.amazon.com/awscredits/	https://aws.amazon.com/awscredits/	text/html;charset=utf-8		
http://bcb.dfci.harvard.edu/~aedin/courses/Seattle2012/	200	1	301->https://ds.dfci.harvard.edu/~aedin/courses/Seattle2012/	https://ds.dfci.harvard.edu/~aedin/courses/Seattle2012/	text/html; charset=UTF-8	Seattle Bioconductor Feb 27-28th 2012	
http://bioconductor-emr-bootstrap-scripts.s3.amazonaws.com/bootstrap.sh	404	0			application/xml		
http://aws-portal.amazon.com/gp/aws/developer/subscription/index.html?productCode=AmazonEC2	401	3	301->https://aws-portal.amazon.com/gp/aws/developer/subscription/index.html?productCode=AmazonEC2 | 302->https://console.aws.amazon.com/billing/home | 302->https://us-east-1.console.aws.amazon.com/billing/home	https://us-east-1.console.aws.amazon.com/billing/home	text/html;charset=UTF-8		
http://bioconductor-mapreduce-example-inputdir.s3.amazonaws.com/file1	404	0			application/xml		
http://aws.amazon.com/s3/	200	1	301->https://aws.amazon.com/s3/	https://aws.amazon.com/s3/	text/html;charset=utf-8		
http://aws.amazon.com/simpledb/	200	1	301->https://aws.amazon.com/simpledb/	https://aws.amazon.com/simpledb/	text/html;charset=utf-8		
http://bioconductor-mapreduce-example-inputdir.s3.amazonaws.com/file2	404	0			application/xml		
http://bcb.dfci.harvard.edu/~keegan/	200	1	301->https://ds.dfci.harvard.edu/~keegan/	https://ds.dfci.harvard.edu/~keegan/	text/html;charset=ISO-8859-1	Index of /~keegan	
http://aws.amazon.com/free/	200	1	301->https://aws.amazon.com/free/	https://aws.amazon.com/free/	text/html;charset=utf-8		
http://bioinformatics.fmrp.usp.br/ESPCAoncogenesis/	DNS_FAIL	0					
http://bioinformatics.fmrp.usp.br/curso2014/agenda/	DNS_FAIL	0					
http://bioinformatics.fmrp.usp.br/curso2014/	DNS_FAIL	0					
http://aws.amazon.com/ec2/pricing/	200	1	301->https://aws.amazon.com/ec2/pricing/	https://aws.amazon.com/ec2/pricing/	text/html;charset=utf-8		
http://aws.amazon.com/elasticmapreduce/	200	2	301->https://aws.amazon.com/elasticmapreduce/ | 301->/emr/	https://aws.amazon.com/emr/	text/html;charset=utf-8		
http://bioinformatics.fmrp.usp.br/laba2014/	DNS_FAIL	0					
http://aws.amazon.com/developertools/2264?_encoding=UTF8&jiveRedirect=1	200	4	301->https://aws.amazon.com/developertools/2264?_encoding=UTF8&jiveRedirect=1 | 301->https://aws.amazon.com/tools/?_encoding=UTF8&jiveRedirect=1 | 301->/developer/tools/ | 301->https://builder.aws.com/build/tools	https://builder.aws.com/build/tools	text/html	AWS Builder Center	
http://bioinformatics.oxfordjournals.org/content/29/5/666.full	301	0					
http://biostat.mc.vanderbilt.edu/wiki/Main/UseR-2012	DNS_FAIL	0					
http://biosun1.harvard.edu/~rgentlem/HTML/home.html	DNS_FAIL	0					
http://biorxiv.org/content/early/2016/08/08/068478	302	0			text/html; charset=iso-8859-1	302 Found	
http://biorxiv.org/content/early/2016/08/31/072413	302	0			text/html; charset=iso-8859-1	302 Found	
http://biorxiv.org/content/early/2017/02/16/109082	302	0			text/html; charset=iso-8859-1	302 Found	
http://bcb.dfci.harvard.edu/index.php?option=com_content&view=article&id=166&Itemid=281	200	2	301->https://ds.dfci.harvard.edu/index.php?option=com_content&view=article&id=166&Itemid=281 | 301->https://ds.dfci.harvard.edu/?option=com_content&view=article&id=166&Itemid=281	https://ds.dfci.harvard.edu/?option=com_content&view=article&id=166&Itemid=281	text/html; charset=UTF-8	Dana Farber Data Science | Powering Cancer Research	
http://blog.revolutionanalytics.com/2015/08/a-short-introduction-to-bioconductor.html	403	1	302->https://www.networksolutions.com/typepad?siteID=100&channelID=P99C100S653N0B5A1D0E0000V111	https://www.networksolutions.com/typepad?siteID=100&channelID=P99C100S653N0B5A1D0E0000V111	text/html; charset=UTF-8	Attention Required! | Cloudflare	
http://bits.blogs.nytimes.com/2009/01/08/r-you-ready-for-r/?scp=1&sq=Robert%20Gentleman&st=cse	301	0					
http://cagrid-portal.nci.nih.gov	DNS_FAIL	0					
http://bosbioc.wordpress.com/	200	1	301->https://bosbioc.wordpress.com/	https://bosbioc.wordpress.com/	text/html; charset=UTF-8	Boston bioc course blog | Just another WordPress.com weblog	
http://blog.themeforest.net/resources/7-rss-to-emailsms-services-you-can-use-for-your-item-feed/	200	3	301->https://envato.com/blog/ | 301->https://www.envato.com/blog/ | 301->https://elements.envato.com/learn/	https://elements.envato.com/learn/	text/html; charset=UTF-8		
http://cagrid.org/	200	0					
http://blog.arungupta.me/rest-vs-websocket-comparison-benchmarks/	200	1	301->https://blog.arungupta.me/rest-vs-websocket-comparison-benchmarks/	https://blog.arungupta.me/rest-vs-websocket-comparison-benchmarks/	text/html		
http://cdn.mathjax.org/mathjax/latest/MathJax.js?config=TeX-AMS-MML_HTMLorMML	200	0			application/javascript		
http://calculator.s3.amazonaws.com/calc5.html	403	0			application/xml		
http://bioinf.wehi.edu.au/illumina	200	2	301->https://bioinf.wehi.edu.au/illumina | 301->https://bioinf.wehi.edu.au/illumina/	https://bioinf.wehi.edu.au/illumina/	text/html; charset=UTF-8	WEHI Bioinformatics: illumina package	
http://bioinf.wehi.edu.au/limma	200	2	301->https://bioinf.wehi.edu.au/limma | 301->https://bioinf.wehi.edu.au/limma/	https://bioinf.wehi.edu.au/limma/	text/html; charset=UTF-8	limma: linear models for microarray and RNA-seq data	
http://cole-trapnell-lab.github.io/	200	0			text/html; charset=utf-8	trapnell lab	
http://cole-trapnell-lab.github.io/monocle-release/features/	404	0			text/html; charset=utf-8	Page not found &middot; GitHub Pages	
http://clincancerres.aacrjournals.org/current.shtml	301	0					
http://cole-trapnell-lab.github.io/papers/trapnell-cacchiarelli-monocle/	200	0			text/html; charset=utf-8	The dynamics and regulators of cell fate decisions are revealed by pseudotemporal ordering of single cells	
http://comments.gmane.org/gmane.comp.programming.swig.devel/22966	DNS_FAIL	0					
http://clang.llvm.org/	200	1	302->https://clang.llvm.org/	https://clang.llvm.org/	text/html	Clang C Language Family Frontend for LLVM	
http://cmb.molgen.mpg.de	200	0			text/html	Department Computational Molecular Biology	
http://cmb.molgen.mpg.de/	200	0			text/html	Department Computational Molecular Biology	
http://common-workflow-language.github.io/draft-2/	404	1	301->https://www.commonwl.org/draft-2/	https://www.commonwl.org/draft-2/	text/html; charset=utf-8	| Common Workflow Language (CWL)	
http://comunidadbioinfo.github.io/regutools/	200	1	301->https://comunidadbioinfo.github.io/regutools/	https://comunidadbioinfo.github.io/regutools/	text/html; charset=utf-8	regutools: an R package for data extraction from RegulonDB • regutools	
http://compdiag.molgen.mpg.de/ngfn/	200	0			text/html	NGFN Microarray Data Analysis Resource	
http://bioinfo.cipf.es/RNA-seq2010	403	2	302->https://bioinfo.cipf.es/RNA-seq2010 | 302->http://bioinfo.cipf.es/wp-admin/setup-config.php	http://bioinfo.cipf.es/wp-admin/setup-config.php	text/html		
http://compdiag.molgen.mpg.de/ngfn/pma2004.shtml	200	0			text/html	Courses in Practical DNA Microarray Data Analysis 2004	
http://bit.ly/BioC2015	404	2	301->https://www.biostat.wisc.edu/~kbroman/presentations/BioC2015/ | 301->https://biostat.wisc.edu/~kbroman/presentations/BioC2015/	https://biostat.wisc.edu/~kbroman/presentations/BioC2015/	text/html; charset=UTF-8	Page not found &#8211; Biostatistics and Medical Informatics &#8211; UW–Madison	
http://cran.at.r-project.org/bin/windows/contrib/r-release/limma_2.0.4.zip	404	1	301->http://cran.r-project.org/bin/windows/contrib/r-release/limma_2.0.4.zip	http://cran.r-project.org/bin/windows/contrib/r-release/limma_2.0.4.zip	text/html; charset=utf-8	Object not found!	
http://cran.at.r-project.org/src/contrib/limma_2.0.4.tar.gz	404	1	301->http://cran.r-project.org/src/contrib/limma_2.0.4.tar.gz	http://cran.r-project.org/src/contrib/limma_2.0.4.tar.gz	text/html; charset=utf-8	Object not found!	
http://cran.at.r-project.org/bin/windows/contrib/r-release/statmod_1.2.0.zip	404	1	301->http://cran.r-project.org/bin/windows/contrib/r-release/statmod_1.2.0.zip	http://cran.r-project.org/bin/windows/contrib/r-release/statmod_1.2.0.zip	text/html; charset=utf-8	Object not found!	
http://cran.at.r-project.org/src/contrib/statmod_1.2.0.tar.gz	404	1	301->http://cran.r-project.org/src/contrib/statmod_1.2.0.tar.gz	http://cran.r-project.org/src/contrib/statmod_1.2.0.tar.gz	text/html; charset=utf-8	Object not found!	
http://cran.r-project.org	200	0			text/html	The Comprehensive R Archive Network	
http://cran.r-project.org/	200	0			text/html	The Comprehensive R Archive Network	
http://cran.r-project.org/doc/FAQ/R-FAQ.html	200	0			text/html		
http://cran.r-project.org/doc/manuals/R-exts.html	200	0			text/html		
http://cran.r-project.org/manuals.html	200	0			text/html	CRAN: Manuals	
http://cran.r-project.org/other-docs.html	200	0			text/html	CRAN: Contributed Documentation	
http://cran.r-project.org/web/packages/BH/index.html	200	0			text/html	CRAN: Package BH	
http://cran.r-project.org/web/packages/RUnit/index.html	200	0			text/html	CRAN: Package RUnit	
http://cran.r-project.org/web/packages/Rcpp/index.html	200	0			text/html		
http://daisy.prevmed.northwestern.edu/~denise/BiocChicago2007	DNS_FAIL	0					
http://cran.r-project.org/web/packages/testthat/index.html	200	0			text/html		
http://biocluster.ucr.edu/~tgirke/HTML_Presentations/Manuals/Rngsapps/chipseqBioc2012/data.zip	200	0					
http://bioconductor.fmrp.usp.br/cursos/	TIMEOUT	0					
http://bioconductor.fmrp.usp.br/	TIMEOUT	0					
http://dl.dropbox.com/u/15335397/slides/BioC-2013-Yihui-Xie.Rpres	301	0					
http://dl.dropbox.com/u/15335397/slides/BioC-2013-Yihui-Xie.html	301	0					
http://dee2.io/huge/	200	1	301->https://dee2.io/huge/	https://dee2.io/huge/	text/html	Bulk Transcriptome Data Files	
http://bioinformatics.picr.man.ac.uk/bioc2010/index.html	TIMEOUT	0					
http://bioinformatics.picr.man.ac.uk/bioc2011/index.html	TIMEOUT	0					
http://docs.aws.amazon.com/AWSEC2/latest/UserGuide/launching-instance.html	200	2	301->https://docs.aws.amazon.com/AWSEC2/latest/UserGuide/launching-instance.html | 301->https://docs.aws.amazon.com/AWSEC2/latest/UserGuide/ec2-launch-instance-wizard.html	https://docs.aws.amazon.com/AWSEC2/latest/UserGuide/ec2-launch-instance-wizard.html	text/html	Launch an EC2 instance using the launch instance wizard in the console - Amazon Elastic Compute Cloud	
http://docs.aws.amazon.com/AWSEC2/latest/UserGuide/terminating-instances.html	200	1	301->https://docs.aws.amazon.com/AWSEC2/latest/UserGuide/terminating-instances.html	https://docs.aws.amazon.com/AWSEC2/latest/UserGuide/terminating-instances.html	text/html	Terminate Amazon EC2 instances - Amazon Elastic Compute Cloud	
http://bioverse.compbio.washington.edu/	TIMEOUT	0					
http://bioverse.compbio.washington.edu	TIMEOUT	0					
http://elhamazizi.info/	DNS_FAIL	0					
http://docs.aws.amazon.com/AWSEC2/latest/UserGuide/using-network-security.html	200	2	301->https://docs.aws.amazon.com/AWSEC2/latest/UserGuide/using-network-security.html | 301->https://docs.aws.amazon.com/AWSEC2/latest/UserGuide/ec2-security-groups.html	https://docs.aws.amazon.com/AWSEC2/latest/UserGuide/ec2-security-groups.html	text/html	Amazon EC2 security groups for your EC2 instances - Amazon Elastic Compute Cloud	
http://doi.org/TODO	400	1	301->https://doi.org/TODO	https://doi.org/TODO	text/html;charset=UTF-8	Error: Not a DOI	
http://en.wikipedia.org/wiki/Agile_software_development	301	0					
http://en.wikipedia.org/wiki/Test-driven_development	301	0					
http://en.wikipedia.org/wiki/Unit_testing	301	0					
http://duffel.rail.bio/recount3	404	1	301->https://duffel.rail.bio/recount3	https://duffel.rail.bio/recount3	text/html; charset=utf-8	404 Not Found	
http://epiviz.github.io/bioc2014/	200	0			text/html; charset=utf-8	Epiviz(r)	
http://en.cppreference.com/w/cpp/language/namespace	200	2	301->https://en.cppreference.com/w/cpp/language/namespace | 301->https://en.cppreference.com/cpp/language/namespace	https://en.cppreference.com/cpp/language/namespace	text/html; charset=UTF-8		
http://epiviz.github.io/	200	1	301->https://epiviz.github.io/	https://epiviz.github.io/	text/html; charset=utf-8	Epiviz	
http://evomics.org/workshops/workshop-on-genomics/2012-genomics-cesky-krumlov/	200	1	301->https://evomics.org/workshops/workshop-on-genomics/2012-genomics-cesky-krumlov/	https://evomics.org/workshops/workshop-on-genomics/2012-genomics-cesky-krumlov/	text/html; charset=UTF-8	2012 Workshop on Genomics, Český Krumlov - Evolution and Genomics	
http://dtp.nci.nih.gov/	200	2	301->https://dtp.cancer.gov/ | 301->https://dctd.cancer.gov/programs/dtp	https://dctd.cancer.gov/programs/dtp	text/html; charset=UTF-8	Developmental Therapeutics Program (DTP) - NCI	
http://events.embo.org/13-large-scale-data	TLS_ERROR	1	301->https://events.embo.org/13-large-scale-data	https://events.embo.org/13-large-scale-data			
http://events.embo.org/13-large-scale-data/index.html	TLS_ERROR	1	301->https://events.embo.org/13-large-scale-data/index.html	https://events.embo.org/13-large-scale-data/index.html			
http://facility.bioinformatics.ucr.edu/home/workshops	404	1	301->https://facility.bioinformatics.ucr.edu/home/workshops	https://facility.bioinformatics.ucr.edu/home/workshops	text/html; charset=utf-8	404 Page not found	
http://f1000research.com/	200	1	301->https://f1000research.com/	https://f1000research.com/	text/html;charset=UTF-8		
http://faculty.ucr.edu/%7Etgirke/Workshops.htm	200	1	302->https://faculty.ucr.edu/~tgirke/Workshops.htm	https://faculty.ucr.edu/~tgirke/Workshops.htm	text/html; charset=ISO-8859-1	Redirect	
http://faculty.ucr.edu/~tgirke/HTML_Presentations/Manuals/ChemmineR/Bioc2013/Cheminfo.R	200	1	302->https://faculty.ucr.edu/~tgirke/HTML_Presentations/Manuals/ChemmineR/Bioc2013/Cheminfo.R	https://faculty.ucr.edu/~tgirke/HTML_Presentations/Manuals/ChemmineR/Bioc2013/Cheminfo.R	text/plain; charset=ISO-8859-1		
http://faculty.ucr.edu/~tgirke/HTML_Presentations/Manuals/ChemmineR/Bioc2013/Cheminfo.pdf	200	1	302->https://faculty.ucr.edu/~tgirke/HTML_Presentations/Manuals/ChemmineR/Bioc2013/Cheminfo.pdf	https://faculty.ucr.edu/~tgirke/HTML_Presentations/Manuals/ChemmineR/Bioc2013/Cheminfo.pdf	application/pdf		
http://faculty.ucr.edu/~tgirke/HTML_Presentations/Manuals/Rngsapps/chipseqBioc2012/Rchipseq.R	200	1	302->https://faculty.ucr.edu/~tgirke/HTML_Presentations/Manuals/Rngsapps/chipseqBioc2012/Rchipseq.R	https://faculty.ucr.edu/~tgirke/HTML_Presentations/Manuals/Rngsapps/chipseqBioc2012/Rchipseq.R			
http://f1000research.com/articles/4-105/v1	200	1	301->https://f1000research.com/articles/4-105/v1	https://f1000research.com/articles/4-105/v1	text/html;charset=UTF-8		
http://cran.fhcrc.org/bin/macosx/	TIMEOUT	0					
http://cran.fhcrc.org/bin/linux/	TIMEOUT	0					
http://cran.fhcrc.org/bin/windows/base/	TIMEOUT	0					
http://faculty.ucr.edu/~tgirke/Workshops.htm	200	1	302->https://faculty.ucr.edu/~tgirke/Workshops.htm	https://faculty.ucr.edu/~tgirke/Workshops.htm	text/html; charset=ISO-8859-1	Redirect	
http://eqtl.uchicago.edu/dsQTL_data/GENOTYPES/	404	3	301->https://eqtl.uchicago.edu:443/dsQTL_data/GENOTYPES/ | 301->https://giladlab.uchicago.edu/data/dsQTL_data/GENOTYPES/ | 301->https://www.giladlab.uchicago.edu/data/dsQTL_data/GENOTYPES/	https://www.giladlab.uchicago.edu/data/dsQTL_data/GENOTYPES/	text/html; charset=UTF-8		
http://gallery.rcpp.org/	200	1	301->https://gallery.rcpp.org/	https://gallery.rcpp.org/	text/html; charset=utf-8	Rcpp Gallery	
http://genomics.jhu.edu/hopkinsworkshop/index.html	DNS_FAIL	0					
http://genomebiology.biomedcentral.com/articles/10.1186/s13059-015-0844-5	301	0				301 Moved Permanently	
http://faculty.ucr.edu/~tgirke/HTML_Presentations/Manuals/Rngsapps/chipseqBioc2012/Rchipseq.pdf	200	1	302->https://faculty.ucr.edu/~tgirke/HTML_Presentations/Manuals/Rngsapps/chipseqBioc2012/Rchipseq.pdf	https://faculty.ucr.edu/~tgirke/HTML_Presentations/Manuals/Rngsapps/chipseqBioc2012/Rchipseq.pdf	application/pdf		
http://genomics.jhu.edu/workshop.html	DNS_FAIL	0					
http://genomebiology.com/2002/3/12/research/0088.1	404	0			text/html	Application Unavailable | Springer Nature	
http://genomebiology.com/2004/5/10/r80	404	0			text/html	Application Unavailable | Springer Nature	
http://gentleman.fhcrc.org	DNS_FAIL	0					
http://genomebiology.com/2006/7/7/R66/abstract	404	0			text/html	Application Unavailable | Springer Nature	
http://gehlenborg.com/	200	1	302->https://hidivelab.org	https://hidivelab.org	text/html	HIDIVE Lab | HIDIVE Lab	
http://f1000research.com/channels/bioconductor	200	1	301->https://f1000research.com/channels/bioconductor	https://f1000research.com/channels/bioconductor	text/html;charset=UTF-8		
http://genomicsclass.github.io/book/	200	1	301->https://genomicsclass.github.io/book/	https://genomicsclass.github.io/book/	text/html; charset=utf-8	PH525x series - Biomedical Data Science	
http://guangchuangyu.github.io/2015/02/kegg-enrichment-analysis-with-latest-online-data-using-clusterprofiler/	200	0			text/html; charset=utf-8	KEGG enrichment analysis with latest online data using clusterProfiler	
http://guangchuangyu.github.io/2016/01/annotate-a-phylogenetic-tree-with-insets/	200	0			text/html; charset=utf-8	Annotate a phylogenetic tree with insets	
http://hopkinsworkshop.org/index.html	DNS_FAIL	0					
http://gosling-lang.org/	200	1	301->https://gosling-lang.org/	https://gosling-lang.org/	text/html	Home | Gosling	
http://helenalc.github.io/	200	1	301->https://helenalc.github.io/	https://helenalc.github.io/	text/html; charset=utf-8	HLC	
http://kasperdanielhansen.github.io/genbioconductor/	200	0			text/html; charset=utf-8		
http://github.com/hyounesy/bioc2016.visrseq	200	1	301->https://github.com/hyounesy/bioc2016.visrseq	https://github.com/hyounesy/bioc2016.visrseq	text/html; charset=utf-8		
http://github.com/mikelove/bioc2016eda	200	1	301->https://github.com/mikelove/bioc2016eda	https://github.com/mikelove/bioc2016eda	text/html; charset=utf-8		
http://github.com/epurdom/clusterExperiment	200	1	301->https://github.com/epurdom/clusterExperiment	https://github.com/epurdom/clusterExperiment	text/html; charset=utf-8		
http://goo.gl/dWMfkw	200	2	301->https://goo.gl/dWMfkw | 302->https://docs.google.com/document/d/1LwlMeq3FpfYO-riVhiLvuMkBSY8fp_W1utgmv1hpVpU/edit?usp=sharing	https://docs.google.com/document/d/1LwlMeq3FpfYO-riVhiLvuMkBSY8fp_W1utgmv1hpVpU/edit?usp=sharing			
http://ga4gh.org/	200	2	301->https://ga4gh.org/ | 301->https://www.ga4gh.org/	https://www.ga4gh.org/	text/html; charset=UTF-8	GA4GH	
http://kb.mozillazine.org/Thunderbird_:_FAQs_:_RSS_Basics	200	0					
http://kbroman.org/	200	1	301->https://kbroman.org/	https://kbroman.org/	text/html; charset=utf-8	Karl Broman	
http://lcolladotor.github.io/derfinder/	200	0			text/html; charset=utf-8	Annotation-agnostic differential expression analysis of RNA-seq data at base-pair resolution via the DER Finder approach • derfinder	
http://lab.foundation/	200	0					
http://leekgroup.github.io/derfinderHelper/	200	0			text/html; charset=utf-8	derfinder helper package • derfinderHelper	
http://leekgroup.github.io/derfinderPlot/	200	0			text/html; charset=utf-8	Plotting functions for derfinder • derfinderPlot	
http://goo.gl/forms/NOi0dz8Wmx	200	3	301->https://goo.gl/forms/NOi0dz8Wmx | 302->https://docs.google.com/forms/d/116pXLOexqz8CKOWyBFMR4VhmuG1_51xppfPGUozMx-M/viewform?c=0&w=1&usp=send_form | 301->https://docs.google.com/forms/d/e/1FAIpQLSc5Ity-SCqUdlgTa7xtmgLnKfnumJFzIkkvW7ojGCmwZEqHQg/viewform?c=0&w=1&usp=send_form	https://docs.google.com/forms/d/e/1FAIpQLSc5Ity-SCqUdlgTa7xtmgLnKfnumJFzIkkvW7ojGCmwZEqHQg/viewform?c=0&w=1&usp=send_form	text/html; charset=utf-8		
http://leekgroup.github.io/derfinderData/	200	1	301->https://leekgroup.github.io/derfinderData/	https://leekgroup.github.io/derfinderData/	text/html; charset=utf-8	Processed BigWigs from BrainSpan for examples • derfinderData	
http://localhost:8787	CONN_ERROR	0					
http://journal.r-project.org/archive/2011-1/RJournal_2011-1_Wickham.pdf	404	1	301->https://journal.r-project.org/news/RJ-2011-1-RJournal_2011-1_Wickham/RJ-2011-1-RJournal_2011-1_Wickham.pdf	https://journal.r-project.org/news/RJ-2011-1-RJournal_2011-1_Wickham/RJ-2011-1-RJournal_2011-1_Wickham.pdf	text/html; charset=utf-8	Object not found!	
http://leekgroup.github.io/recount/	200	0			text/html; charset=utf-8	Explore and download data from the recount project • recount	
http://lieberinstitute.github.io/recount-brain/	200	1	301->http://research.libd.org/recount-brain/	http://research.libd.org/recount-brain/	text/html; charset=utf-8		
http://liftr.me	200	1	301->https://liftr.me/	https://liftr.me/	text/html; charset=utf-8	Containerize R Markdown Documents for Continuous Reproducibility • liftr	
http://libcxx.llvm.org/	200	1	302->https://libcxx.llvm.org/	https://libcxx.llvm.org/	text/html	“libc++” C++ Standard Library &#8212; libc++ documentation	
http://marray.economia.unimi.it/	DNS_FAIL	0					
http://marray.economia.unimi.it/2005/	DNS_FAIL	0					
http://marray.economia.unimi.it/2006/	DNS_FAIL	0					
http://huttenhower.sph.harvard.edu/	200	2	302->https://huttenhower.sph.harvard.edu/ | 301->https://huttenhower.sph.harvard.edu/home	https://huttenhower.sph.harvard.edu/home	text/html; charset=UTF-8		
http://lldb.llvm.org/	200	1	302->https://lldb.llvm.org/	https://lldb.llvm.org/	text/html	🐛 LLDB	
http://manuals.bioinformatics.ucr.edu/workshops	TLS_ERROR	1	301->https://manuals.bioinformatics.ucr.edu/workshops	https://manuals.bioinformatics.ucr.edu/workshops			
http://marray.economia.unimi.it/2009/	DNS_FAIL	0					
http://marray.economia.unimi.it/2010/	DNS_FAIL	0					
http://marray.economia.unimi.it/2011/	DNS_FAIL	0					
http://lldb.llvm.org/status.html	404	1	302->https://lldb.llvm.org/status.html	https://lldb.llvm.org/status.html	text/html; charset=iso-8859-1	404 Not Found	
http://marray.economia.unimi.it/2008/	DNS_FAIL	0					
http://marray.economia.unimi.it/2007/	DNS_FAIL	0					
http://marray.economia.unimi.it/2012/	DNS_FAIL	0					
http://lldb.llvm.org/lldb-gdb.html	200	2	302->https://lldb.llvm.org/lldb-gdb.html | 301->https://lldb.llvm.org/use/map.html	https://lldb.llvm.org/use/map.html	text/html		
http://mc-stan.org	200	1	301->https://mc-stan.org/	https://mc-stan.org/	text/html; charset=utf-8	Stan	
http://mc-stan.org/	200	1	301->https://mc-stan.org/	https://mc-stan.org/	text/html; charset=utf-8	Stan	
http://meta-x.com/advancesbioinformatics/	200	0			text/html		
http://mc-stan.org/interfaces/rstan.html	200	1	301->https://mc-stan.org/interfaces/rstan.html	https://mc-stan.org/interfaces/rstan.html	text/html; charset=utf-8	Redirect	
http://mikelove.github.io/biocrnaseq/	404	1	301->https://mikelove.github.io/biocrnaseq/	https://mikelove.github.io/biocrnaseq/	text/html; charset=utf-8		
http://mikelove.github.io/bioc2016	200	1	301->http://mikelove.github.io/bioc2016/	http://mikelove.github.io/bioc2016/	text/html; charset=utf-8	Michael Love - Bioc2016	
http://permalink.gmane.org/gmane.science.biology.informatics.conductor/44745	DNS_FAIL	0					
http://permalink.gmane.org/gmane.science.biology.informatics.conductor/48534	DNS_FAIL	0					
http://mengnote.blogspot.de/2012/12/calculate-correct-hypergeometric-p.html	200	1	302->http://mengnote.blogspot.com/2012/12/calculate-correct-hypergeometric-p.html	http://mengnote.blogspot.com/2012/12/calculate-correct-hypergeometric-p.html	text/html; charset=UTF-8	Meng's Notes: Simple Enrichment Test -- calculate hypergeometric p-values in R	
http://med.stanford.edu/irt/about/maps-directions.html	200	1	301->https://med.stanford.edu:443/irt/about/maps-directions.html	https://med.stanford.edu:443/irt/about/maps-directions.html	text/html;charset=utf-8	Maps &amp; Directions - Information Resources &amp; Technology (IRT) - Stanford University School of Medicine | Technology &amp; Digital Solutions | Stanford Me	
http://preview.data.humancellatlas.org/	DNS_FAIL	0					
http://odin.mdacc.tmc.edu/~wwang7/	200	1	302->https://odin.mdacc.tmc.edu/~wwang7/	https://odin.mdacc.tmc.edu/~wwang7/	text/html; charset=UTF-8	Welcome to Wenyi Wang's home page	
http://pcottle.github.io/learnGitBranching/	200	2	301->http://learngitbranching.js.org/ | 301->https://learngitbranching.js.org/	https://learngitbranching.js.org/	text/html; charset=utf-8	Learn Git Branching	
http://ndexbio.org/	200	2	301->https://ndexbio.org/ | 301->https://www.ndexbio.org/	https://www.ndexbio.org/	text/html; charset=UTF-8	NDEx 3	
http://rana.lbl.gov/EisenSoftware.htm	DNS_FAIL	0					
http://ncg.kcl.ac.uk	200	1	301->http://network-cancer-genes.org	http://network-cancer-genes.org	text/html; charset=UTF-8	Network of Cancer Genes Home	
http://r-pkgs.had.co.nz/tests.html	200	1	301->https://r-pkgs.org/tests.html	https://r-pkgs.org/tests.html	text/html; charset=utf-8		
http://r-pkgs.had.co.nz/git.html	200	1	301->https://r-pkgs.org/git.html	https://r-pkgs.org/git.html	text/html; charset=utf-8		
http://r.research.att.com/	200	1	301->https://mac.R-project.org/	https://mac.R-project.org/	text/html	R for macOS Developers	
http://peterhickey.org/bioc2016-lightning-talk.html	404	2	301->https://peterhickey.org/bioc2016-lightning-talk.html | 301->https://www.peterhickey.org/bioc2016-lightning-talk.html	https://www.peterhickey.org/bioc2016-lightning-talk.html	text/html; charset=utf-8	404 Page not found | Peter Hickey	
http://rafalab.dfci.harvard.edu/	200	0			text/html; charset=utf-8	rafalab	
http://rbioc.net.technion.ac.il/	CONN_ERROR	0					
http://pgfe.umassmed.edu/ChIPpeakAnno/FAQ.html	404	1	302->https://pgfe.umassmed.edu/ChIPpeakAnno/FAQ.html	https://pgfe.umassmed.edu/ChIPpeakAnno/FAQ.html	text/html; charset=iso-8859-1	404 Not Found	
http://research.libd.org/recountWorkshop/	200	0			text/html; charset=utf-8		
http://research-pub.gene.com/IMvigor210CoreBiologies/	200	0			text/html	TGF-b attenuates tumor response to PD-L1 blockade by contributing to exclusion of T cells	
http://research.libd.org/spatialDLPFC/	200	0			text/html; charset=utf-8		
http://rmarkdown.rstudio.com/	200	1	301->https://rmarkdown.rstudio.com/	https://rmarkdown.rstudio.com/	text/html; charset=UTF-8	R Markdown	
http://rtcga.github.io/RTCGA/BioC2016	404	0			text/html; charset=utf-8	Page not found &middot; GitHub Pages	
http://s3.amazonaws.com/bioconductor-mapreduce-example/mapper-emr.R	404	0			application/xml		
http://s3.amazonaws.com/bioconductor-mapreduce-example/reducer-emr.R	404	0			application/xml		
http://rpubs.com/calablareau/191758	200	1	302->https://rpubs.com:443/calablareau/191758	https://rpubs.com:443/calablareau/191758	text/html; charset=utf-8		
http://rpubs.com/seandavi/bioc2016_gadgets	200	1	302->https://rpubs.com:443/seandavi/bioc2016_gadgets	https://rpubs.com:443/seandavi/bioc2016_gadgets	text/html; charset=utf-8	RPubs - Introduction to Shiny Gadgets in 15 minutes	
http://rpubs.com/lwaldron/bioc2014	200	1	302->https://rpubs.com:443/lwaldron/bioc2014	https://rpubs.com:443/lwaldron/bioc2014	text/html; charset=utf-8	RPubs - Meta-analysis for genomic data	
http://rmarkdown.rstudio.com/authoring_pandoc_markdown.html	200	2	301->https://rmarkdown.rstudio.com/authoring_pandoc_markdown.html | 301->https://pandoc.org/MANUAL.html#pandocs-markdown	https://pandoc.org/MANUAL.html#pandocs-markdown	text/html		
http://derisilab.ucsf.edu/QB3/	TIMEOUT	0					
http://simplystatistics.org/2015/05/20/is-it-species-or-is-it-batch-they-are-confounded-so-we-cant-know/	404	1	301->https://simplystatistics.org/2015/05/20/is-it-species-or-is-it-batch-they-are-confounded-so-we-cant-know/	https://simplystatistics.org/2015/05/20/is-it-species-or-is-it-batch-they-are-confounded-so-we-cant-know/	text/html; charset=utf-8	Page not found &middot; GitHub Pages	
http://satijalab.org/	200	1	301->https://satijalab.org/	https://satijalab.org/	text/html; charset=UTF-8	Satija Lab	
http://rostlab.org/cms/cloudstat2011/	301	1	308->https://rostlab.org/cms/cloudstat2011/	https://rostlab.org/cms/cloudstat2011/			
http://pyunit.sourceforge.net	200	1	301->https://pyunit.sourceforge.net/	https://pyunit.sourceforge.net/	text/html	PyUnit - the standard unit testing framework for Python	
http://s3tools.org/s3cmd	200	1	301->https://s3tools.org/s3cmd	https://s3tools.org/s3cmd	text/html; charset=iso-8859-1	Amazon S3 Tools: Command Line S3 Client and S3 Backup for Windows, Linux: s3cmd, s3express	
http://scholar.google.com/scholar?q=bioconductor&btnG=Search	200	1	302->https://scholar.google.com/scholar?q=bioconductor&btnG=Search	https://scholar.google.com/scholar?q=bioconductor&btnG=Search	text/html; charset=ISO-8859-1		
http://shiny.rstudio.com/	200	2	301->https://shiny.rstudio.com/ | 301->https://shiny.posit.co/	https://shiny.posit.co/	text/html; charset=UTF-8	Shiny	
http://snaptron.cs.jhu.edu/data/temp/recount3test	308	0					
http://sourceforge.net/mailarchive/message.php?msg_id=30106560	404	0			text/html; charset=utf-8	Page not found - SourceForge.net	
http://star.mit.edu/cluster/	200	0			text/html	STAR: Cluster - Home	
http://sites.google.com/site/bcbostoned/	200	4	301->https://sites.google.com/site/bcbostoned/ | 302->https://accounts.google.com/ServiceLogin?passive=1209600&osid=1&continue=https://sites.google.com/site/bcbostoned/&followup=https://sites.google.com/site/bcbostoned/ | 302->https://accounts.google.com/InteractiveLogin?continue=https://sites.google.com/site/bcbostoned/&followup=https://sites.google.com/site/bcbostoned/&osid=1&passive=1209600&dsh=S1947623413:1785030712922103 | 302->https://accounts.google.com/v3/signin/identifier?continue=https%3A%2F%2Fsites.google.com%2Fsite%2Fbcbostoned%2F&dsh=S1947623413%3A1785030712922103&followup=https%3	https://accounts.google.com/v3/signin/identifier?continue=https%3A%2F%2Fsites.google.com%2Fsite%2Fbcbostoned%2F&dsh=S1947623413%3A1785030712922103&followup=https%3A%2F%2Fsites.google.com%2Fsite%2Fbcbostoned%2F&osid=1&passive=1209600&flowName=WebLiteSignIn&flowEntry=ServiceLogin&ifkv=Ac50bxuMI31ji1-slljYQ0NjBIw1kVYe1KKmmKXxvXpBHN8GyHblEFCR3DBrmP9C5DbPr9IjqEI0	text/html; charset=utf-8		
http://stackoverflow.com/questions/30428860/proper-use-of-optional-package-features-and-dependencies	200	1	301->https://stackoverflow.com/questions/30428860/proper-use-of-optional-package-features-and-dependencies	https://stackoverflow.com/questions/30428860/proper-use-of-optional-package-features-and-dependencies	text/html; charset=utf-8		
http://star.mit.edu/cluster/docs/latest/installation.html	200	0			text/html	Installing StarCluster &mdash; StarCluster 0.95.6 documentation	
http://stat2016.china-r.org/en/	DNS_FAIL	0					
http://search.barnesandnoble.com/booksearch/isbnInquiry.asp?userid=lp2kv3JChI&amp;isbn=0387251464	200	1	301->https://www.barnesandnoble.com/	https://www.barnesandnoble.com/	text/html		
http://tengfei.github.com/ggbio	DNS_FAIL	0					
http://stackoverflow.com/a/35838861/2792099	200	2	301->https://stackoverflow.com/a/35838861/2792099 | 302->/questions/35828450/getting-values-from-histogram-with-image/35838861#35838861	https://stackoverflow.com/questions/35828450/getting-values-from-histogram-with-image/35838861#35838861	text/html; charset=utf-8		
http://star.mit.edu/cluster/docs/latest/manual/configuration.html	200	0			text/html	Configuration File &mdash; StarCluster 0.95.6 documentation	
http://user2014.stat.ucla.edu/	DNS_FAIL	0					
http://star.mit.edu/cluster/docs/latest/quickstart.html	200	0			text/html	Quick-Start &mdash; StarCluster 0.95.6 documentation	
http://twitter.com/mikelove	520	0			text/html; charset=UTF-8	twitter.com | 520: Web server is returning an unknown error	
http://sco.h-its.org/exelixis/web/software/raxml/hands_on.html	200	2	301->https://sco.h-its.org/exelixis/web/software/raxml/hands_on.html | 301->https://cme.h-its.org/exelixis/web/software/raxml/hands_on.html	https://cme.h-its.org/exelixis/web/software/raxml/hands_on.html	text/html	The Exelixis Lab	
http://visrseq.github.io/	200	0			text/html; charset=utf-8		
http://user2016.org/	200	1	308->https://user2016.org/	https://user2016.org/	text/html	User 2016	
http://tinyurl.com/BioC2013-AnnotationHub	200	1	301->https://docs.google.com/presentation/d/1hACv-1fzSg7EzFA118NqOOdprg9yG3QXpnf0fCtUCoI/pub?start=false&loop=false&delayms=3000	https://docs.google.com/presentation/d/1hACv-1fzSg7EzFA118NqOOdprg9yG3QXpnf0fCtUCoI/pub?start=false&loop=false&delayms=3000	text/html; charset=utf-8		
http://valgrind.org/	200	1	301->https://valgrind.org/	https://valgrind.org/	text/html; charset=UTF-8	Valgrind Home	
http://watson.nci.nih.gov/~sdavis/tutorials/	DNS_FAIL	0					
http://valgrind.org/docs/manual/mc-manual.html	200	1	301->https://valgrind.org/docs/manual/mc-manual.html	https://valgrind.org/docs/manual/mc-manual.html	text/html; charset=UTF-8		
http://vimeo.com/11937905	200	1	301->https://vimeo.com/11937905	https://vimeo.com/11937905	text/html;charset=UTF-8	Using gdb to debug R packages with native code	
http://weka.wikispaces.com/Where+is+my+home+directory+located%3F	DNS_FAIL	0					
http://wiki.biostat.berkeley.edu/~bullard/courses/T-mexico-08/	DNS_FAIL	0					
http://user2015.math.aau.dk/	200	1	301->https://user2015.math.aau.dk/	https://user2015.math.aau.dk/	text/html	useR! 2015 Aalborg	
http://wiki.fhcrc.org/bioc/Lausanne_Dev_Meeting_2007	DNS_FAIL	0					
http://users.unimi.it/marray/2011/	404	1	301->https://sites.unimi.it/marray/2011/	https://sites.unimi.it/marray/2011/	text/html	ERROR 404 - Not Found!	
http://wiki.fhcrc.org/bioc/Lausanne_Dev_Meeting_2008	DNS_FAIL	0					
http://wiki.fhcrc.org/bioc/Seattle_Dev_Meeting_2012	DNS_FAIL	0					
http://smodia2015.cipf.es/	200	2	301->https://cloud.cipf.es/ | 302->https://cloud.cipf.es/index.php/login	https://cloud.cipf.es/index.php/login	text/html; charset=UTF-8	Login – CIPF CLOUD	
http://waldronlab.io/	200	1	301->https://waldronlab.io/	https://waldronlab.io/	text/html; charset=utf-8	Waldron Lab - Waldron Lab	
http://sta.uwi.edu/fsa/dms/highthroughput_schedule.asp	404	1	301->https://sta.uwi.edu/fsa/dms/highthroughput_schedule.asp	https://sta.uwi.edu/fsa/dms/highthroughput_schedule.asp	text/html; charset=UTF-8	Page not found - The University of the West Indies	
http://www-huber.embl.de/BiocEurope/	302	0					
http://www-huber.embl.de/BiocEurope	302	0					
http://www-huber.embl.de/biocdeveleurope2010/	302	0					
http://www-lmc.imag.fr/lmc-sms/Anestis.Antoniadis/	DNS_FAIL	0					
http://www-genome.wi.mit.edu/cancer/software/software.html	404	2	301->http://wi.mit.edu/cancer/software/software.html | 301->https://wi.mit.edu/cancer/software/software.html	https://wi.mit.edu/cancer/software/software.html	text/html; charset=UTF-8	Page not found | Whitehead Institute	
http://web.expasy.org/peptide_cutter/peptidecutter_enzymes.html	200	1	301->https://web.expasy.org/peptide_cutter/peptidecutter_enzymes.html	https://web.expasy.org/peptide_cutter/peptidecutter_enzymes.html	text/html; charset=UTF-8	Expasy PeptideCutter tool: available enzymes	
http://cran.fhcrc.org/sources.html	TIMEOUT	0					
http://cran.fhcrc.org/bin/windows/base/rtest.html	TIMEOUT	0					
http://cran.fhcrc.org/src/base-prerelease/	TIMEOUT	0					
http://winscp.net/eng/index.php	200	1	301->https://winscp.net/eng/index.php	https://winscp.net/eng/index.php	text/html; charset=UTF-8	WinSCP :: Official Site :: Free SFTP and FTP client for Windows	
http://www-huber.embl.de/csama2015	302	0					
http://www-huber.embl.de/csama/	302	0					
http://www-huber.embl.de/csama	302	0					
http://www.abacbs.org/biocasia2016	200	1	301->https://www.abacbs.org/biocasia2016	https://www.abacbs.org/biocasia2016	text/html;charset=utf-8	bioCasia2016	
http://www.abacbs.org/biocasia2016workshop	200	1	301->https://www.abacbs.org/biocasia2016workshop	https://www.abacbs.org/biocasia2016workshop	text/html;charset=utf-8	bioCasia2016workshop	
http://www.amazon.com/	200	1	301->https://www.amazon.com/	https://www.amazon.com/	text/html;charset=UTF-8		
http://www.amazon.com/Bioconductor-Case-Studies-Use-R/dp/0387772391/ref=sr_1_1?ie=UTF8&s=books&qid=1212092348&sr=1-1	200	1	301->https://www.amazon.com/Bioconductor-Case-Studies-Use-R/dp/0387772391/ref=sr_1_1?ie=UTF8&s=books&qid=1212092348&sr=1-1	https://www.amazon.com/Bioconductor-Case-Studies-Use-R/dp/0387772391/ref=sr_1_1?ie=UTF8&s=books&qid=1212092348&sr=1-1	text/html;charset=UTF-8		
http://www.bio.ri.ccf.org/ASA/FallWorkshopAnnouncementFinal_20130628.pdf	DNS_FAIL	0					
http://www.bioinformatica.unito.it/RNAseq.course.html	DNS_FAIL	0					
http://www.bioinformatica.unito.it/exon.array.course.html	DNS_FAIL	0					
http://www.amazon.com/Programming-Bioinformatics-Chapman-Computer-Analysis/dp/1420063677	200	1	301->https://www.amazon.com/Programming-Bioinformatics-Chapman-Computer-Analysis/dp/1420063677	https://www.amazon.com/Programming-Bioinformatics-Chapman-Computer-Analysis/dp/1420063677	text/html;charset=UTF-8		
http://www.bio-complexity.com/QUBsscb14/Home.html	404	0			text/html	This Page Does Not Exist	
http://www-huber.embl.de/users/whuber/.talks/130718-seattle-huber.pdf	302	0					
http://www-huber.embl.de/users/whuber/.talks/130718-seattle-huber.key	302	0					
http://www.bepress.com/sagmb/vol3/iss1/art3/	200	1	301->https://www.elsevier.com/products/digital-commons	https://www.elsevier.com/products/digital-commons	text/html; charset=utf-8		
http://www.bepress.com/bioconductor/paper10/	200	1	301->https://www.elsevier.com/products/digital-commons	https://www.elsevier.com/products/digital-commons	text/html; charset=utf-8		
http://www.1000genomes.org/	200	2	301->http://www.internationalgenome.org/ | 301->https://www.internationalgenome.org:443/	https://www.internationalgenome.org:443/		1000 Genomes | A Deep Catalog of Human Genetic Variation	
http://www.boost.org/	200	1	301->https://www.boost.org/	https://www.boost.org/		Boost	
http://www.allthingsrss.com/rss2email/	301	1	301->https://www.allthingsrss.com/rss2email/	https://www.allthingsrss.com/rss2email/	text/html; charset=UTF-8		
http://www.biostat.harvard.edu/%7Ecarey/bos05formal.html	200	3	302->https://www.hsph.harvard.edu/ | 301->http://hsph.harvard.edu | 301->https://hsph.harvard.edu/	https://hsph.harvard.edu/	text/html; charset=UTF-8		
http://www.biostat.harvard.edu/%7Ecarey	200	3	302->https://www.hsph.harvard.edu/ | 301->http://hsph.harvard.edu | 301->https://hsph.harvard.edu/	https://hsph.harvard.edu/	text/html; charset=UTF-8		
http://www.biostat.jhsph.edu/%7Eririzarr	403	1	301->https://www.biostat.jhsph.edu/~ririzarr	https://www.biostat.jhsph.edu/~ririzarr	text/html; charset=iso-8859-1	403 Forbidden	
http://www.biostat.jhsph.edu/~ririzarr/	403	1	301->https://www.biostat.jhsph.edu/~ririzarr/	https://www.biostat.jhsph.edu/~ririzarr/	text/html; charset=iso-8859-1	403 Forbidden	
http://www.biostat.jhsph.edu/~khansen/	403	1	301->https://www.biostat.jhsph.edu/~khansen/	https://www.biostat.jhsph.edu/~khansen/	text/html; charset=iso-8859-1	403 Forbidden	
http://www.biostat.harvard.edu/%7Ecarey/bos08bct/bosMar08.html	200	3	302->https://www.hsph.harvard.edu/ | 301->http://hsph.harvard.edu | 301->https://hsph.harvard.edu/	https://hsph.harvard.edu/	text/html; charset=UTF-8		
http://loco.biosci.arizona.edu/r8s/	TIMEOUT	0					
http://www.cbioportal.org/	404	0			text/plain; charset=utf-8		
http://www.biostat.ucsf.edu/jean/Presentation/Stockholm/	200	2	302->http://regression.ucsf.edu | 301->https://regression.ucsf.edu/	https://regression.ucsf.edu/	text/html; charset=UTF-8	Regression Methods in Biostatistics	
http://www.cbioportal.org/public-portal/	404	0			text/plain; charset=utf-8		
http://www.crick.ac.uk/news/events/2013/09/03/intel-crick-ngs-workshop/	403	1	301->https://www.crick.ac.uk/news/events/2013/09/03/intel-crick-ngs-workshop/	https://www.crick.ac.uk/news/events/2013/09/03/intel-crick-ngs-workshop/	text/html	ERROR: The request could not be satisfied	
http://www.cplusplus.com/reference/map/map/end/	200	2	301->https://www.cplusplus.com/reference/map/map/end/ | 301->https://cplusplus.com/reference/map/map/end/	https://cplusplus.com/reference/map/map/end/	text/html; charset=utf-8		
http://www.cplusplus.com/reference/vector/vector/erase/	200	2	301->https://www.cplusplus.com/reference/vector/vector/erase/ | 301->https://cplusplus.com/reference/vector/vector/erase/	https://cplusplus.com/reference/vector/vector/erase/	text/html; charset=utf-8		
http://www.cplusplus.com/reference/vector/vector/insert/	200	2	301->https://www.cplusplus.com/reference/vector/vector/insert/ | 301->https://cplusplus.com/reference/vector/vector/insert/	https://cplusplus.com/reference/vector/vector/insert/	text/html; charset=utf-8		
http://www.cygwin.com/	200	1	302->https://cygwin.com/	https://cygwin.com/	text/html; charset=UTF-8	Cygwin	
http://www.daedtech.com/addicted-to-unit-testing	200	1	301->http://daedtech.com/addicted-to-unit-testing/	http://daedtech.com/addicted-to-unit-testing/	text/html; charset=UTF-8		
http://www.crcpress.com/product/isbn/9781420063677	200	2	301->https://www.routledge.com/product/isbn/9781420063677 | 301->https://www.routledge.com/R-Programming-for-Bioinformatics/Gentleman/p/book/9781420063677	https://www.routledge.com/R-Programming-for-Bioinformatics/Gentleman/p/book/9781420063677	text/html; charset=UTF-8		
http://www.cvb-heidelberg.de	TLS_ERROR	3	307->https://www.cvb-heidelberg.de/ | 307->https://cvb-heidelberg.de | 307->https://fdtvo.com/?di=466cfa1b-9add-4f74-b768-12aa813fa127	https://fdtvo.com/?di=466cfa1b-9add-4f74-b768-12aa813fa127			
http://www.chiark.greenend.org.uk/~sgtatham/putty/	200	1	301->https://www.chiark.greenend.org.uk/~sgtatham/putty/	https://www.chiark.greenend.org.uk/~sgtatham/putty/	text/html	PuTTY: a free SSH and Telnet client	
http://www.dixa-fp7.eu/news/dixa-microarray-training	503	2	302->https://nicsell.com/domain/www.dixa-fp7.eu | 302->http://nicsell.com/en/domain/www.dixa-fp7.eu	http://nicsell.com/en/domain/www.dixa-fp7.eu	text/html; charset=UTF-8	Notification: Policy: Destination	
http://www.dixa-fp7.eu/dixa-training/dixa-training-agenda/microarray-analysis-icl/	503	2	302->https://nicsell.com/domain/www.dixa-fp7.eu | 302->http://nicsell.com/en/domain/www.dixa-fp7.eu	http://nicsell.com/en/domain/www.dixa-fp7.eu	text/html; charset=UTF-8	Notification: Policy: Destination	
http://www.csc.fi/english/csc/courses/archive/bioconductor2012	404	2	301->https://www.csc.fi/english/csc/courses/archive/bioconductor2012 | 301->https://csc.fi/english/csc/courses/archive/bioconductor2012	https://csc.fi/english/csc/courses/archive/bioconductor2012	text/html; charset=UTF-8	Sivua ei löytynyt - CSC	
http://www.dkfz-heidelberg.de/ibios_old/people/brors	404	1	301->https://www.dkfz.de/ibios_old/people/brors	https://www.dkfz.de/ibios_old/people/brors	text/html; charset=utf-8		
http://www.dx.doi.org/10.15252/msb.20145776	302	1	301->https://doi.org/10.15252/msb.20145776	https://doi.org/10.15252/msb.20145776	text/html;charset=utf-8	Handle Redirect	
http://www.dkfz.de/abt0840	404	1	301->https://www.dkfz.de/abt0840	https://www.dkfz.de/abt0840	text/html; charset=utf-8		
http://www.ebi.ac.uk/biomodels-main/	DNS_FAIL	1	301->https://biomodels.org-main/	https://biomodels.org-main/			
http://www.dkfz.de/abt0840/whuber	404	1	301->https://www.dkfz.de/abt0840/whuber	https://www.dkfz.de/abt0840/whuber	text/html; charset=utf-8		
http://www.ebi.ac.uk/huber	302	1	301->http://www.huber.embl.de/ebi-tools/	http://www.huber.embl.de/ebi-tools/			
http://www.e-publications.org/ims/submission/STS/user/submissionFile/16331?confirm=d92def1e	200	1	301->https://www.e-publications.org/ims/submission/STS/user/submissionFile/16331?confirm=d92def1e	https://www.e-publications.org/ims/submission/STS/user/submissionFile/16331?confirm=d92def1e	application/force-download		
http://www.ebi.ac.uk/huber/	302	1	301->http://www.huber.embl.de/ebi-tools/	http://www.huber.embl.de/ebi-tools/			
http://www.dkfz.de/biostatistics	404	1	301->https://www.dkfz.de/biostatistics	https://www.dkfz.de/biostatistics	text/html; charset=utf-8		
http://tagc.univ-mrs.fr/mged6/	TIMEOUT	0					
http://www.dkfz.de/biostatistics/benner.html	404	1	301->https://www.dkfz.de/biostatistics/benner.html	https://www.dkfz.de/biostatistics/benner.html	text/html; charset=utf-8		
http://www.dkfz.de/ibios	404	1	301->https://www.dkfz.de/ibios	https://www.dkfz.de/ibios	text/html; charset=utf-8		
http://webclu.bio.wzw.tum.de/profcom/gene_Lists/example1.txt	TIMEOUT	0					
http://www.ebi.ac.uk/industry/Workshops/CheminformaticsR170510.html	404	1	301->https://www.ebi.ac.uk/industry/Workshops/CheminformaticsR170510.html	https://www.ebi.ac.uk/industry/Workshops/CheminformaticsR170510.html	text/html; charset=UTF-8	Page not found &#8211; EMBL-EBI Industry partnerships	
http://www.ebi.ac.uk/training/course/Bio_NGS2015	200	1	301->https://www.ebi.ac.uk/training/course/Bio_NGS2015	https://www.ebi.ac.uk/training/course/Bio_NGS2015	text/html; charset=UTF-8	EMBL-EBI Training	
http://www.ebi.ac.uk/training/course/RNA2015	200	1	301->https://www.ebi.ac.uk/training/course/RNA2015	https://www.ebi.ac.uk/training/course/RNA2015	text/html; charset=UTF-8	EMBL-EBI Training	
http://www.ebi.ac.uk/training/course/embo-practical-course-analysis-high-throughput-sequencing-data-0	200	1	301->https://www.ebi.ac.uk/training/course/embo-practical-course-analysis-high-throughput-sequencing-data-0	https://www.ebi.ac.uk/training/course/embo-practical-course-analysis-high-throughput-sequencing-data-0	text/html; charset=UTF-8	EMBL-EBI Training	
http://www.edii.uclm.es/~useR-2013/	DNS_FAIL	0					
http://cran.fhcrc.org/src/base-prerelease/R-latest.tar.gz	TIMEOUT	0					
http://www.embl.de/research/units/genome_biology/huber/	302	0					
http://www.ebi.ac.uk/microarray/General/Events/EMBO2003/embo.html	200	3	301->https://www.ebi.ac.uk/microarray/General/Events/EMBO2003/embo.html | 301->/arrayexpress/ | 302->https://www.ebi.ac.uk/biostudies/arrayexpress	https://www.ebi.ac.uk/biostudies/arrayexpress	text/html;charset=UTF-8	ArrayExpress < BioStudies &lt; EMBL-EBI	
http://www.embl.de/training/courses_conferences/course/2010/SEQ10-01/index.html	302	0					
http://www.ebi.ac.uk/training/course/embo-practical-course-analysis-high-throughput-sequencing-data-1	200	1	301->https://www.ebi.ac.uk/training/course/embo-practical-course-analysis-high-throughput-sequencing-data-1	https://www.ebi.ac.uk/training/course/embo-practical-course-analysis-high-throughput-sequencing-data-1	text/html; charset=UTF-8	EMBL-EBI Training	
http://www.biometrie.uni-heidelberg.de	TIMEOUT	0					
http://www.biometrie.uni-heidelberg.de/	TIMEOUT	0					
http://www.biometrie.uni-heidelberg.de/mitarbeiter/MansmannUlrich/home.htm	TIMEOUT	0					
http://www.embl.de/training/events/2011/RPD11-01/index.html	302	0					
http://www.embl.de/training/events/2011/SEQ11-01/	302	0					
http://www.fgcz.ch/Bioconductor2012	301	0					
http://www.fhcrc.org/en/contact-us/visit-us.html	301	1	301->https://www.fredhutch.org/en/contact-us/visit-us.html	https://www.fredhutch.org/en/contact-us/visit-us.html		301 Moved Permanently	
http://www.enar.org/2003-spring-program.pdf	404	1	307->https://www.enar.org/2003-spring-program.pdf	https://www.enar.org/2003-spring-program.pdf	text/html;charset=UTF-8	Eastern North American Region | Eastern North American Region	
http://www.genomeeting.com/	DNS_FAIL	0					
http://www.fruitfly.org/cgi-bin/ex/insitu.pl	500	1	301->https://www.fruitfly.org/cgi-bin/ex/insitu.pl	https://www.fruitfly.org/cgi-bin/ex/insitu.pl	text/html; charset=utf-8		
http://www.ebi.ac.uk/~pyl/h5vc	500	1	301->https://www.ebi.ac.uk/~pyl/h5vc	https://www.ebi.ac.uk/~pyl/h5vc	text/html	Error: 500 | EMBL’s European Bionformatics Institute	
http://www.eurac.edu/en/research/health/biomed/staff/Pages/staffdetails.aspx?persId=34084	404	2	308->https://www.eurac.edu/en/research/health/biomed/staff/Pages/staffdetails.aspx?persId=34084 | 308->/en/people/id/34084?persId=34084	https://www.eurac.edu/en/people/id/34084?persId=34084	text/html; charset=utf-8	Eurac Research	
http://www.catb.org/%7Eesr/faqs/smart-questions.html	TIMEOUT	0					
http://www.ebi.ac.uk/training/course/rnaseq-chipseq-data2013	200	1	301->https://www.ebi.ac.uk/training/course/rnaseq-chipseq-data2013	https://www.ebi.ac.uk/training/course/rnaseq-chipseq-data2013	text/html; charset=UTF-8	EMBL-EBI Training	
http://www.gnu.org/software/gdb/	200	0			text/html	GDB: The GNU Project Debugger	
http://www.gene.com/	200	1	301->https://www.gene.com/	https://www.gene.com/	text/html; charset=utf-8	Genentech	
http://www.ebi.ac.uk/training/handson/course_110228_AdvRNA.html	200	2	301->https://www.ebi.ac.uk/training/handson/course_110228_AdvRNA.html | 301->https://www.ebi.ac.uk/training/live-events?facets=type:Course+at+EMBL-EBI	https://www.ebi.ac.uk/training/live-events?facets=type:Course+at+EMBL-EBI	text/html; charset=UTF-8	EMBL-EBI Training	
http://www.genome.org/cgi/content/full/10/12/2022	404	2	301->http://genome.cshlp.org/cgi/content/full/10/12/2022 | 301->https://genome.cshlp.org/cgi/content/full/10/12/2022	https://genome.cshlp.org/cgi/content/full/10/12/2022	text/html; charset=UTF-8	Page not found | Genome Research	
http://www.ebi.ac.uk/training/handson/course_120502_RNA.html	200	2	301->https://www.ebi.ac.uk/training/handson/course_120502_RNA.html | 301->https://www.ebi.ac.uk/training/live-events?facets=type:Course+at+EMBL-EBI	https://www.ebi.ac.uk/training/live-events?facets=type:Course+at+EMBL-EBI	text/html; charset=UTF-8	EMBL-EBI Training	
http://www.ebi.ac.uk/training/handson/course_100131_bioconductor.html	200	2	301->https://www.ebi.ac.uk/training/handson/course_100131_bioconductor.html | 301->https://www.ebi.ac.uk/training/live-events?facets=type:Course+at+EMBL-EBI	https://www.ebi.ac.uk/training/live-events?facets=type:Course+at+EMBL-EBI	text/html; charset=UTF-8	EMBL-EBI Training	
http://www.dataprogrammers.net/embl_jan2015/	TIMEOUT	0					
http://www.economia.unimi.it/marray/	TIMEOUT	1	301->https://demm.unimi.it/marray/	https://demm.unimi.it/marray/			
http://www.economia.unimi.it/marray	404	1	301->https://demm.unimi.it/marray	https://demm.unimi.it/marray	text/html; charset=UTF-8		
http://www.godatabase.org/cgi-bin/amigo/go.cgi?view=details&amp;search_constraint=terms&amp;depth=0&amp;query=GO:0006664	TIMEOUT	0					
http://www.godatabase.org/cgi-bin/amigo/go.cgi?view=details&amp;search_constraint=terms&amp;depth=0&amp;query=GO:0006687	TIMEOUT	0					
http://www.godatabase.org/cgi-bin/amigo/go.cgi?view=details&amp;search_constraint=terms&amp;depth=0&amp;query=GO:0006952	TIMEOUT	0					
http://www.godatabase.org/cgi-bin/amigo/go.cgi?view=details&amp;search_constraint=terms&amp;depth=0&amp;query=GO:0030333	TIMEOUT	0					
http://www.godatabase.org/cgi-bin/amigo/go.cgi?view=details&amp;search_constraint=terms&amp;depth=0&amp;query=GO:0046456	TIMEOUT	0					
http://www.godatabase.org/cgi-bin/amigo/go.cgi?view=details&amp;search_constraint=terms&amp;depth=0&amp;query=GO:0050874	TIMEOUT	0					
http://www.godatabase.org/cgi-bin/amigo/go.cgi?view=details&amp;search_constraint=terms&amp;depth=0&amp;query=GO:0050896	TIMEOUT	0					
http://www.godatabase.org/cgi-bin/amigo/go.cgi?view=details&amp;search_constraint=terms&amp;depth=0&amp;query=GO:0051606	TIMEOUT	0					
http://www.godatabase.org/cgi-bin/amigo/go.cgi?view=details&amp;search_constraint=terms&amp;depth=0&amp;query=GO:0051707	TIMEOUT	0					
http://www.htslib.org/	200	0			text/html; charset=utf-8	Samtools	
http://www.htslib.org/doc/	200	0			text/html; charset=utf-8	Samtools - Documentation	
http://www.google.com/analytics/	200	1	301->https://marketingplatform.google.com/about/analytics/	https://marketingplatform.google.com/about/analytics/	text/html	Analytics Tools &amp; Solutions for Your Business - Google Analytics	
http://www.huber.embl.de/csama/programme/	302	0					
http://www.huber.embl.de/csama2016	302	0					
http://www.huber.embl.de/csama2016/	302	0					
http://www.huber.embl.de/csama2017/	302	0					
http://www.illumina.com/platinumgenomes/	403	1	301->https://www.illumina.com:443/platinumgenomes/	https://www.illumina.com:443/platinumgenomes/	text/html;charset=utf-8	Errors	
http://www.iscb.org/cms_addon/conferences/ismb2014/workshops.php	404	1	301->https://www.iscb.org/cms_addon/conferences/ismb2014/workshops.php	https://www.iscb.org/cms_addon/conferences/ismb2014/workshops.php	text/html; charset=utf-8	Error: 404	
http://www.jcvi.org/	200	2	301->https://www.jcvi.org// | 302->https://www.jcvi.org/	https://www.jcvi.org/	text/html; charset=UTF-8	JCVI Home Page | JCVI	
http://www.jsbi.org/giw-incob2015/satellites/BioconductorWorkshop.html	200	1	301->https://www.jsbi.org/giw-incob2015/satellites/BioconductorWorkshop.html	https://www.jsbi.org/giw-incob2015/satellites/BioconductorWorkshop.html	text/html	GIW/InCoB 2015 Workshop on Bioconductor for high-throughput sequence analysis	
http://www.junit.org	200	2	301->https://www.junit.org/ | 301->https://junit.org/	https://junit.org/	text/html; charset=utf-8	JUnit	
http://www.lcg.unam.mx/~compu2/cei/	404	1	302->https://www.lcg.unam.mx/~compu2/cei/	https://www.lcg.unam.mx/~compu2/cei/	text/html; charset=UTF-8	No se encontró la página &#8211; LCG UNAM	
http://www.kegg.jp/dbget-bin/www_bget?ko+ko00010	200	1	301->https://www.kegg.jp/dbget-bin/www_bget?ko+ko00010	https://www.kegg.jp/dbget-bin/www_bget?ko+ko00010	text/html; charset=utf-8	KEGG PATHWAY: ko00010	
http://www.kegg.jp/dbget-bin/www_bget?ko+map00010	200	1	301->https://www.kegg.jp/dbget-bin/www_bget?ko+map00010	https://www.kegg.jp/dbget-bin/www_bget?ko+map00010	text/html; charset=utf-8	KEGG PATHWAY: map00010	
http://www.lcg.unam.mx/~lcollado/E/	200	2	302->https://www.lcg.unam.mx/~lcollado/E/ | 301->https://www.lcg.unam.mx/noticias/egresados/egresada-publica-su-trabajo-de-titulacion-en-la-revista-genome-biology-and-evolution/	https://www.lcg.unam.mx/noticias/egresados/egresada-publica-su-trabajo-de-titulacion-en-la-revista-genome-biology-and-evolution/	text/html; charset=UTF-8	Egresada publica su trabajo de titulación en la revista Genome Biology and Evolution - LCG UNAM	
http://www.lincsproject.org/	404	2	308->https://www.lincsproject.org | 307->https://lincsproject.org/	https://lincsproject.org/	text/html; charset=utf-8	NIH LINCS Program	
http://www.lcg.unam.mx/~lcollado/R/	200	2	302->https://www.lcg.unam.mx/~lcollado/R/ | 301->https://www.lcg.unam.mx/razones-para-estudiar-ciencias-genomicas/	https://www.lcg.unam.mx/razones-para-estudiar-ciencias-genomicas/	text/html; charset=UTF-8	5 Razones para estudiar Ciencias Genómicas - LCG UNAM	
http://www.marriott.com/hotels/travel/sealu-residence-inn-seattle-downtown-lake-union/	200	2	301->https://www.marriott.com/hotels/travel/sealu-residence-inn-seattle-downtown-lake-union/ | 301->https://www.marriott.com/en-us/hotels/sealu-residence-inn-seattle-downtown-lake-union/overview/	https://www.marriott.com/en-us/hotels/sealu-residence-inn-seattle-downtown-lake-union/overview/	text/html	Access Denied	
http://www.godatabase.org/cgi-bin/amigo/go.cgi?view=details&amp;search_constraint=terms&amp;depth=0&amp;query=GO:0009605	TIMEOUT	0					
http://www.godatabase.org/cgi-bin/amigo/go.cgi?view=details&amp;search_constraint=terms&amp;depth=0&amp;query=GO:0009607	TIMEOUT	0					
http://www.godatabase.org/cgi-bin/amigo/go.cgi?view=details&amp;search_constraint=terms&amp;depth=0&amp;query=GO:0009611	TIMEOUT	0					
http://www.math.ku.dk/%7Erichard/courses/bioconductor2007/	200	2	301->https://www.math.ku.dk/~richard/courses/bioconductor2007/ | 301->https://web.math.ku.dk/~richard/courses/bioconductor2007/	https://web.math.ku.dk/~richard/courses/bioconductor2007/	text/html; charset=UTF-8	Ph.D.-Course -- Statistical analysis of microarray expression data with R and Bioconductor	
http://www.mgedmeeting.org/bioconductor_tutorial	503	0			text/html; charset=UTF-8	Notification: Policy: Destination	
http://www.math.ku.dk/%7Erichard/courses/bioconductor2009/	200	2	301->https://www.math.ku.dk/~richard/courses/bioconductor2009/ | 301->https://web.math.ku.dk/~richard/courses/bioconductor2009/	https://web.math.ku.dk/~richard/courses/bioconductor2009/	text/html; charset=UTF-8	Ph.D.-Course -- Statistical analysis of gene expression data with R and Bioconductor	
http://www.mgedmeeting.org/shortreads_tutorial	503	0			text/html; charset=UTF-8	Notification: Policy: Destination	
http://www.math.ku.dk/%7Erichard/workshop/seqexpr/	200	2	301->https://www.math.ku.dk/~richard/workshop/seqexpr/ | 301->https://web.math.ku.dk/~richard/workshop/seqexpr/	https://web.math.ku.dk/~richard/workshop/seqexpr/	text/html; charset=UTF-8	Workshop -- Gene expression based on sequencing technologies	
http://www.mirbase.org/	200	1	301->https://mirbase.org///	https://mirbase.org///	text/html; charset=utf-8	miRBase	
http://www.molgen.mpg.de/%7Eheydebre	404	1	301->https://www.molgen.mpg.de/%7Eheydebre	https://www.molgen.mpg.de/%7Eheydebre	text/html; charset=utf-8	Max Planck Institute for Molecular Genetics	
http://www.molgen.mpg.de/%7Emarkowet	404	1	301->https://www.molgen.mpg.de/%7Emarkowet	https://www.molgen.mpg.de/%7Emarkowet	text/html; charset=utf-8	Max Planck Institute for Molecular Genetics	
http://www.molgen.mpg.de/%7Espang	404	1	301->https://www.molgen.mpg.de/%7Espang	https://www.molgen.mpg.de/%7Espang	text/html; charset=utf-8	Max Planck Institute for Molecular Genetics	
http://www.nature.com/nbt/journal/v32/n4/full/nbt.2859.html	301	0				301 Moved Permanently	
http://www.nature.com/nbt/journal/v35/n4/full/nbt.3838.html	301	0				301 Moved Permanently	
http://www.nature.com/nmeth/journal/v12/n2/abs/nmeth.3252.html	301	0				301 Moved Permanently	
http://www.nature.com/nrg/journal/v11/n10/abs/nrg2825.html	301	0				301 Moved Permanently	
http://www.mpi-sb.mpg.de/	307	1	301->https://www.mpi-inf.mpg.de/	https://www.mpi-inf.mpg.de/	text/html; charset=UTF-8		
http://www.molgen.mpg.de/~heydebre	404	1	301->https://www.molgen.mpg.de/~heydebre	https://www.molgen.mpg.de/~heydebre	text/html; charset=utf-8	Max Planck Institute for Molecular Genetics	
http://www.molgen.mpg.de/~markowet	404	1	301->https://www.molgen.mpg.de/~markowet	https://www.molgen.mpg.de/~markowet	text/html; charset=utf-8	Max Planck Institute for Molecular Genetics	
http://www.ncbi.nlm.nih.gov/LocusLink/LocRpt.cgi?l=100	410	1	301->https://www.ncbi.nlm.nih.gov/LocusLink/LocRpt.cgi?l=100	https://www.ncbi.nlm.nih.gov/LocusLink/LocRpt.cgi?l=100	text/html; charset=utf-8	Resource is no longer available!	
http://www.molgen.mpg.de/~spang	404	1	301->https://www.molgen.mpg.de/~spang	https://www.molgen.mpg.de/~spang	text/html; charset=utf-8	Max Planck Institute for Molecular Genetics	
http://www.ncbi.nlm.nih.gov/LocusLink/LocRpt.cgi?l=10106	410	1	301->https://www.ncbi.nlm.nih.gov/LocusLink/LocRpt.cgi?l=10106	https://www.ncbi.nlm.nih.gov/LocusLink/LocRpt.cgi?l=10106	text/html; charset=utf-8	Resource is no longer available!	
http://www.ncbi.nlm.nih.gov/LocusLink/LocRpt.cgi?l=10128	410	1	301->https://www.ncbi.nlm.nih.gov/LocusLink/LocRpt.cgi?l=10128	https://www.ncbi.nlm.nih.gov/LocusLink/LocRpt.cgi?l=10128	text/html; charset=utf-8	Resource is no longer available!	
http://www.ncbi.nlm.nih.gov/LocusLink/LocRpt.cgi?l=10240	410	1	301->https://www.ncbi.nlm.nih.gov/LocusLink/LocRpt.cgi?l=10240	https://www.ncbi.nlm.nih.gov/LocusLink/LocRpt.cgi?l=10240	text/html; charset=utf-8	Resource is no longer available!	
http://www.ncbi.nlm.nih.gov/LocusLink/LocRpt.cgi?l=10951	410	1	301->https://www.ncbi.nlm.nih.gov/LocusLink/LocRpt.cgi?l=10951	https://www.ncbi.nlm.nih.gov/LocusLink/LocRpt.cgi?l=10951	text/html; charset=utf-8	Resource is no longer available!	
http://www.ncbi.nlm.nih.gov/LocusLink/LocRpt.cgi?l=10575	410	1	301->https://www.ncbi.nlm.nih.gov/LocusLink/LocRpt.cgi?l=10575	https://www.ncbi.nlm.nih.gov/LocusLink/LocRpt.cgi?l=10575	text/html; charset=utf-8	Resource is no longer available!	
http://www.ncbi.nlm.nih.gov/LocusLink/LocRpt.cgi?l=10559	410	1	301->https://www.ncbi.nlm.nih.gov/LocusLink/LocRpt.cgi?l=10559	https://www.ncbi.nlm.nih.gov/LocusLink/LocRpt.cgi?l=10559	text/html; charset=utf-8	Resource is no longer available!	
http://www.ncbi.nlm.nih.gov/LocusLink/LocRpt.cgi?l=10962	410	1	301->https://www.ncbi.nlm.nih.gov/LocusLink/LocRpt.cgi?l=10962	https://www.ncbi.nlm.nih.gov/LocusLink/LocRpt.cgi?l=10962	text/html; charset=utf-8	Resource is no longer available!	
http://www.ncbi.nlm.nih.gov/LocusLink/LocRpt.cgi?l=10971	410	1	301->https://www.ncbi.nlm.nih.gov/LocusLink/LocRpt.cgi?l=10971	https://www.ncbi.nlm.nih.gov/LocusLink/LocRpt.cgi?l=10971	text/html; charset=utf-8	Resource is no longer available!	
http://www.ncbi.nlm.nih.gov/LocusLink/LocRpt.cgi?l=10982	410	1	301->https://www.ncbi.nlm.nih.gov/LocusLink/LocRpt.cgi?l=10982	https://www.ncbi.nlm.nih.gov/LocusLink/LocRpt.cgi?l=10982	text/html; charset=utf-8	Resource is no longer available!	
http://www.ncbi.nlm.nih.gov/LocusLink/LocRpt.cgi?l=10987	410	1	301->https://www.ncbi.nlm.nih.gov/LocusLink/LocRpt.cgi?l=10987	https://www.ncbi.nlm.nih.gov/LocusLink/LocRpt.cgi?l=10987	text/html; charset=utf-8	Resource is no longer available!	
http://www.ncbi.nlm.nih.gov/LocusLink/LocRpt.cgi?l=10989	410	1	301->https://www.ncbi.nlm.nih.gov/LocusLink/LocRpt.cgi?l=10989	https://www.ncbi.nlm.nih.gov/LocusLink/LocRpt.cgi?l=10989	text/html; charset=utf-8	Resource is no longer available!	
http://www.ncbi.nlm.nih.gov/LocusLink/LocRpt.cgi?l=11137	410	1	301->https://www.ncbi.nlm.nih.gov/LocusLink/LocRpt.cgi?l=11137	https://www.ncbi.nlm.nih.gov/LocusLink/LocRpt.cgi?l=11137	text/html; charset=utf-8	Resource is no longer available!	
http://www.ncbi.nlm.nih.gov/LocusLink/LocRpt.cgi?l=11343	410	1	301->https://www.ncbi.nlm.nih.gov/LocusLink/LocRpt.cgi?l=11343	https://www.ncbi.nlm.nih.gov/LocusLink/LocRpt.cgi?l=11343	text/html; charset=utf-8	Resource is no longer available!	
http://www.ncbi.nlm.nih.gov/LocusLink/LocRpt.cgi?l=133	410	1	301->https://www.ncbi.nlm.nih.gov/LocusLink/LocRpt.cgi?l=133	https://www.ncbi.nlm.nih.gov/LocusLink/LocRpt.cgi?l=133	text/html; charset=utf-8	Resource is no longer available!	
http://www.ncbi.nlm.nih.gov/LocusLink/LocRpt.cgi?l=140465	410	1	301->https://www.ncbi.nlm.nih.gov/LocusLink/LocRpt.cgi?l=140465	https://www.ncbi.nlm.nih.gov/LocusLink/LocRpt.cgi?l=140465	text/html; charset=utf-8	Resource is no longer available!	
http://www.ncbi.nlm.nih.gov/LocusLink/LocRpt.cgi?l=1471	410	1	301->https://www.ncbi.nlm.nih.gov/LocusLink/LocRpt.cgi?l=1471	https://www.ncbi.nlm.nih.gov/LocusLink/LocRpt.cgi?l=1471	text/html; charset=utf-8	Resource is no longer available!	
http://www.ncbi.nlm.nih.gov/LocusLink/LocRpt.cgi?l=1475	410	1	301->https://www.ncbi.nlm.nih.gov/LocusLink/LocRpt.cgi?l=1475	https://www.ncbi.nlm.nih.gov/LocusLink/LocRpt.cgi?l=1475	text/html; charset=utf-8	Resource is no longer available!	
http://www.ncbi.nlm.nih.gov/LocusLink/LocRpt.cgi?l=1435	410	1	301->https://www.ncbi.nlm.nih.gov/LocusLink/LocRpt.cgi?l=1435	https://www.ncbi.nlm.nih.gov/LocusLink/LocRpt.cgi?l=1435	text/html; charset=utf-8	Resource is no longer available!	
http://www.ncbi.nlm.nih.gov/LocusLink/LocRpt.cgi?l=1606	410	1	301->https://www.ncbi.nlm.nih.gov/LocusLink/LocRpt.cgi?l=1606	https://www.ncbi.nlm.nih.gov/LocusLink/LocRpt.cgi?l=1606	text/html; charset=utf-8	Resource is no longer available!	
http://www.ncbi.nlm.nih.gov/LocusLink/LocRpt.cgi?l=1509	410	1	301->https://www.ncbi.nlm.nih.gov/LocusLink/LocRpt.cgi?l=1509	https://www.ncbi.nlm.nih.gov/LocusLink/LocRpt.cgi?l=1509	text/html; charset=utf-8	Resource is no longer available!	
http://www.ncbi.nlm.nih.gov/LocusLink/LocRpt.cgi?l=1633	410	1	301->https://www.ncbi.nlm.nih.gov/LocusLink/LocRpt.cgi?l=1633	https://www.ncbi.nlm.nih.gov/LocusLink/LocRpt.cgi?l=1633	text/html; charset=utf-8	Resource is no longer available!	
http://www.godatabase.org/cgi-bin/amigo/go.cgi?view=details&amp;search_constraint=terms&amp;depth=0&amp;query=GO:0009613	TIMEOUT	0					
http://www.godatabase.org/cgi-bin/amigo/go.cgi?view=details&amp;search_constraint=terms&amp;depth=0&amp;query=GO:0019882	TIMEOUT	0					
http://www.godatabase.org/cgi-bin/amigo/go.cgi?view=details&amp;search_constraint=terms&amp;depth=0&amp;query=GO:0019884	TIMEOUT	0					
http://www.ncbi.nlm.nih.gov/LocusLink/LocRpt.cgi?l=1615	410	1	301->https://www.ncbi.nlm.nih.gov/LocusLink/LocRpt.cgi?l=1615	https://www.ncbi.nlm.nih.gov/LocusLink/LocRpt.cgi?l=1615	text/html; charset=utf-8	Resource is no longer available!	
http://www.ncbi.nlm.nih.gov/LocusLink/LocRpt.cgi?l=1725	410	1	301->https://www.ncbi.nlm.nih.gov/LocusLink/LocRpt.cgi?l=1725	https://www.ncbi.nlm.nih.gov/LocusLink/LocRpt.cgi?l=1725	text/html; charset=utf-8	Resource is no longer available!	
http://www.ncbi.nlm.nih.gov/LocusLink/LocRpt.cgi?l=1791	410	1	301->https://www.ncbi.nlm.nih.gov/LocusLink/LocRpt.cgi?l=1791	https://www.ncbi.nlm.nih.gov/LocusLink/LocRpt.cgi?l=1791	text/html; charset=utf-8	Resource is no longer available!	
http://www.ncbi.nlm.nih.gov/LocusLink/LocRpt.cgi?l=1875	410	1	301->https://www.ncbi.nlm.nih.gov/LocusLink/LocRpt.cgi?l=1875	https://www.ncbi.nlm.nih.gov/LocusLink/LocRpt.cgi?l=1875	text/html; charset=utf-8	Resource is no longer available!	
http://www.ncbi.nlm.nih.gov/LocusLink/LocRpt.cgi?l=165	410	1	301->https://www.ncbi.nlm.nih.gov/LocusLink/LocRpt.cgi?l=165	https://www.ncbi.nlm.nih.gov/LocusLink/LocRpt.cgi?l=165	text/html; charset=utf-8	Resource is no longer available!	
http://www.ncbi.nlm.nih.gov/LocusLink/LocRpt.cgi?l=1808	410	1	301->https://www.ncbi.nlm.nih.gov/LocusLink/LocRpt.cgi?l=1808	https://www.ncbi.nlm.nih.gov/LocusLink/LocRpt.cgi?l=1808	text/html; charset=utf-8	Resource is no longer available!	
http://www.ncbi.nlm.nih.gov/LocusLink/LocRpt.cgi?l=207	410	1	301->https://www.ncbi.nlm.nih.gov/LocusLink/LocRpt.cgi?l=207	https://www.ncbi.nlm.nih.gov/LocusLink/LocRpt.cgi?l=207	text/html; charset=utf-8	Resource is no longer available!	
http://www.ncbi.nlm.nih.gov/LocusLink/LocRpt.cgi?l=2184	410	1	301->https://www.ncbi.nlm.nih.gov/LocusLink/LocRpt.cgi?l=2184	https://www.ncbi.nlm.nih.gov/LocusLink/LocRpt.cgi?l=2184	text/html; charset=utf-8	Resource is no longer available!	
http://www.ncbi.nlm.nih.gov/LocusLink/LocRpt.cgi?l=2040	410	1	301->https://www.ncbi.nlm.nih.gov/LocusLink/LocRpt.cgi?l=2040	https://www.ncbi.nlm.nih.gov/LocusLink/LocRpt.cgi?l=2040	text/html; charset=utf-8	Resource is no longer available!	
http://www.ncbi.nlm.nih.gov/LocusLink/LocRpt.cgi?l=2313	410	1	301->https://www.ncbi.nlm.nih.gov/LocusLink/LocRpt.cgi?l=2313	https://www.ncbi.nlm.nih.gov/LocusLink/LocRpt.cgi?l=2313	text/html; charset=utf-8	Resource is no longer available!	
http://www.ncbi.nlm.nih.gov/LocusLink/LocRpt.cgi?l=2058	410	1	301->https://www.ncbi.nlm.nih.gov/LocusLink/LocRpt.cgi?l=2058	https://www.ncbi.nlm.nih.gov/LocusLink/LocRpt.cgi?l=2058	text/html; charset=utf-8	Resource is no longer available!	
http://www.ncbi.nlm.nih.gov/LocusLink/LocRpt.cgi?l=2339	410	1	301->https://www.ncbi.nlm.nih.gov/LocusLink/LocRpt.cgi?l=2339	https://www.ncbi.nlm.nih.gov/LocusLink/LocRpt.cgi?l=2339	text/html; charset=utf-8	Resource is no longer available!	
http://www.ncbi.nlm.nih.gov/LocusLink/LocRpt.cgi?l=23505	410	1	301->https://www.ncbi.nlm.nih.gov/LocusLink/LocRpt.cgi?l=23505	https://www.ncbi.nlm.nih.gov/LocusLink/LocRpt.cgi?l=23505	text/html; charset=utf-8	Resource is no longer available!	
http://www.ncbi.nlm.nih.gov/LocusLink/LocRpt.cgi?l=22978	410	1	301->https://www.ncbi.nlm.nih.gov/LocusLink/LocRpt.cgi?l=22978	https://www.ncbi.nlm.nih.gov/LocusLink/LocRpt.cgi?l=22978	text/html; charset=utf-8	Resource is no longer available!	
http://www.ncbi.nlm.nih.gov/LocusLink/LocRpt.cgi?l=2632	410	1	301->https://www.ncbi.nlm.nih.gov/LocusLink/LocRpt.cgi?l=2632	https://www.ncbi.nlm.nih.gov/LocusLink/LocRpt.cgi?l=2632	text/html; charset=utf-8	Resource is no longer available!	
http://www.ncbi.nlm.nih.gov/LocusLink/LocRpt.cgi?l=2745	410	1	301->https://www.ncbi.nlm.nih.gov/LocusLink/LocRpt.cgi?l=2745	https://www.ncbi.nlm.nih.gov/LocusLink/LocRpt.cgi?l=2745	text/html; charset=utf-8	Resource is no longer available!	
http://www.ncbi.nlm.nih.gov/LocusLink/LocRpt.cgi?l=23369	410	1	301->https://www.ncbi.nlm.nih.gov/LocusLink/LocRpt.cgi?l=23369	https://www.ncbi.nlm.nih.gov/LocusLink/LocRpt.cgi?l=23369	text/html; charset=utf-8	Resource is no longer available!	
http://www.ncbi.nlm.nih.gov/LocusLink/LocRpt.cgi?l=2776	410	1	301->https://www.ncbi.nlm.nih.gov/LocusLink/LocRpt.cgi?l=2776	https://www.ncbi.nlm.nih.gov/LocusLink/LocRpt.cgi?l=2776	text/html; charset=utf-8	Resource is no longer available!	
http://www.ncbi.nlm.nih.gov/LocusLink/LocRpt.cgi?l=2908	410	1	301->https://www.ncbi.nlm.nih.gov/LocusLink/LocRpt.cgi?l=2908	https://www.ncbi.nlm.nih.gov/LocusLink/LocRpt.cgi?l=2908	text/html; charset=utf-8	Resource is no longer available!	
http://www.ncbi.nlm.nih.gov/LocusLink/LocRpt.cgi?l=2956	410	1	301->https://www.ncbi.nlm.nih.gov/LocusLink/LocRpt.cgi?l=2956	https://www.ncbi.nlm.nih.gov/LocusLink/LocRpt.cgi?l=2956	text/html; charset=utf-8	Resource is no longer available!	
http://www.ncbi.nlm.nih.gov/LocusLink/LocRpt.cgi?l=2961	410	1	301->https://www.ncbi.nlm.nih.gov/LocusLink/LocRpt.cgi?l=2961	https://www.ncbi.nlm.nih.gov/LocusLink/LocRpt.cgi?l=2961	text/html; charset=utf-8	Resource is no longer available!	
http://www.ncbi.nlm.nih.gov/LocusLink/LocRpt.cgi?l=2512	410	1	301->https://www.ncbi.nlm.nih.gov/LocusLink/LocRpt.cgi?l=2512	https://www.ncbi.nlm.nih.gov/LocusLink/LocRpt.cgi?l=2512	text/html; charset=utf-8	Resource is no longer available!	
http://www.ncbi.nlm.nih.gov/LocusLink/LocRpt.cgi?l=26999	410	1	301->https://www.ncbi.nlm.nih.gov/LocusLink/LocRpt.cgi?l=26999	https://www.ncbi.nlm.nih.gov/LocusLink/LocRpt.cgi?l=26999	text/html; charset=utf-8	Resource is no longer available!	
http://www.ncbi.nlm.nih.gov/LocusLink/LocRpt.cgi?l=3162	410	1	301->https://www.ncbi.nlm.nih.gov/LocusLink/LocRpt.cgi?l=3162	https://www.ncbi.nlm.nih.gov/LocusLink/LocRpt.cgi?l=3162	text/html; charset=utf-8	Resource is no longer available!	
http://www.ncbi.nlm.nih.gov/LocusLink/LocRpt.cgi?l=3183	410	1	301->https://www.ncbi.nlm.nih.gov/LocusLink/LocRpt.cgi?l=3183	https://www.ncbi.nlm.nih.gov/LocusLink/LocRpt.cgi?l=3183	text/html; charset=utf-8	Resource is no longer available!	
http://www.ncbi.nlm.nih.gov/LocusLink/LocRpt.cgi?l=29902	410	1	301->https://www.ncbi.nlm.nih.gov/LocusLink/LocRpt.cgi?l=29902	https://www.ncbi.nlm.nih.gov/LocusLink/LocRpt.cgi?l=29902	text/html; charset=utf-8	Resource is no longer available!	
http://www.ncbi.nlm.nih.gov/LocusLink/LocRpt.cgi?l=3185	410	1	301->https://www.ncbi.nlm.nih.gov/LocusLink/LocRpt.cgi?l=3185	https://www.ncbi.nlm.nih.gov/LocusLink/LocRpt.cgi?l=3185	text/html; charset=utf-8	Resource is no longer available!	
http://www.ncbi.nlm.nih.gov/LocusLink/LocRpt.cgi?l=3205	410	1	301->https://www.ncbi.nlm.nih.gov/LocusLink/LocRpt.cgi?l=3205	https://www.ncbi.nlm.nih.gov/LocusLink/LocRpt.cgi?l=3205	text/html; charset=utf-8	Resource is no longer available!	
http://www.ncbi.nlm.nih.gov/LocusLink/LocRpt.cgi?l=34	410	1	301->https://www.ncbi.nlm.nih.gov/LocusLink/LocRpt.cgi?l=34	https://www.ncbi.nlm.nih.gov/LocusLink/LocRpt.cgi?l=34	text/html; charset=utf-8	Resource is no longer available!	
http://www.ncbi.nlm.nih.gov/LocusLink/LocRpt.cgi?l=3312	410	1	301->https://www.ncbi.nlm.nih.gov/LocusLink/LocRpt.cgi?l=3312	https://www.ncbi.nlm.nih.gov/LocusLink/LocRpt.cgi?l=3312	text/html; charset=utf-8	Resource is no longer available!	
http://www.ncbi.nlm.nih.gov/LocusLink/LocRpt.cgi?l=334	410	1	301->https://www.ncbi.nlm.nih.gov/LocusLink/LocRpt.cgi?l=334	https://www.ncbi.nlm.nih.gov/LocusLink/LocRpt.cgi?l=334	text/html; charset=utf-8	Resource is no longer available!	
http://www.ncbi.nlm.nih.gov/LocusLink/LocRpt.cgi?l=3502	410	1	301->https://www.ncbi.nlm.nih.gov/LocusLink/LocRpt.cgi?l=3502	https://www.ncbi.nlm.nih.gov/LocusLink/LocRpt.cgi?l=3502	text/html; charset=utf-8	Resource is no longer available!	
http://www.ncbi.nlm.nih.gov/LocusLink/LocRpt.cgi?l=3514	410	1	301->https://www.ncbi.nlm.nih.gov/LocusLink/LocRpt.cgi?l=3514	https://www.ncbi.nlm.nih.gov/LocusLink/LocRpt.cgi?l=3514	text/html; charset=utf-8	Resource is no longer available!	
http://www.ncbi.nlm.nih.gov/LocusLink/LocRpt.cgi?l=3576	410	1	301->https://www.ncbi.nlm.nih.gov/LocusLink/LocRpt.cgi?l=3576	https://www.ncbi.nlm.nih.gov/LocusLink/LocRpt.cgi?l=3576	text/html; charset=utf-8	Resource is no longer available!	
http://www.ncbi.nlm.nih.gov/LocusLink/LocRpt.cgi?l=3660	410	1	301->https://www.ncbi.nlm.nih.gov/LocusLink/LocRpt.cgi?l=3660	https://www.ncbi.nlm.nih.gov/LocusLink/LocRpt.cgi?l=3660	text/html; charset=utf-8	Resource is no longer available!	
http://www.godatabase.org/cgi-bin/amigo/go.cgi?view=details&amp;search_constraint=terms&amp;depth=0&amp;query=GO:0019886	TIMEOUT	0					
http://www.godatabase.org/cgi-bin/amigo/go.cgi?view=details&amp;search_constraint=terms&amp;depth=0&amp;query=GO:0006955	TIMEOUT	0					
http://www.godatabase.org/cgi-bin/amigo/go.cgi?view=details&amp;search_constraint=terms&amp;depth=0&amp;query=GO:0007154	TIMEOUT	0					
http://www.ncbi.nlm.nih.gov/LocusLink/LocRpt.cgi?l=3575	410	1	301->https://www.ncbi.nlm.nih.gov/LocusLink/LocRpt.cgi?l=3575	https://www.ncbi.nlm.nih.gov/LocusLink/LocRpt.cgi?l=3575	text/html; charset=utf-8	Resource is no longer available!	
http://www.ncbi.nlm.nih.gov/LocusLink/LocRpt.cgi?l=391	410	1	301->https://www.ncbi.nlm.nih.gov/LocusLink/LocRpt.cgi?l=391	https://www.ncbi.nlm.nih.gov/LocusLink/LocRpt.cgi?l=391	text/html; charset=utf-8	Resource is no longer available!	
http://www.ncbi.nlm.nih.gov/LocusLink/LocRpt.cgi?l=3930	410	1	301->https://www.ncbi.nlm.nih.gov/LocusLink/LocRpt.cgi?l=3930	https://www.ncbi.nlm.nih.gov/LocusLink/LocRpt.cgi?l=3930	text/html; charset=utf-8	Resource is no longer available!	
http://www.ncbi.nlm.nih.gov/LocusLink/LocRpt.cgi?l=3687	410	1	301->https://www.ncbi.nlm.nih.gov/LocusLink/LocRpt.cgi?l=3687	https://www.ncbi.nlm.nih.gov/LocusLink/LocRpt.cgi?l=3687	text/html; charset=utf-8	Resource is no longer available!	
http://www.ncbi.nlm.nih.gov/LocusLink/LocRpt.cgi?l=3689	410	1	301->https://www.ncbi.nlm.nih.gov/LocusLink/LocRpt.cgi?l=3689	https://www.ncbi.nlm.nih.gov/LocusLink/LocRpt.cgi?l=3689	text/html; charset=utf-8	Resource is no longer available!	
http://www.ncbi.nlm.nih.gov/LocusLink/LocRpt.cgi?l=4033	410	1	301->https://www.ncbi.nlm.nih.gov/LocusLink/LocRpt.cgi?l=4033	https://www.ncbi.nlm.nih.gov/LocusLink/LocRpt.cgi?l=4033	text/html; charset=utf-8	Resource is no longer available!	
http://www.ncbi.nlm.nih.gov/LocusLink/LocRpt.cgi?l=4069	410	1	301->https://www.ncbi.nlm.nih.gov/LocusLink/LocRpt.cgi?l=4069	https://www.ncbi.nlm.nih.gov/LocusLink/LocRpt.cgi?l=4069	text/html; charset=utf-8	Resource is no longer available!	
http://www.ncbi.nlm.nih.gov/LocusLink/LocRpt.cgi?l=4001	410	1	301->https://www.ncbi.nlm.nih.gov/LocusLink/LocRpt.cgi?l=4001	https://www.ncbi.nlm.nih.gov/LocusLink/LocRpt.cgi?l=4001	text/html; charset=utf-8	Resource is no longer available!	
http://www.ncbi.nlm.nih.gov/LocusLink/LocRpt.cgi?l=4172	410	1	301->https://www.ncbi.nlm.nih.gov/LocusLink/LocRpt.cgi?l=4172	https://www.ncbi.nlm.nih.gov/LocusLink/LocRpt.cgi?l=4172	text/html; charset=utf-8	Resource is no longer available!	
http://www.ncbi.nlm.nih.gov/LocusLink/LocRpt.cgi?l=4056	410	1	301->https://www.ncbi.nlm.nih.gov/LocusLink/LocRpt.cgi?l=4056	https://www.ncbi.nlm.nih.gov/LocusLink/LocRpt.cgi?l=4056	text/html; charset=utf-8	Resource is no longer available!	
http://www.ncbi.nlm.nih.gov/LocusLink/LocRpt.cgi?l=4067	410	1	301->https://www.ncbi.nlm.nih.gov/LocusLink/LocRpt.cgi?l=4067	https://www.ncbi.nlm.nih.gov/LocusLink/LocRpt.cgi?l=4067	text/html; charset=utf-8	Resource is no longer available!	
http://www.ncbi.nlm.nih.gov/LocusLink/LocRpt.cgi?l=4490	410	1	301->https://www.ncbi.nlm.nih.gov/LocusLink/LocRpt.cgi?l=4490	https://www.ncbi.nlm.nih.gov/LocusLink/LocRpt.cgi?l=4490	text/html; charset=utf-8	Resource is no longer available!	
http://www.ncbi.nlm.nih.gov/LocusLink/LocRpt.cgi?l=4602	410	1	301->https://www.ncbi.nlm.nih.gov/LocusLink/LocRpt.cgi?l=4602	https://www.ncbi.nlm.nih.gov/LocusLink/LocRpt.cgi?l=4602	text/html; charset=utf-8	Resource is no longer available!	
http://www.ncbi.nlm.nih.gov/LocusLink/LocRpt.cgi?l=4257	410	1	301->https://www.ncbi.nlm.nih.gov/LocusLink/LocRpt.cgi?l=4257	https://www.ncbi.nlm.nih.gov/LocusLink/LocRpt.cgi?l=4257	text/html; charset=utf-8	Resource is no longer available!	
http://www.ncbi.nlm.nih.gov/LocusLink/LocRpt.cgi?l=4828	410	1	301->https://www.ncbi.nlm.nih.gov/LocusLink/LocRpt.cgi?l=4828	https://www.ncbi.nlm.nih.gov/LocusLink/LocRpt.cgi?l=4828	text/html; charset=utf-8	Resource is no longer available!	
http://www.ncbi.nlm.nih.gov/LocusLink/LocRpt.cgi?l=4205	410	1	301->https://www.ncbi.nlm.nih.gov/LocusLink/LocRpt.cgi?l=4205	https://www.ncbi.nlm.nih.gov/LocusLink/LocRpt.cgi?l=4205	text/html; charset=utf-8	Resource is no longer available!	
http://www.ncbi.nlm.nih.gov/LocusLink/LocRpt.cgi?l=4836	410	1	301->https://www.ncbi.nlm.nih.gov/LocusLink/LocRpt.cgi?l=4836	https://www.ncbi.nlm.nih.gov/LocusLink/LocRpt.cgi?l=4836	text/html; charset=utf-8	Resource is no longer available!	
http://www.ncbi.nlm.nih.gov/LocusLink/LocRpt.cgi?l=4792	410	1	301->https://www.ncbi.nlm.nih.gov/LocusLink/LocRpt.cgi?l=4792	https://www.ncbi.nlm.nih.gov/LocusLink/LocRpt.cgi?l=4792	text/html; charset=utf-8	Resource is no longer available!	
http://www.ncbi.nlm.nih.gov/LocusLink/LocRpt.cgi?l=4833	410	1	301->https://www.ncbi.nlm.nih.gov/LocusLink/LocRpt.cgi?l=4833	https://www.ncbi.nlm.nih.gov/LocusLink/LocRpt.cgi?l=4833	text/html; charset=utf-8	Resource is no longer available!	
http://www.ncbi.nlm.nih.gov/LocusLink/LocRpt.cgi?l=4170	410	1	301->https://www.ncbi.nlm.nih.gov/LocusLink/LocRpt.cgi?l=4170	https://www.ncbi.nlm.nih.gov/LocusLink/LocRpt.cgi?l=4170	text/html; charset=utf-8	Resource is no longer available!	
http://www.ncbi.nlm.nih.gov/LocusLink/LocRpt.cgi?l=4261	410	1	301->https://www.ncbi.nlm.nih.gov/LocusLink/LocRpt.cgi?l=4261	https://www.ncbi.nlm.nih.gov/LocusLink/LocRpt.cgi?l=4261	text/html; charset=utf-8	Resource is no longer available!	
http://www.ncbi.nlm.nih.gov/LocusLink/LocRpt.cgi?l=4841	410	1	301->https://www.ncbi.nlm.nih.gov/LocusLink/LocRpt.cgi?l=4841	https://www.ncbi.nlm.nih.gov/LocusLink/LocRpt.cgi?l=4841	text/html; charset=utf-8	Resource is no longer available!	
http://www.ncbi.nlm.nih.gov/LocusLink/LocRpt.cgi?l=5048	410	1	301->https://www.ncbi.nlm.nih.gov/LocusLink/LocRpt.cgi?l=5048	https://www.ncbi.nlm.nih.gov/LocusLink/LocRpt.cgi?l=5048	text/html; charset=utf-8	Resource is no longer available!	
http://www.ncbi.nlm.nih.gov/LocusLink/LocRpt.cgi?l=489	410	1	301->https://www.ncbi.nlm.nih.gov/LocusLink/LocRpt.cgi?l=489	https://www.ncbi.nlm.nih.gov/LocusLink/LocRpt.cgi?l=489	text/html; charset=utf-8	Resource is no longer available!	
http://www.ncbi.nlm.nih.gov/LocusLink/LocRpt.cgi?l=4927	410	1	301->https://www.ncbi.nlm.nih.gov/LocusLink/LocRpt.cgi?l=4927	https://www.ncbi.nlm.nih.gov/LocusLink/LocRpt.cgi?l=4927	text/html; charset=utf-8	Resource is no longer available!	
http://www.ncbi.nlm.nih.gov/LocusLink/LocRpt.cgi?l=527	410	1	301->https://www.ncbi.nlm.nih.gov/LocusLink/LocRpt.cgi?l=527	https://www.ncbi.nlm.nih.gov/LocusLink/LocRpt.cgi?l=527	text/html; charset=utf-8	Resource is no longer available!	
http://www.ncbi.nlm.nih.gov/LocusLink/LocRpt.cgi?l=5050	410	1	301->https://www.ncbi.nlm.nih.gov/LocusLink/LocRpt.cgi?l=5050	https://www.ncbi.nlm.nih.gov/LocusLink/LocRpt.cgi?l=5050	text/html; charset=utf-8	Resource is no longer available!	
http://www.ncbi.nlm.nih.gov/LocusLink/LocRpt.cgi?l=5110	410	1	301->https://www.ncbi.nlm.nih.gov/LocusLink/LocRpt.cgi?l=5110	https://www.ncbi.nlm.nih.gov/LocusLink/LocRpt.cgi?l=5110	text/html; charset=utf-8	Resource is no longer available!	
http://www.ncbi.nlm.nih.gov/LocusLink/LocRpt.cgi?l=5330	410	1	301->https://www.ncbi.nlm.nih.gov/LocusLink/LocRpt.cgi?l=5330	https://www.ncbi.nlm.nih.gov/LocusLink/LocRpt.cgi?l=5330	text/html; charset=utf-8	Resource is no longer available!	
http://www.ncbi.nlm.nih.gov/LocusLink/LocRpt.cgi?l=546	410	1	301->https://www.ncbi.nlm.nih.gov/LocusLink/LocRpt.cgi?l=546	https://www.ncbi.nlm.nih.gov/LocusLink/LocRpt.cgi?l=546	text/html; charset=utf-8	Resource is no longer available!	
http://www.ncbi.nlm.nih.gov/LocusLink/LocRpt.cgi?l=545	410	1	301->https://www.ncbi.nlm.nih.gov/LocusLink/LocRpt.cgi?l=545	https://www.ncbi.nlm.nih.gov/LocusLink/LocRpt.cgi?l=545	text/html; charset=utf-8	Resource is no longer available!	
http://www.ncbi.nlm.nih.gov/LocusLink/LocRpt.cgi?l=5476	410	1	301->https://www.ncbi.nlm.nih.gov/LocusLink/LocRpt.cgi?l=5476	https://www.ncbi.nlm.nih.gov/LocusLink/LocRpt.cgi?l=5476	text/html; charset=utf-8	Resource is no longer available!	
http://www.godatabase.org/cgi-bin/amigo/go.cgi?view=details&amp;search_constraint=terms&amp;depth=0&amp;query=GO:0007155	TIMEOUT	0					
http://www.godatabase.org/cgi-bin/amigo/go.cgi?view=details&amp;search_constraint=terms&amp;depth=0&amp;query=GO:0007165	TIMEOUT	0					
http://www.godatabase.org/cgi-bin/amigo/go.cgi?view=details&amp;search_constraint=terms&amp;depth=0&amp;query=GO:0007275	TIMEOUT	0					
http://www.ncbi.nlm.nih.gov/LocusLink/LocRpt.cgi?l=5552	410	1	301->https://www.ncbi.nlm.nih.gov/LocusLink/LocRpt.cgi?l=5552	https://www.ncbi.nlm.nih.gov/LocusLink/LocRpt.cgi?l=5552	text/html; charset=utf-8	Resource is no longer available!	
http://www.ncbi.nlm.nih.gov/LocusLink/LocRpt.cgi?l=5341	410	1	301->https://www.ncbi.nlm.nih.gov/LocusLink/LocRpt.cgi?l=5341	https://www.ncbi.nlm.nih.gov/LocusLink/LocRpt.cgi?l=5341	text/html; charset=utf-8	Resource is no longer available!	
http://www.ncbi.nlm.nih.gov/LocusLink/LocRpt.cgi?l=5528	410	1	301->https://www.ncbi.nlm.nih.gov/LocusLink/LocRpt.cgi?l=5528	https://www.ncbi.nlm.nih.gov/LocusLink/LocRpt.cgi?l=5528	text/html; charset=utf-8	Resource is no longer available!	
http://www.ncbi.nlm.nih.gov/LocusLink/LocRpt.cgi?l=54741	410	1	301->https://www.ncbi.nlm.nih.gov/LocusLink/LocRpt.cgi?l=54741	https://www.ncbi.nlm.nih.gov/LocusLink/LocRpt.cgi?l=54741	text/html; charset=utf-8	Resource is no longer available!	
http://www.ncbi.nlm.nih.gov/LocusLink/LocRpt.cgi?l=5591	410	1	301->https://www.ncbi.nlm.nih.gov/LocusLink/LocRpt.cgi?l=5591	https://www.ncbi.nlm.nih.gov/LocusLink/LocRpt.cgi?l=5591	text/html; charset=utf-8	Resource is no longer available!	
http://www.ncbi.nlm.nih.gov/LocusLink/LocRpt.cgi?l=5311	410	1	301->https://www.ncbi.nlm.nih.gov/LocusLink/LocRpt.cgi?l=5311	https://www.ncbi.nlm.nih.gov/LocusLink/LocRpt.cgi?l=5311	text/html; charset=utf-8	Resource is no longer available!	
http://www.ncbi.nlm.nih.gov/LocusLink/LocRpt.cgi?l=566	410	1	301->https://www.ncbi.nlm.nih.gov/LocusLink/LocRpt.cgi?l=566	https://www.ncbi.nlm.nih.gov/LocusLink/LocRpt.cgi?l=566	text/html; charset=utf-8	Resource is no longer available!	
http://www.ncbi.nlm.nih.gov/LocusLink/LocRpt.cgi?l=5698	410	1	301->https://www.ncbi.nlm.nih.gov/LocusLink/LocRpt.cgi?l=5698	https://www.ncbi.nlm.nih.gov/LocusLink/LocRpt.cgi?l=5698	text/html; charset=utf-8	Resource is no longer available!	
http://www.ncbi.nlm.nih.gov/LocusLink/LocRpt.cgi?l=5569	410	1	301->https://www.ncbi.nlm.nih.gov/LocusLink/LocRpt.cgi?l=5569	https://www.ncbi.nlm.nih.gov/LocusLink/LocRpt.cgi?l=5569	text/html; charset=utf-8	Resource is no longer available!	
http://www.ncbi.nlm.nih.gov/LocusLink/LocRpt.cgi?l=5928	410	1	301->https://www.ncbi.nlm.nih.gov/LocusLink/LocRpt.cgi?l=5928	https://www.ncbi.nlm.nih.gov/LocusLink/LocRpt.cgi?l=5928	text/html; charset=utf-8	Resource is no longer available!	
http://www.ncbi.nlm.nih.gov/LocusLink/LocRpt.cgi?l=5580	410	1	301->https://www.ncbi.nlm.nih.gov/LocusLink/LocRpt.cgi?l=5580	https://www.ncbi.nlm.nih.gov/LocusLink/LocRpt.cgi?l=5580	text/html; charset=utf-8	Resource is no longer available!	
http://www.ncbi.nlm.nih.gov/LocusLink/LocRpt.cgi?l=6432	410	1	301->https://www.ncbi.nlm.nih.gov/LocusLink/LocRpt.cgi?l=6432	https://www.ncbi.nlm.nih.gov/LocusLink/LocRpt.cgi?l=6432	text/html; charset=utf-8	Resource is no longer available!	
http://www.ncbi.nlm.nih.gov/LocusLink/LocRpt.cgi?l=65108	410	1	301->https://www.ncbi.nlm.nih.gov/LocusLink/LocRpt.cgi?l=65108	https://www.ncbi.nlm.nih.gov/LocusLink/LocRpt.cgi?l=65108	text/html; charset=utf-8	Resource is no longer available!	
http://www.ncbi.nlm.nih.gov/LocusLink/LocRpt.cgi?l=5925	410	1	301->https://www.ncbi.nlm.nih.gov/LocusLink/LocRpt.cgi?l=5925	https://www.ncbi.nlm.nih.gov/LocusLink/LocRpt.cgi?l=5925	text/html; charset=utf-8	Resource is no longer available!	
http://www.ncbi.nlm.nih.gov/LocusLink/LocRpt.cgi?l=6632	410	1	301->https://www.ncbi.nlm.nih.gov/LocusLink/LocRpt.cgi?l=6632	https://www.ncbi.nlm.nih.gov/LocusLink/LocRpt.cgi?l=6632	text/html; charset=utf-8	Resource is no longer available!	
http://www.ncbi.nlm.nih.gov/LocusLink/LocRpt.cgi?l=6426	410	1	301->https://www.ncbi.nlm.nih.gov/LocusLink/LocRpt.cgi?l=6426	https://www.ncbi.nlm.nih.gov/LocusLink/LocRpt.cgi?l=6426	text/html; charset=utf-8	Resource is no longer available!	
http://www.ncbi.nlm.nih.gov/LocusLink/LocRpt.cgi?l=6670	410	1	301->https://www.ncbi.nlm.nih.gov/LocusLink/LocRpt.cgi?l=6670	https://www.ncbi.nlm.nih.gov/LocusLink/LocRpt.cgi?l=6670	text/html; charset=utf-8	Resource is no longer available!	
http://www.ncbi.nlm.nih.gov/LocusLink/LocRpt.cgi?l=6597	410	1	301->https://www.ncbi.nlm.nih.gov/LocusLink/LocRpt.cgi?l=6597	https://www.ncbi.nlm.nih.gov/LocusLink/LocRpt.cgi?l=6597	text/html; charset=utf-8	Resource is no longer available!	
http://www.ncbi.nlm.nih.gov/LocusLink/LocRpt.cgi?l=6651	410	1	301->https://www.ncbi.nlm.nih.gov/LocusLink/LocRpt.cgi?l=6651	https://www.ncbi.nlm.nih.gov/LocusLink/LocRpt.cgi?l=6651	text/html; charset=utf-8	Resource is no longer available!	
http://www.ncbi.nlm.nih.gov/LocusLink/LocRpt.cgi?l=640	410	1	301->https://www.ncbi.nlm.nih.gov/LocusLink/LocRpt.cgi?l=640	https://www.ncbi.nlm.nih.gov/LocusLink/LocRpt.cgi?l=640	text/html; charset=utf-8	Resource is no longer available!	
http://www.ncbi.nlm.nih.gov/LocusLink/LocRpt.cgi?l=6709	410	1	301->https://www.ncbi.nlm.nih.gov/LocusLink/LocRpt.cgi?l=6709	https://www.ncbi.nlm.nih.gov/LocusLink/LocRpt.cgi?l=6709	text/html; charset=utf-8	Resource is no longer available!	
http://www.ncbi.nlm.nih.gov/LocusLink/LocRpt.cgi?l=5897	410	1	301->https://www.ncbi.nlm.nih.gov/LocusLink/LocRpt.cgi?l=5897	https://www.ncbi.nlm.nih.gov/LocusLink/LocRpt.cgi?l=5897	text/html; charset=utf-8	Resource is no longer available!	
http://www.ncbi.nlm.nih.gov/LocusLink/LocRpt.cgi?l=6938	410	1	301->https://www.ncbi.nlm.nih.gov/LocusLink/LocRpt.cgi?l=6938	https://www.ncbi.nlm.nih.gov/LocusLink/LocRpt.cgi?l=6938	text/html; charset=utf-8	Resource is no longer available!	
http://www.ncbi.nlm.nih.gov/LocusLink/LocRpt.cgi?l=6955	410	1	301->https://www.ncbi.nlm.nih.gov/LocusLink/LocRpt.cgi?l=6955	https://www.ncbi.nlm.nih.gov/LocusLink/LocRpt.cgi?l=6955	text/html; charset=utf-8	Resource is no longer available!	
http://www.ncbi.nlm.nih.gov/LocusLink/LocRpt.cgi?l=6932	410	1	301->https://www.ncbi.nlm.nih.gov/LocusLink/LocRpt.cgi?l=6932	https://www.ncbi.nlm.nih.gov/LocusLink/LocRpt.cgi?l=6932	text/html; charset=utf-8	Resource is no longer available!	
http://www.ncbi.nlm.nih.gov/LocusLink/LocRpt.cgi?l=6929	410	1	301->https://www.ncbi.nlm.nih.gov/LocusLink/LocRpt.cgi?l=6929	https://www.ncbi.nlm.nih.gov/LocusLink/LocRpt.cgi?l=6929	text/html; charset=utf-8	Resource is no longer available!	
http://www.ncbi.nlm.nih.gov/LocusLink/LocRpt.cgi?l=7072	410	1	301->https://www.ncbi.nlm.nih.gov/LocusLink/LocRpt.cgi?l=7072	https://www.ncbi.nlm.nih.gov/LocusLink/LocRpt.cgi?l=7072	text/html; charset=utf-8	Resource is no longer available!	
http://www.ncbi.nlm.nih.gov/LocusLink/LocRpt.cgi?l=7157	410	1	301->https://www.ncbi.nlm.nih.gov/LocusLink/LocRpt.cgi?l=7157	https://www.ncbi.nlm.nih.gov/LocusLink/LocRpt.cgi?l=7157	text/html; charset=utf-8	Resource is no longer available!	
http://www.ncbi.nlm.nih.gov/LocusLink/LocRpt.cgi?l=7336	410	1	301->https://www.ncbi.nlm.nih.gov/LocusLink/LocRpt.cgi?l=7336	https://www.ncbi.nlm.nih.gov/LocusLink/LocRpt.cgi?l=7336	text/html; charset=utf-8	Resource is no longer available!	
http://www.ncbi.nlm.nih.gov/LocusLink/LocRpt.cgi?l=7112	410	1	301->https://www.ncbi.nlm.nih.gov/LocusLink/LocRpt.cgi?l=7112	https://www.ncbi.nlm.nih.gov/LocusLink/LocRpt.cgi?l=7112	text/html; charset=utf-8	Resource is no longer available!	
http://www.ncbi.nlm.nih.gov/LocusLink/LocRpt.cgi?l=6726	410	1	301->https://www.ncbi.nlm.nih.gov/LocusLink/LocRpt.cgi?l=6726	https://www.ncbi.nlm.nih.gov/LocusLink/LocRpt.cgi?l=6726	text/html; charset=utf-8	Resource is no longer available!	
http://www.ncbi.nlm.nih.gov/LocusLink/LocRpt.cgi?l=7441	410	1	301->https://www.ncbi.nlm.nih.gov/LocusLink/LocRpt.cgi?l=7441	https://www.ncbi.nlm.nih.gov/LocusLink/LocRpt.cgi?l=7441	text/html; charset=utf-8	Resource is no longer available!	
http://www.ncbi.nlm.nih.gov/LocusLink/LocRpt.cgi?l=7077	410	1	301->https://www.ncbi.nlm.nih.gov/LocusLink/LocRpt.cgi?l=7077	https://www.ncbi.nlm.nih.gov/LocusLink/LocRpt.cgi?l=7077	text/html; charset=utf-8	Resource is no longer available!	
http://www.ncbi.nlm.nih.gov/LocusLink/LocRpt.cgi?l=7430	410	1	301->https://www.ncbi.nlm.nih.gov/LocusLink/LocRpt.cgi?l=7430	https://www.ncbi.nlm.nih.gov/LocusLink/LocRpt.cgi?l=7430	text/html; charset=utf-8	Resource is no longer available!	
http://www.godatabase.org/cgi-bin/amigo/go.cgi?view=details&amp;search_constraint=terms&amp;depth=0&amp;query=GO:0009595	TIMEOUT	0					
http://www.ncbi.nlm.nih.gov/LocusLink/LocRpt.cgi?l=7360	410	1	301->https://www.ncbi.nlm.nih.gov/LocusLink/LocRpt.cgi?l=7360	https://www.ncbi.nlm.nih.gov/LocusLink/LocRpt.cgi?l=7360	text/html; charset=utf-8	Resource is no longer available!	
http://www.ncbi.nlm.nih.gov/LocusLink/LocRpt.cgi?l=7443	410	1	301->https://www.ncbi.nlm.nih.gov/LocusLink/LocRpt.cgi?l=7443	https://www.ncbi.nlm.nih.gov/LocusLink/LocRpt.cgi?l=7443	text/html; charset=utf-8	Resource is no longer available!	
http://www.ncbi.nlm.nih.gov/LocusLink/LocRpt.cgi?l=7155	410	1	301->https://www.ncbi.nlm.nih.gov/LocusLink/LocRpt.cgi?l=7155	https://www.ncbi.nlm.nih.gov/LocusLink/LocRpt.cgi?l=7155	text/html; charset=utf-8	Resource is no longer available!	
http://www.ncbi.nlm.nih.gov/LocusLink/LocRpt.cgi?l=7203	410	1	301->https://www.ncbi.nlm.nih.gov/LocusLink/LocRpt.cgi?l=7203	https://www.ncbi.nlm.nih.gov/LocusLink/LocRpt.cgi?l=7203	text/html; charset=utf-8	Resource is no longer available!	
http://www.ncbi.nlm.nih.gov/LocusLink/LocRpt.cgi?l=7102	410	1	301->https://www.ncbi.nlm.nih.gov/LocusLink/LocRpt.cgi?l=7102	https://www.ncbi.nlm.nih.gov/LocusLink/LocRpt.cgi?l=7102	text/html; charset=utf-8	Resource is no longer available!	
http://www.ncbi.nlm.nih.gov/LocusLink/LocRpt.cgi?l=7705	410	1	301->https://www.ncbi.nlm.nih.gov/LocusLink/LocRpt.cgi?l=7705	https://www.ncbi.nlm.nih.gov/LocusLink/LocRpt.cgi?l=7705	text/html; charset=utf-8	Resource is no longer available!	
http://www.ncbi.nlm.nih.gov/LocusLink/LocRpt.cgi?l=818	410	1	301->https://www.ncbi.nlm.nih.gov/LocusLink/LocRpt.cgi?l=818	https://www.ncbi.nlm.nih.gov/LocusLink/LocRpt.cgi?l=818	text/html; charset=utf-8	Resource is no longer available!	
http://www.ncbi.nlm.nih.gov/LocusLink/LocRpt.cgi?l=7570	410	1	301->https://www.ncbi.nlm.nih.gov/LocusLink/LocRpt.cgi?l=7570	https://www.ncbi.nlm.nih.gov/LocusLink/LocRpt.cgi?l=7570	text/html; charset=utf-8	Resource is no longer available!	
http://www.ncbi.nlm.nih.gov/LocusLink/LocRpt.cgi?l=8655	410	1	301->https://www.ncbi.nlm.nih.gov/LocusLink/LocRpt.cgi?l=8655	https://www.ncbi.nlm.nih.gov/LocusLink/LocRpt.cgi?l=8655	text/html; charset=utf-8	Resource is no longer available!	
http://www.ncbi.nlm.nih.gov/LocusLink/LocRpt.cgi?l=8738	410	1	301->https://www.ncbi.nlm.nih.gov/LocusLink/LocRpt.cgi?l=8738	https://www.ncbi.nlm.nih.gov/LocusLink/LocRpt.cgi?l=8738	text/html; charset=utf-8	Resource is no longer available!	
http://www.ncbi.nlm.nih.gov/LocusLink/LocRpt.cgi?l=8115	410	1	301->https://www.ncbi.nlm.nih.gov/LocusLink/LocRpt.cgi?l=8115	https://www.ncbi.nlm.nih.gov/LocusLink/LocRpt.cgi?l=8115	text/html; charset=utf-8	Resource is no longer available!	
http://www.ncbi.nlm.nih.gov/LocusLink/LocRpt.cgi?l=847	410	1	301->https://www.ncbi.nlm.nih.gov/LocusLink/LocRpt.cgi?l=847	https://www.ncbi.nlm.nih.gov/LocusLink/LocRpt.cgi?l=847	text/html; charset=utf-8	Resource is no longer available!	
http://www.ncbi.nlm.nih.gov/LocusLink/LocRpt.cgi?l=8874	410	1	301->https://www.ncbi.nlm.nih.gov/LocusLink/LocRpt.cgi?l=8874	https://www.ncbi.nlm.nih.gov/LocusLink/LocRpt.cgi?l=8874	text/html; charset=utf-8	Resource is no longer available!	
http://www.ncbi.nlm.nih.gov/LocusLink/LocRpt.cgi?l=84990	410	1	301->https://www.ncbi.nlm.nih.gov/LocusLink/LocRpt.cgi?l=84990	https://www.ncbi.nlm.nih.gov/LocusLink/LocRpt.cgi?l=84990	text/html; charset=utf-8	Resource is no longer available!	
http://www.ncbi.nlm.nih.gov/LocusLink/LocRpt.cgi?l=930	410	1	301->https://www.ncbi.nlm.nih.gov/LocusLink/LocRpt.cgi?l=930	https://www.ncbi.nlm.nih.gov/LocusLink/LocRpt.cgi?l=930	text/html; charset=utf-8	Resource is no longer available!	
http://www.ncbi.nlm.nih.gov/LocusLink/LocRpt.cgi?l=9221	410	1	301->https://www.ncbi.nlm.nih.gov/LocusLink/LocRpt.cgi?l=9221	https://www.ncbi.nlm.nih.gov/LocusLink/LocRpt.cgi?l=9221	text/html; charset=utf-8	Resource is no longer available!	
http://www.ncbi.nlm.nih.gov/LocusLink/LocRpt.cgi?l=7535	410	1	301->https://www.ncbi.nlm.nih.gov/LocusLink/LocRpt.cgi?l=7535	https://www.ncbi.nlm.nih.gov/LocusLink/LocRpt.cgi?l=7535	text/html; charset=utf-8	Resource is no longer available!	
http://www.ncbi.nlm.nih.gov/LocusLink/LocRpt.cgi?l=8894	410	1	301->https://www.ncbi.nlm.nih.gov/LocusLink/LocRpt.cgi?l=8894	https://www.ncbi.nlm.nih.gov/LocusLink/LocRpt.cgi?l=8894	text/html; charset=utf-8	Resource is no longer available!	
http://www.ncbi.nlm.nih.gov/LocusLink/LocRpt.cgi?l=896	410	1	301->https://www.ncbi.nlm.nih.gov/LocusLink/LocRpt.cgi?l=896	https://www.ncbi.nlm.nih.gov/LocusLink/LocRpt.cgi?l=896	text/html; charset=utf-8	Resource is no longer available!	
http://www.ncbi.nlm.nih.gov/LocusLink/LocRpt.cgi?l=933	410	1	301->https://www.ncbi.nlm.nih.gov/LocusLink/LocRpt.cgi?l=933	https://www.ncbi.nlm.nih.gov/LocusLink/LocRpt.cgi?l=933	text/html; charset=utf-8	Resource is no longer available!	
http://www.ncbi.nlm.nih.gov/LocusLink/LocRpt.cgi?l=7791	410	1	301->https://www.ncbi.nlm.nih.gov/LocusLink/LocRpt.cgi?l=7791	https://www.ncbi.nlm.nih.gov/LocusLink/LocRpt.cgi?l=7791	text/html; charset=utf-8	Resource is no longer available!	
http://www.ncbi.nlm.nih.gov/LocusLink/LocRpt.cgi?l=8751	410	1	301->https://www.ncbi.nlm.nih.gov/LocusLink/LocRpt.cgi?l=8751	https://www.ncbi.nlm.nih.gov/LocusLink/LocRpt.cgi?l=8751	text/html; charset=utf-8	Resource is no longer available!	
http://www.ncbi.nlm.nih.gov/LocusLink/LocRpt.cgi?l=865	410	1	301->https://www.ncbi.nlm.nih.gov/LocusLink/LocRpt.cgi?l=865	https://www.ncbi.nlm.nih.gov/LocusLink/LocRpt.cgi?l=865	text/html; charset=utf-8	Resource is no longer available!	
http://www.ncbi.nlm.nih.gov/LocusLink/LocRpt.cgi?l=967	410	1	301->https://www.ncbi.nlm.nih.gov/LocusLink/LocRpt.cgi?l=967	https://www.ncbi.nlm.nih.gov/LocusLink/LocRpt.cgi?l=967	text/html; charset=utf-8	Resource is no longer available!	
http://www.ncbi.nlm.nih.gov/LocusLink/LocRpt.cgi?l=945	410	1	301->https://www.ncbi.nlm.nih.gov/LocusLink/LocRpt.cgi?l=945	https://www.ncbi.nlm.nih.gov/LocusLink/LocRpt.cgi?l=945	text/html; charset=utf-8	Resource is no longer available!	
http://www.ncbi.nlm.nih.gov/LocusLink/LocRpt.cgi?l=975	410	1	301->https://www.ncbi.nlm.nih.gov/LocusLink/LocRpt.cgi?l=975	https://www.ncbi.nlm.nih.gov/LocusLink/LocRpt.cgi?l=975	text/html; charset=utf-8	Resource is no longer available!	
http://www.ncbi.nlm.nih.gov/LocusLink/LocRpt.cgi?l=9793	410	1	301->https://www.ncbi.nlm.nih.gov/LocusLink/LocRpt.cgi?l=9793	https://www.ncbi.nlm.nih.gov/LocusLink/LocRpt.cgi?l=9793	text/html; charset=utf-8	Resource is no longer available!	
http://www.ncbi.nlm.nih.gov/LocusLink/LocRpt.cgi?l=9695	410	1	301->https://www.ncbi.nlm.nih.gov/LocusLink/LocRpt.cgi?l=9695	https://www.ncbi.nlm.nih.gov/LocusLink/LocRpt.cgi?l=9695	text/html; charset=utf-8	Resource is no longer available!	
http://www.ncbi.nlm.nih.gov/LocusLink/LocRpt.cgi?l=9918	410	1	301->https://www.ncbi.nlm.nih.gov/LocusLink/LocRpt.cgi?l=9918	https://www.ncbi.nlm.nih.gov/LocusLink/LocRpt.cgi?l=9918	text/html; charset=utf-8	Resource is no longer available!	
http://www.ncbi.nlm.nih.gov/LocusLink/LocRpt.cgi?l=952	410	1	301->https://www.ncbi.nlm.nih.gov/LocusLink/LocRpt.cgi?l=952	https://www.ncbi.nlm.nih.gov/LocusLink/LocRpt.cgi?l=952	text/html; charset=utf-8	Resource is no longer available!	
http://www.ncbi.nlm.nih.gov/geo/query/acc.cgi?acc=GSE103322	200	1	301->https://www.ncbi.nlm.nih.gov/geo/query/acc.cgi?acc=GSE103322	https://www.ncbi.nlm.nih.gov/geo/query/acc.cgi?acc=GSE103322	text/html	GEO Accession viewer	
http://www.ncbi.nlm.nih.gov/pmc/articles/PMC3738458/	200	2	301->https://www.ncbi.nlm.nih.gov/pmc/articles/PMC3738458/ | 301->https://pmc.ncbi.nlm.nih.gov/articles/PMC3738458/	https://pmc.ncbi.nlm.nih.gov/articles/PMC3738458/			
http://www.ncbi.nlm.nih.gov/LocusLink/LocRpt.cgi?l=973	410	1	301->https://www.ncbi.nlm.nih.gov/LocusLink/LocRpt.cgi?l=973	https://www.ncbi.nlm.nih.gov/LocusLink/LocRpt.cgi?l=973	text/html; charset=utf-8	Resource is no longer available!	
http://www.nytimes.com/2009/01/07/technology/business-computing/07program.html?_r=1&scp=1&sq=robert%20gentleman&st=cse	403	0				nytimes.com	
http://www.netlib.org/f2c/	200	1	301->https://www.netlib.org/f2c/	https://www.netlib.org/f2c/	text/html; charset=UTF-8	netlib/f2c	
http://www.ncbi.nlm.nih.gov/pubmed/23692960	200	2	301->https://www.ncbi.nlm.nih.gov/pubmed/23692960 | 301->https://pubmed.ncbi.nlm.nih.gov/23692960/	https://pubmed.ncbi.nlm.nih.gov/23692960/	text/html; charset=utf-8		
http://www.ncbi.nlm.nih.gov/pmc/?term=bioconductor&sort=ePubDate	200	2	301->https://www.ncbi.nlm.nih.gov/pmc/?term=bioconductor&sort=ePubDate | 301->https://pmc.ncbi.nlm.nih.gov/search/?term=bioconductor&sort=ePubDate	https://pmc.ncbi.nlm.nih.gov/search/?term=bioconductor&sort=ePubDate		PMC Full Text Articles	
http://www.ncbi.nlm.nih.gov/LocusLink/LocRpt.cgi?l=9789	410	1	301->https://www.ncbi.nlm.nih.gov/LocusLink/LocRpt.cgi?l=9789	https://www.ncbi.nlm.nih.gov/LocusLink/LocRpt.cgi?l=9789	text/html; charset=utf-8	Resource is no longer available!	
http://www.rguha.net/code/R/fcbf.R	CONN_ERROR	0					
http://www.ncbi.nlm.nih.gov/LocusLink/LocRpt.cgi?l=934	410	1	301->https://www.ncbi.nlm.nih.gov/LocusLink/LocRpt.cgi?l=934	https://www.ncbi.nlm.nih.gov/LocusLink/LocRpt.cgi?l=934	text/html; charset=utf-8	Resource is no longer available!	
http://www.r-project.org	200	0			text/html	R: The R Project for Statistical Computing	
http://www.r-bloggers.com/go-analysis-using-clusterprofiler/	200	2	301->https://www.r-bloggers.com/go-analysis-using-clusterprofiler/ | 301->https://www.r-bloggers.com/2016/01/go-analysis-using-clusterprofiler/	https://www.r-bloggers.com/2016/01/go-analysis-using-clusterprofiler/	text/html; charset=UTF-8		
http://www.ncbi.nlm.nih.gov/pubmed/24727771	200	2	301->https://www.ncbi.nlm.nih.gov/pubmed/24727771 | 301->https://pubmed.ncbi.nlm.nih.gov/24727771/	https://pubmed.ncbi.nlm.nih.gov/24727771/	text/html; charset=utf-8		
http://www.ruby-lang.org/en/	200	0			text/html; charset=utf-8	Ruby Programming Language	
http://www.pasteur.edu.uy/index.php/es/proximoscursos/695-untangling-genomes-through-bioinformatics-using-r-bioconductor-and-tools-for-pathway-analysis	TLS_ERROR	1	302->https://www.pasteur.edu.uy/index.php/es/proximoscursos/695-untangling-genomes-through-bioinformatics-using-r-bioconductor-and-tools-for-pathway-analysis	https://www.pasteur.edu.uy/index.php/es/proximoscursos/695-untangling-genomes-through-bioinformatics-using-r-bioconductor-and-tools-for-pathway-analysis			
http://www.r-project.org/posting-guide.html	200	0			text/html	R: Posting Guide: How to ask good questions that prompt useful answers	
http://www.soph.uab.edu/ssg/courses/nhgri_r13/ngsstat	DNS_FAIL	0					
http://www.ncbi.nlm.nih.gov/LocusLink/LocRpt.cgi?l=974	410	1	301->https://www.ncbi.nlm.nih.gov/LocusLink/LocRpt.cgi?l=974	https://www.ncbi.nlm.nih.gov/LocusLink/LocRpt.cgi?l=974	text/html; charset=utf-8	Resource is no longer available!	
http://www.ncbi.nlm.nih.gov/pubmed/25690415	200	2	301->https://www.ncbi.nlm.nih.gov/pubmed/25690415 | 301->https://pubmed.ncbi.nlm.nih.gov/25690415/	https://pubmed.ncbi.nlm.nih.gov/25690415/	text/html; charset=utf-8		
http://www.scfbm.org/	301	1	301->http://scfbm.biomedcentral.com/	http://scfbm.biomedcentral.com/		301 Moved Permanently	
http://www.scfbm.org/authors/instructions/workflow	301	1	301->http://scfbm.biomedcentral.com/submission-guidelines	http://scfbm.biomedcentral.com/submission-guidelines		301 Moved Permanently	
http://www.ncbi.nlm.nih.gov/pubmed/23051804	200	2	301->https://www.ncbi.nlm.nih.gov/pubmed/23051804 | 301->https://pubmed.ncbi.nlm.nih.gov/23051804/	https://pubmed.ncbi.nlm.nih.gov/23051804/	text/html; charset=utf-8		
http://www.ncbi.nlm.nih.gov/variation/docs/human_variation_vcf/	200	1	301->https://www.ncbi.nlm.nih.gov/variation/docs/human_variation_vcf/	https://www.ncbi.nlm.nih.gov/variation/docs/human_variation_vcf/	text/html; charset=UTF-8	Human Variation Sets in VCF Format	
http://www.slideshare.net/simone.brunozzi/amazon-web-services-signup	301	1	301->https://www.slideshare.net/simone.brunozzi/amazon-web-services-signup	https://www.slideshare.net/simone.brunozzi/amazon-web-services-signup			
http://www.springeronline.com/sgw/cda/frontpage/0,11855,4-40109-22-46634499-0,00.html	200	0			text/html; charset=utf-8	This page does not exist | Springer — International Publisher	
http://www.silvercloud.com/seattlelakeunion/	200	1	301->https://www.silvercloud.com/seattlelakeunion/	https://www.silvercloud.com/seattlelakeunion/	text/html; charset=UTF-8		
http://www.psidev.info/mzquantml	200	0			text/html; charset=UTF-8	mzQuantML - HUPO Proteomics Standards Initiative	
http://www.sciserver.org/	200	1	301->https://www.sciserver.org/	https://www.sciserver.org/	text/html; charset=UTF-8	SciServer &#8211; Collaborative data-driven science	
http://www.ncbi.nlm.nih.gov/pubmed/?term=bioconductor&sort=date	200	2	301->https://www.ncbi.nlm.nih.gov/pubmed/?term=bioconductor&sort=date | 301->https://pubmed.ncbi.nlm.nih.gov/?term=bioconductor&sort=date	https://pubmed.ncbi.nlm.nih.gov/?term=bioconductor&sort=date	text/html; charset=utf-8		
http://www.springer.com/statistics/stats+life+sci/book/978-0-387-77239-4	301	2	301->https://www.springer.com/statistics/stats+life+sci/book/978-0-387-77239-4 | 301->https://link.springer.com/statistics/stats+life+sci/book/978-0-387-77239-4	https://link.springer.com/statistics/stats+life+sci/book/978-0-387-77239-4		301 Moved Permanently	
http://www.stat.berkeley.edu/~bolstad/PLMImageGallery	404	1	301->https://www.stat.berkeley.edu/~bolstad/PLMImageGallery	https://www.stat.berkeley.edu/~bolstad/PLMImageGallery	text/html	404 Not Found	
http://www.stat.Berkeley.EDU/~laan/Students/Students_subpages/Katie/katie.html	200	2	301->https://www.stat.berkeley.edu/~laan/Students/Students_subpages/Katie/katie.html | 301->https://vanderlaan-lab.org	https://vanderlaan-lab.org	text/html; charset=UTF-8	The Research Group of Mark van der Laan	
http://www.stephaniehicks.com/	200	1	301->https://www.stephaniehicks.com/	https://www.stephaniehicks.com/	text/html; charset=utf-8	Stephanie Hicks – Stephanie C. Hicks, PhD	
http://www.stat.berkeley.edu/~bolstad/PLMImageGallery/	404	1	301->https://www.stat.berkeley.edu/~bolstad/PLMImageGallery/	https://www.stat.berkeley.edu/~bolstad/PLMImageGallery/	text/html	404 Not Found	
http://www.stat.berkeley.edu/~yuchuan/	404	1	301->https://www.stat.berkeley.edu/~yuchuan/	https://www.stat.berkeley.edu/~yuchuan/	text/html	404 Not Found	
http://www.ncbi.nlm.nih.gov/pubmed/?term=bioconductor&sort=ePubDate	200	2	301->https://www.ncbi.nlm.nih.gov/pubmed/?term=bioconductor&sort=ePubDate | 301->https://pubmed.ncbi.nlm.nih.gov/?term=bioconductor&sort=ePubDate	https://pubmed.ncbi.nlm.nih.gov/?term=bioconductor&sort=ePubDate	text/html; charset=utf-8		
http://www.stat.brown.edu/zwu/	200	4	308->https://www.stat.brown.edu/zwu/ | 301->https://www.brown.edu/academics/public-health/css/ | 301->https://biostatistics.sph.brown.edu/center-statistical-sciences | 301->https://biostatistics.sph.brown.edu/research	https://biostatistics.sph.brown.edu/research	text/html; charset=UTF-8	Center for Biostatistics and Health Data Science | Biostatistics | School of Public Health | Brown University	
http://www.stat.berkeley.edu/%7Esandrine	200	2	301->https://www.stat.berkeley.edu/%7Esandrine | 301->https://www.stat.berkeley.edu/~sandrine/	https://www.stat.berkeley.edu/~sandrine/	text/html	Sandrine Dudoit	
http://www.ncbi.nlm.nih.gov/pubmed/?term=bioconductor	200	2	301->https://www.ncbi.nlm.nih.gov/pubmed/?term=bioconductor | 301->https://pubmed.ncbi.nlm.nih.gov/?term=bioconductor	https://pubmed.ncbi.nlm.nih.gov/?term=bioconductor	text/html; charset=utf-8		
http://www.youtube.com/user/RafalabChannel?feature=watch	200	1	301->https://www.youtube.com/user/RafalabChannel?feature=watch	https://www.youtube.com/user/RafalabChannel?feature=watch	text/html; charset=utf-8		
http://www.swig.org/doc.html	301	0			text/html; charset=iso-8859-1	301 Moved Permanently	
http://www.user2017.brussels/	200	1	301->https://www.user2017.brussels/	https://www.user2017.brussels/	text/html	useR!2017	
http://www.stat.berkeley.edu/~sandrine	200	2	301->https://www.stat.berkeley.edu/~sandrine | 301->https://www.stat.berkeley.edu/~sandrine/	https://www.stat.berkeley.edu/~sandrine/	text/html	Sandrine Dudoit	
http://www.swig.org/Doc3.0/CPlusPlus11.html	301	0			text/html; charset=iso-8859-1	301 Moved Permanently	
http://www.swig.org/	301	0			text/html; charset=iso-8859-1	301 Moved Permanently	
http://www.string-db.org	200	1	301->https://www.string-db.org/	https://www.string-db.org/	text/html; charset=utf-8		
https://Bioconductor.github.io/EuroBioc2017/	404	0			text/html; charset=utf-8	Site not found &middot; GitHub Pages	
https://academic.oup.com/bioinformatics/advance-article-abstract/doi/10.1093/bioinformatics/btaa575/5861528	403	0			text/html; charset=UTF-8	Just a moment...	
http://www3.uclm.es/congresos/useR-2013/Tutorials/Morgan.html	DNS_FAIL	0					
http://ygc.name/2015/07/28/upsetplot-in-chipseeker/	200	0					
http://www.warwick.ac.uk/statsdept/useR-2011/tutorials/Morgan.html	ERROR	1	301->http://web.warwick.ac.uk/statsdept/useR-2011/tutorials/Morgan.html	http://web.warwick.ac.uk/statsdept/useR-2011/tutorials/Morgan.html			
http://www.warwick.ac.uk/statsdept/useR-2011/	ERROR	1	301->http://web.warwick.ac.uk/statsdept/useR-2011/	http://web.warwick.ac.uk/statsdept/useR-2011/			
http://zlib.net/zlib_how.html	200	0			text/html	zlib Usage Example	
https://academic.oup.com/bioinformatics/article-abstract/35/20/3944/5418797	403	0			text/html; charset=UTF-8	Just a moment...	
http://zvfak.blogspot.com/2012/10/how-to-read-bsmap-methylation-ratio.html	200	0			text/html; charset=UTF-8		
https://FertigLab.github.io/dominoSignal	200	1	301->https://fertiglab.github.io/dominoSignal/	https://fertiglab.github.io/dominoSignal/	text/html; charset=utf-8	Cell Communication from Single Cell RNA Sequencing Data • dominoSignal	
http://www.wellcome.ac.uk/doc_WTX035299.html	202	2	301->https://www.wellcome.ac.uk:443/doc_WTX035299.html | 301->https://wellcome.org:443/doc_WTX035299.html	https://wellcome.org:443/doc_WTX035299.html	text/html; charset=UTF-8		
https://ajax.aspnetcdn.com/ajax/jquery.dataTables/1.9.4/css/jquery.dataTables.css	200	0			text/css		
https://ajax.aspnetcdn.com/ajax/jquery.dataTables/1.9.4/jquery.dataTables.min.js	200	0			application/javascript		
https://abacbs.org/conference-workshops	404	1	301->https://www.abacbs.org/conference-workshops	https://www.abacbs.org/conference-workshops	text/html;charset=utf-8	Australian Bioinformatics And Computational Biology Society	
https://arxiv.org/abs/2211.00772	200	0				[2211.00772] Tuning hyperparameters of doublet-detection methods for single-cell RNA sequencing data	
https://anvilproject.org/	200	0			text/html		
http://www.statsci.org/smyth/pubs/normalize.pdf	200	1	301->https://gksmyth.github.io//pubs/normalize.pdf	https://gksmyth.github.io//pubs/normalize.pdf	application/pdf		
https://alserglab.wustl.edu/hsds	404	0			text/html; charset=iso-8859-1	404 Not Found	
https://aws.amazon.com/ec2/instance-types/	200	0			text/html;charset=utf-8		
https://bioc2017.updog.co/DelayedMatrixStats_BioC_2017.html	DNS_FAIL	0					
https://aws.amazon.com/	200	0			text/html;charset=utf-8		
https://aws.amazon.com/ecs/	200	0			text/html;charset=utf-8		
http://www3.imperial.ac.uk/stathelp/courses/statisticalmicroarrayanalysisusingr/	200	1	301->https://www.imperial.ac.uk/	https://www.imperial.ac.uk/	text/html; charset=UTF-8	Imperial College London	
http://www3.imperial.ac.uk/stathelp/courses/statisticalmicroarrayanalysisusingr	200	1	301->https://www.imperial.ac.uk/	https://www.imperial.ac.uk/	text/html; charset=UTF-8	Imperial College London	
https://CRAN.R-project.org/package=BiocManager	200	1	303->https://cran.r-project.org/web/packages/BiocManager/index.html	https://cran.r-project.org/web/packages/BiocManager/index.html	text/html	CRAN: Package BiocManager	
https://bioconductor.github.io/2022-09-12-BiocIntro-Heidelberg/	200	0			text/html; charset=utf-8	BioQuant Heidelberg: September 12-13, 2022	
https://au.linkedin.com/in/mengbo-li-064b2b230	999	0			text/html		
http://x-meeting.com/rna-seq	404	1	301->https://x-meeting.com/rna-seq	https://x-meeting.com/rna-seq	text/html; charset=UTF-8	Hospedagem Locaweb	
https://bioconductor.github.io/2023-07-31-BiocRnaseq-Bioc2023/	200	0			text/html; charset=utf-8	Dana Farber Cancer Institute: Jul 31-Aug 1, 2023	
https://azure.microsoft.com/en-us/services/container-instances/	404	0			text/html		
https://bioconductor.github.io/2024-07-22-BiocRnaseq-Bioc2024/	200	0			text/html; charset=utf-8	Van Andel Institute: Jul 22-23, 2024	
https://azure.microsoft.com/en-us	200	0			text/html; charset=utf-8		
https://bioconductor.github.io/EuroBioc2017/	404	0			text/html; charset=utf-8	Site not found &middot; GitHub Pages	
https://bioconductor.github.io/EuroBioc2018	404	0			text/html; charset=utf-8	Site not found &middot; GitHub Pages	
https://biox.stanford.edu/about/clark-center	403	0			text/html; charset=UTF-8	Just a moment...	
https://bioconductor.github.io/bioc_coc_multilingual/	200	0			text/html; charset=utf-8	Project-wide Code of Conduct statement for Bioconductor	
https://aws-portal.amazon.com/gp/aws/developer/account/index.html?ie=UTF8&action=access-key&openid.assoc_handle=aws&aToken=4|qHyux74J3Pqo5Ml1%2BpIjsf8w8twCjBb4%2BNaiZTTTknBLi8S3ow/WjtPevRc4tiDz3fblfbOshZIXKunrQfXdZJ%2BN/Zba9jpj0PevsDiIj3Oi13k8IHP9YmKnm9jRfy3kRJrWQ2H3OWkTXQz%2BKwtcpqHMvCLPpPtZ/lonhjnU7f5Wyb8TkaQP4aO6FzdQbJ7yt56GzP6NgKqa82QdI%2BCoKxXbfZ/W45ID&openid.claimed_id=https://www.amazon.com/ap/id/amzn1.account.AEM2GUZSOFV2GFYCOAGKQWTMUZ4Q&openid.identity=https://www.amazon.com/ap/id/amzn1.account.AEM2GUZSOFV2GFYCOAGKQWTMUZ4Q&openid.mode=id_res&openid.ns=http://specs.openid.net/auth/2.0&openid.op_endpoint=https://www.amazon.com/ap/signin&openid.response_nonce=2011-01-18T21:28:22Z3420106691568049774&openid.return_to=https://aws-portal.amazon.com/gp/aws/developer/account/index.html%3Fie%3DUTF8%26action%3Daccess-key&openid.signed=assoc_handle,aToken,claimed_id,identity,mode,ns,op_endpoint,response_nonce,return_to,pape.auth_policies,pape.auth_time,ns.pape,signed&openid.ns.pape=http://specs.openid.net/extensions/pape/1.0&openid.pape.auth_policies=http://schemas.openid.net/pape/policies/2007/06/none&openid.pape.auth_time=2011-01-18T21:28:22Z&openid.sig=GFj1mg6Rt5h5mV3DxQzpheGbgJjvCGoE4Wce4Acw350%3D&	200	2	301->https://console.aws.amazon.com/iam/home?#security_credential | 302->https://us-east-1.console.aws.amazon.com/iam/home	https://us-east-1.console.aws.amazon.com/iam/home	text/html; charset=utf-8		
https://biocpy.github.io/tutorial/	200	0			text/html; charset=utf-8	BiocPy: Facilitate Bioconductor Workflows in Python	
https://bmcbioinformatics.biomedcentral.com/articles/10.1186/s12859-021-04461-5	301	0				301 Moved Permanently	
https://bioinformaticsfmrp.github.io/Bioc2017.TCGAbiolinks.ELMER/index.html	200	0			text/html; charset=utf-8		
https://bioconductor.github.io/BiocAsia/	404	0			text/html; charset=utf-8	Site not found &middot; GitHub Pages	
https://bosbioc.wordpress.com/boston-bioconductor-basics-april-4-5-2013/	200	0			text/html; charset=UTF-8		
https://cabig.nci.nih.gov/	DNS_FAIL	0					
https://bioconductor.github.io/EuroBioc2016	404	0			text/html; charset=utf-8	Site not found &middot; GitHub Pages	
https://bsky.app/profile/bioconductor.bsky.social	404	0			text/html; charset=UTF-8	@bioconductor.bsky.social on Bluesky	
https://bioconductor.github.io/biocblog	200	1	301->https://blog.bioconductor.org	https://blog.bioconductor.org	text/html; charset=utf-8	Bioconductor community blog	
https://calendar.google.com/calendar/b/1?cid=YWtlczFvZGVsbW9kcDAzODV1ZHB2NDhpY29AZ3JvdXAuY2FsZW5kYXIuZ29vZ2xlLmNvbQ	302	0					
https://bsky.app/profile/stemang.bsky.social/post/3l26vts4aak26	404	0			text/html; charset=UTF-8	@stemang.bsky.social on Bluesky	
https://bioconductor.github.io/biocblog/	200	1	301->https://blog.bioconductor.org/	https://blog.bioconductor.org/	text/html; charset=utf-8	Bioconductor community blog	
https://bugs.r-project.org/bugzilla/show_bug.cgi?id=17494	418	1	301->https://bugs.r-project.org/show_bug.cgi?id=17494	https://bugs.r-project.org/show_bug.cgi?id=17494	text/html	R Bugs Redirect	
https://bugs.r-project.org/bugzilla/show_bug.cgi?id=17668	418	1	301->https://bugs.r-project.org/show_bug.cgi?id=17668	https://bugs.r-project.org/show_bug.cgi?id=17668	text/html	R Bugs Redirect	
https://cancerdatascience.org/blog/posts/ceres-chronos/	200	0				Understanding the differences between CERES and Chronos DepMap data - Cancer Data Science Blog	
https://bbisr.winship.emory.edu/	200	2	302->https://winshipcancer.emory.edu:443/research/shared-resources/biostatistics.html | 302->https://winshipcancer.emory.edu/404	https://winshipcancer.emory.edu/404	text/html; charset=UTF-8	Page Not Found | Winship Cancer Institute of Emory University	
https://cmetracker.net/RP/Login?formname=RegLoginLive&EventID=33505	404	0			text/html		
https://comunidadbioinfo.github.io/post/building-tidy-tools-cdsb-runconf-2019/	200	0			text/html; charset=utf-8	CDSB Workshop 2019: How to Build and Create Tidy Tools | CDSB	
https://calendar.google.com/calendar/embed?height=600&amp;wkst=1&amp;bgcolor=%23ffffff&amp;ctz=America%2FNew_York&amp;src=YWtlczFvZGVsbW9kcDAzODV1ZHB2NDhpY29AZ3JvdXAuY2FsZW5kYXIuZ29vZ2xlLmNvbQ&amp;color=%231A81C2	200	3	302->https://accounts.google.com/ServiceLogin?service=cl&passive=1209600&continue=https://calendar.google.com/calendar/newembed?height%3D600%26amp;wkst%3D1%26amp;bgcolor%3D%2523ffffff%26amp;ctz%3DAmerica/New_York%26amp;src%3DYWtlczFvZGVsbW9kcDAzODV1ZHB2NDhpY29AZ3JvdXAuY2FsZW5kYXIuZ29vZ2xlLmNvbQ%26amp;color%3D%25231A81C2&followup=https://calendar.google.com/calendar/newembed?height%3D600%26amp;wkst%3D1%26amp;bgcolor%3D%2523ffffff%26amp;ctz%3DAmerica/New_York%26amp;src%3DYWtlczFvZGVsbW9kcDAzODV1ZHB2NDhpY29AZ3JvdXAuY2FsZW5kYXIuZ29vZ2xlLmNvbQ%26amp;color%3D%25231A81C2 | 302->https://accounts.googl	https://accounts.google.com/v3/signin/identifier?continue=https%3A%2F%2Fcalendar.google.com%2Fcalendar%2Fnewembed%3Fheight%3D600%26amp%3Bwkst%3D1%26amp%3Bbgcolor%3D%2523ffffff%26amp%3Bctz%3DAmerica%2FNew_York%26amp%3Bsrc%3DYWtlczFvZGVsbW9kcDAzODV1ZHB2NDhpY29AZ3JvdXAuY2FsZW5kYXIuZ29vZ2xlLmNvbQ%26amp%3Bcolor%3D%25231A81C2&dsh=S1947623413%3A1785030850771537&followup=https%3A%2F%2Fcalendar.google.com%2Fcalendar%2Fnewembed%3Fheight%3D600%26amp%3Bwkst%3D1%26amp%3Bbgcolor%3D%2523ffffff%26amp%3Bctz%3DAmerica%2FNew_York%26amp%3Bsrc%3DYWtlczFvZGVsbW9kcDAzODV1ZHB2NDhpY29AZ3JvdXAuY2FsZW5kYXIuZ29vZ2xlLmNvbQ%26amp%3Bcolor%3D%25231A81C2&passive=1209600&service=cl&flowName=WebLiteSignIn&flowEntry=ServiceLogin&ifkv=Ac50bxtLuYtUSwpouUbhP8WgEmtM9aJrrHc9nEm9kKJ-kLA3DGvUd02VdlISkFucHpNxaojRn2QO	text/html; charset=utf-8		
https://chanzuckerberg.com/eoss/proposals/bioconductor-high-quality-training-and-support-for-a-worldwide-community/	200	0			text/html; charset=UTF-8	Bioconductor: High Quality Training and Support for a Worldwide Community - CZI	
https://cloud.google.com/kubernetes-engine/	200	1	301->https://cloud.google.com/kubernetes-engine	https://cloud.google.com/kubernetes-engine	text/html; charset=utf-8		
https://comunidadbioinfo.github.io/post/cdsb2020-building-workflows-with-rstudio-and-scrnaseq-with-bioconductor/	200	0			text/html; charset=utf-8	CDSB Workshop 2020: Building workflows with RStudio and Bioconductor for single cell RNA-seq analysis | CDSB	
https://community-bioc.zulipchat.com/	200	1	302->/login/	https://community-bioc.zulipchat.com/login/	text/html; charset=utf-8	Log in | Zulip	
https://clue.io	200	0			text/html; charset=utf-8		
https://console.aws.amazon.com/cloudformation/home	200	0			text/html; charset=utf-8		
https://chanzuckerberg.com/grants-ventures/grants/	200	0			text/html; charset=UTF-8	Science, Education, Community, and Other Grants - CZI	
https://console.aws.amazon.com/ec2/home	200	0			text/html; charset=utf-8		
https://cloud.google.com/compute/	200	2	301->https://cloud.google.com/compute | 302->https://cloud.google.com/products/compute	https://cloud.google.com/products/compute	text/html; charset=utf-8		
https://computationalbiomed.hms.harvard.edu/about/people/ludwig-geistlinger-phd/	200	1	301->https://dbmi.hms.harvard.edu/about-dbmi/core-computational-biomedicine	https://dbmi.hms.harvard.edu/about-dbmi/core-computational-biomedicine	text/html; charset=UTF-8	Core for Computational Biomedicine | Department of Biomedical Informatics	
https://computationalproteomics.khoury.northeastern.edu/	200	0			text/html; charset=UTF-8	May Institute &#8211; Computation and statistics for mass spectrometry and proteomics	
https://console.aws.amazon.com/elasticmapreduce/home	200	0			text/html; charset=utf-8		
https://console.aws.amazon.com/cloudformation/home?region=us-east-1	200	1	302->https://us-east-1.console.aws.amazon.com/cloudformation/home?region=us-east-1	https://us-east-1.console.aws.amazon.com/cloudformation/home?region=us-east-1	text/html; charset=utf-8		
https://console.aws.amazon.com/s3/home	200	0			text/html; charset=utf-8		
https://cran.r-project.org/	200	0			text/html	The Comprehensive R Archive Network	
https://cran.r-project.org/bin/windows/base/rdevel.html	200	0			text/html	Download the R-Devel build for Windows. The R-project for statistical computing.	
https://console.aws.amazon.com/iam/home	200	1	302->https://us-east-1.console.aws.amazon.com/iam/home	https://us-east-1.console.aws.amazon.com/iam/home	text/html; charset=utf-8		
https://creativecommons.org/licenses/by-sa/4.0/	200	0			text/html	Deed - Attribution-ShareAlike 4.0 International - Creative Commons	
https://console.aws.amazon.com/ec2/home?region=us-east-1	200	1	302->https://us-east-1.console.aws.amazon.com/ec2/home?region=us-east-1	https://us-east-1.console.aws.amazon.com/ec2/home?region=us-east-1	text/html; charset=utf-8		
https://cran.r-project.org/doc/manuals/r-devel/R-exts.html	200	0			text/html		
https://cucumber.io	200	0			text/html; charset=utf-8	Cucumber	
https://cran.r-project.org/web/packages/formatR/index.html	200	0			text/html	CRAN: Package formatR	
https://cran.r-project.org/web/packages/graphlayouts/index.html	200	0			text/html	CRAN: Package graphlayouts	
https://blog.rstudio.org/2016/11/14/ggplot2-2-2-0/	200	3	301->https://www.rstudio.com/blog/ggplot2-2-2-0/ | 301->https://posit.co/blog/ggplot2-2-2-0/ | 301->https://posit.co/blog/ggplot2-2-2-0	https://posit.co/blog/ggplot2-2-2-0	text/html; charset=UTF-8		
https://data.idies.jhu.edu/recount3/data/	200	0				Index of /recount3/data/	
https://csama2024.bioconductor.eu	200	0			text/html; charset=UTF-8	CSAMA 2024	
https://csama2023.bioconductor.eu	200	0			text/html; charset=UTF-8	CSAMA 2023	
https://ctsi.mcw.edu/ai1ec_event/center-for-patient-care-and-outcomes-research-r-workshop/	500	1	301->https://ctsi.mcw.edu/ai1ec_event/center-for-patient-care-and-outcomes-research-r-workshop	https://ctsi.mcw.edu/ai1ec_event/center-for-patient-care-and-outcomes-research-r-workshop	text/html	500 - Internal server error.	
https://csama2022.bioconductor.eu	200	0			text/html; charset=UTF-8	CSAMA 2022	
https://cran.r-project.org/web/packages/magrittr/index.html	200	0			text/html		
https://developer.apple.com/xcode/	200	0			text/html; charset=UTF-8	Xcode - Apple Developer	
https://developer.r-project.org/Blog/public/2018/10/12/conditions-of-length-greater-than-one/index.html	200	0			text/html; charset=utf-8	Conditions of Length Greater Than One - The R Blog	
https://dl.acm.org/doi/10.1145/3307339.3342155	403	0			text/html; charset=UTF-8	Just a moment...	
https://developer.r-project.org/Blog/public/2019/08/19/s3-method-lookup/index.html	200	0			text/html; charset=utf-8	S3 Method Lookup - The R Blog	
https://data.terra.bio	200	0			text/html; charset=UTF-8	Terra Data Repository	
https://developer.r-project.org/Blog/public/2019/11/09/when-you-think-class.-think-again/index.html	200	0			text/html; charset=utf-8	When you think `class(.) == *`, think again! - The R Blog	
https://davidbioinformatics.nih.gov/content.jsp?file=WS.html	200	0			text/html;charset=utf-8	DAVID Bioinformatics Resources	
https://dockflow.org	200	0			text/html; charset=utf-8	DockFlow - Containerize Bioinformatics Workflows	
https://docs.docker.com/engine/	200	0			text/html		
https://docs.docker.com/engine/install/	200	0			text/html		
https://docs.docker.com/engine/containers/run/	200	0			text/html		
https://cran.r-project.org/web/packages/BiocManager/vignettes/BiocManager.html	200	0			text/html		
https://docs.google.com/document/d/1bHFoZS7kJoUh9ZOU2LwZaHwnJhradDmWcDV9EXJc8tI/edit?usp=sharing	200	0			text/html; charset=utf-8		
https://docs.docker.com/compose/reference/up/	200	1	301->/reference/cli/docker/compose/up/	https://docs.docker.com/reference/cli/docker/compose/up/	text/html		
https://docs.google.com/document/d/1l7WyS7z8O-qKd-sCMsWdVsNHRVDP4TqrGcMLMHlEwog/edit?usp=sharing	200	0					
https://docs.docker.com/get-started/docker-concepts/building-images/	200	0			text/html		
https://docs.google.com/document/d/1Q-Hxmy0ZcKzKSbB-dtg02gJRlZ0Vi6WNOTF-W3bwjmY/edit?usp=sharing	200	0					
https://cran.r-project.org/package=aplot	200	1	303->https://cran.r-project.org/web/packages/aplot/index.html	https://cran.r-project.org/web/packages/aplot/index.html	text/html	CRAN: Package aplot	
https://cran.r-project.org/web/packages/microbenchmark	200	1	301->https://cran.r-project.org/web/packages/microbenchmark/	https://cran.r-project.org/web/packages/microbenchmark/	text/html	CRAN: Package microbenchmark	
https://doi.org/10.1007/978-1-0716-0301-7_10	302	0			text/html;charset=utf-8	Handle Redirect	
https://cran.r-project.org/package=protViz	200	1	303->https://cran.r-project.org/web/packages/protViz/index.html	https://cran.r-project.org/web/packages/protViz/index.html	text/html	CRAN: Package protViz	
https://datadryad.org/	200	0			text/html; charset=utf-8	Dryad | Publish and preserve your data	
https://doi.org/10.1016/j.cell.2015.12.028	302	0			text/html;charset=utf-8	Handle Redirect	
https://docs.google.com/document/d/1wJvWTxuCFc71acfSAZDNhUr8rifKXhGW8-Ugo6DVRyg/edit?usp=sharing	200	0					
https://docs.google.com/presentation/d/1_KN_FLXlzcY_iaOlo6Xer-3m_hAFPDhpelF4NalyFQA/edit?usp=sharing	410	0			text/html; charset=utf-8	Page Not Found	
https://docs.microsoft.com/en-us/cli/azure/?view=azure-cli-latest	200	1	301->https://learn.microsoft.com/en-us/cli/azure/?view=azure-cli-latest	https://learn.microsoft.com/en-us/cli/azure/?view=azure-cli-latest	text/html	Azure Command-Line Interface (CLI) documentation | Microsoft Learn	
https://docs.google.com/presentation/d/1TDpr9kfA_UzIzp0NGIpeRc8iKjer_FbjnPMPr7D570A/edit?usp=sharing	410	0			text/html; charset=utf-8	Page Not Found	
https://docs.microsoft.com/en-us/azure/container-instances/container-instances-overview	200	1	301->https://learn.microsoft.com/en-us/azure/container-instances/container-instances-overview	https://learn.microsoft.com/en-us/azure/container-instances/container-instances-overview	text/html	Serverless containers in Azure - Azure Container Instances | Microsoft Learn	
https://doi.org/10.1016/j.celrep.2016.05.038	302	0			text/html;charset=utf-8	Handle Redirect	
https://doi.org/10.1016/j.xinn.2024.100722	302	0			text/html;charset=utf-8	Handle Redirect	
https://doi.org/10.1038/nature25501	302	0			text/html;charset=utf-8	Handle Redirect	
https://doi.org/10.1038/s41593-020-00787-0	302	0			text/html;charset=utf-8	Handle Redirect	
https://docs.google.com/presentation/d/1v8mmuTCZJpU_0EmAgGAfoDXF3zG8GICMeXR-1d8WfRY/edit?usp=sharing	410	0			text/html; charset=utf-8	Page Not Found	
https://doi.org/10.1093/bioinformatics/bty141	302	0			text/html;charset=utf-8	Handle Redirect	
https://doi.org/10.1093/bioinformatics/btab141	302	0			text/html;charset=utf-8	Handle Redirect	
https://docs.google.com/presentation/d/1PXs9kAMyguh-7MG2Zl2eIT0J7w4B7WP6l7R2lYA_-EA/edit?usp=sharing	200	0			text/html; charset=utf-8		
https://docs.google.com/document/d/1z8xkC_3kAsGlpF_UyM9YfV-08o1lTer7xoBz2lQ1IjY/edit?usp=sharing	200	0					
https://doi.org/10.1101/2020.01.10.901652	302	0			text/html;charset=utf-8	Handle Redirect	
https://doi.org/10.1101/2020.03.25.007146	302	0			text/html;charset=utf-8	Handle Redirect	
https://doi.org/10.1101/2020.04.29.068551	302	0			text/html;charset=utf-8	Handle Redirect	
https://docs.google.com/presentation/d/1_jylew2T4AQ2RVPOJe6LYPpv0q9lw_FIQLKMA10idl4/edit?usp=sharing	410	0			text/html; charset=utf-8	Page Not Found	
https://doi.org/10.1073/pnas.1814092116	302	0			text/html;charset=utf-8	Handle Redirect	
https://doi.org/10.1101/2022.01.11.475864	302	0			text/html;charset=utf-8	Handle Redirect	
https://doi.org/10.1101/2023.06.29.547014	302	0			text/html;charset=utf-8	Handle Redirect	
https://doi.org/10.1073/pnas.1617384114	302	0			text/html;charset=utf-8	Handle Redirect	
https://doi.org/10.1101/2020.09.03.282186	302	0			text/html;charset=utf-8	Handle Redirect	
https://doi.org/10.1200/cci.18.00102&	404	0			text/html;charset=utf-8	Error: DOI Not Found	
https://en.wikipedia.org/wiki/Code_coverage	200	0					
https://elixir-europe.org/	200	0			text/html; charset=UTF-8	Welcome to ELIXIR | ELIXIR	
https://everytimezone.com/s/b47302b3	200	0			text/html; charset=utf-8	Every Time Zone: time zone converter, compare time zone difference and find best time for a meeting with one click	
https://doi.org/10.1101/2025.11.20.689483	302	0			text/html;charset=utf-8	Handle Redirect	
https://doi.org/10.1186/gb-2011-12-6-r60	302	0			text/html;charset=utf-8	Handle Redirect	
https://doi.org/10.1186/s12859-019-2879-1	302	0			text/html;charset=utf-8	Handle Redirect	
https://doi.org/10.1093/biostatistics/kxab030	302	0			text/html;charset=utf-8	Handle Redirect	
https://doi.org/10.5281/zenodo.7315418	302	0			text/html;charset=utf-8	Handle Redirect	
https://eg59-plants.ensembl.org/	500	1	301->https://may2024-plants.ensembl.org/	https://may2024-plants.ensembl.org/	text/html	Error: 500 | EMBL’s European Bionformatics Institute	
https://doi.org/10.6084/m9.figshare.13623902.v1	302	0			text/html;charset=utf-8	Handle Redirect	
https://forms.gle/2BREvZfQfwgo2rSR6	200	1	302->https://docs.google.com/forms/d/e/1FAIpQLSdCUq6gePTb7QmgiWzspf7NWut_c49325ciYlXP5QEa2VcMfg/viewform?usp=send_form	https://docs.google.com/forms/d/e/1FAIpQLSdCUq6gePTb7QmgiWzspf7NWut_c49325ciYlXP5QEa2VcMfg/viewform?usp=send_form	text/html; charset=utf-8		
https://forms.gle/7jsVrEnhp74dBrXMA	200	1	302->https://docs.google.com/forms/d/e/1FAIpQLSeCs82nvIQfSHzeOhc9fzvMPg0-VTOT8aoGyFAW0T2glod_oQ/viewform?usp=send_form	https://docs.google.com/forms/d/e/1FAIpQLSeCs82nvIQfSHzeOhc9fzvMPg0-VTOT8aoGyFAW0T2glod_oQ/viewform?usp=send_form	text/html; charset=utf-8		
https://ftp.ncbi.nih.gov/snp/latest_release/JSON/	200	0			text/html;charset=UTF-8	Index of /snp/latest_release/JSON	
https://f1000research.com/articles/6-1558/v1	200	0			text/html;charset=UTF-8		
https://bioinformatics.upsc.se/ngs-training	TIMEOUT	0					
https://galaxyproject.org/	200	0			text/html	Galaxy Community Hub | Galaxy Hub	
https://cadra.bu.edu/	TIMEOUT	0					
https://forms.gle/PBsJQPqBwVuA95xD9	200	1	302->https://docs.google.com/forms/d/e/1FAIpQLSd4Oos9TQkVKRjfjEj3LzfKJuju3TlREh6Pca_S2W77GfdUvA/viewform?usp=send_form	https://docs.google.com/forms/d/e/1FAIpQLSd4Oos9TQkVKRjfjEj3LzfKJuju3TlREh6Pca_S2W77GfdUvA/viewform?usp=send_form	text/html; charset=utf-8		
https://gallantries.github.io/video-library/modules/bioconductor	200	0			text/html; charset=utf-8	Bioconductor R analyses	
https://f1000research.com/articles/6-748/v1	200	0			text/html;charset=UTF-8		
https://forms.gle/8yykWfpVT9xyKd9b8	200	1	302->https://docs.google.com/forms/d/e/1FAIpQLSdC-_-AWv5NJ790dkwp9nNDXkvHo2XFm8OoTa8mloDslB8tRg/viewform?usp=send_form	https://docs.google.com/forms/d/e/1FAIpQLSdC-_-AWv5NJ790dkwp9nNDXkvHo2XFm8OoTa8mloDslB8tRg/viewform?usp=send_form	text/html; charset=utf-8		
https://forms.gle/9aPgtFcpyKfMe52g7	200	1	302->https://docs.google.com/forms/d/e/1FAIpQLSdQPwHgF7fJwfwkXxKPZeB5W_MjTMQpjLbRZj1ix-bA4vLYOg/viewform?usp=send_form	https://docs.google.com/forms/d/e/1FAIpQLSdQPwHgF7fJwfwkXxKPZeB5W_MjTMQpjLbRZj1ix-bA4vLYOg/viewform?usp=send_form	text/html; charset=utf-8		
https://gcc.gnu.org/gcc-4.8/cxx0x_status.html	200	0			text/html; charset=utf-8	Status of Experimental C++11 Support in GCC 4.8 - GNU Project	
https://gcc.gnu.org/onlinedocs/libstdc++/manual/iterators.html	200	0			text/html; charset=utf-8	Chapter 10. Iterators	
https://gforge.nci.nih.gov/docman/?group_id=175	DNS_FAIL	0					
https://gforge.nci.nih.gov/scm/?group_id=175	DNS_FAIL	0					
https://f1000research.com/channels/bioconductor/about-this-channel	200	0			text/html;charset=UTF-8		
https://gdac.broadinstitute.org/	200	0			text/html	Broad GDAC Firehose	
https://genomebiology.biomedcentral.com/track/pdf/10.1186/gb-2004-5-10-r80.pdf	301	0				301 Moved Permanently	
https://genomebiology.biomedcentral.com/counter/pdf/10.1186/gb-2004-5-10-r80.pdf	301	0				301 Moved Permanently	
https://forms.gle/AwJqaVFqsDcAXkpv9	200	2	302->https://docs.google.com/forms/d/e/1FAIpQLScAtq8x6lPIuzoscRTpHQHNao5AgUDRnx5Ctw_KxV9jadTT_A/viewform?usp=send_form | 302->https://docs.google.com/forms/d/e/1FAIpQLScAtq8x6lPIuzoscRTpHQHNao5AgUDRnx5Ctw_KxV9jadTT_A/closedform	https://docs.google.com/forms/d/e/1FAIpQLScAtq8x6lPIuzoscRTpHQHNao5AgUDRnx5Ctw_KxV9jadTT_A/closedform	text/html; charset=utf-8		
https://forms.gle/8NYxRGhprfuNBoRK7	200	2	302->https://docs.google.com/forms/d/e/1FAIpQLSc5cTCxzkOxH9UxrDJmoU4AbodPbd5z_Z600KoLlmc2B4LQDA/viewform?usp=send_form | 302->https://docs.google.com/forms/d/e/1FAIpQLSc5cTCxzkOxH9UxrDJmoU4AbodPbd5z_Z600KoLlmc2B4LQDA/closedform	https://docs.google.com/forms/d/e/1FAIpQLSc5cTCxzkOxH9UxrDJmoU4AbodPbd5z_Z600KoLlmc2B4LQDA/closedform	text/html; charset=utf-8		
https://girke.bioinformatics.ucr.edu/	200	0			text/html; charset=utf-8	Girke Lab	
https://git-scm.com/book/en/v2/Git-Internals-Git-Objects	200	0			text/html; charset=utf-8	Git - Git Objects	
https://functionalgenomics.upf.edu/people/rcastelo/	200	0			text/html; charset=UTF-8	Functional Genomics Group	
https://gdoc.georgetown.edu	200	1	301->https://sites.google.com:443/georgetown.edu/g-doc/home	https://sites.google.com:443/georgetown.edu/g-doc/home	text/html; charset=utf-8		
https://geneontology.org/docs/guide-go-evidence-codes	200	1	301->https://geneontology.github.io/docs/guide-go-evidence-codes/	https://geneontology.github.io/docs/guide-go-evidence-codes/	text/html; charset=utf-8	Guide to GO evidence codes	
https://forms.gle/d42JmFCfyJPjpsWT8	200	1	302->https://docs.google.com/forms/d/e/1FAIpQLScQijgstqDhi_tNBvGNITPeFsyB4LAOmKgX1NF1U-FS9iJgZQ/viewform?usp=send_form	https://docs.google.com/forms/d/e/1FAIpQLScQijgstqDhi_tNBvGNITPeFsyB4LAOmKgX1NF1U-FS9iJgZQ/viewform?usp=send_form	text/html; charset=utf-8		
https://genomic.social/@bioconductor	200	0			text/html; charset=utf-8	Bioconductor (@bioconductor@genomic.social) - genomic.social	
https://github.com/	200	0			text/html; charset=utf-8		
https://forms.gle/SUxUR1Szbr4HzS9j8	200	1	302->https://docs.google.com/forms/d/e/1FAIpQLSd_vFJFLRmYB60ME3upkHOLlOtft-fs25xwKq-4cBSE7caIZw/viewform?usp=send_form	https://docs.google.com/forms/d/e/1FAIpQLSd_vFJFLRmYB60ME3upkHOLlOtft-fs25xwKq-4cBSE7caIZw/viewform?usp=send_form	text/html; charset=utf-8		
https://gist.github.com/lcolladotor/196dabeb1ac628c35656bfa94b5d9577	200	0			text/html; charset=utf-8		
https://gist.github.com/dtenenba/6004179/raw/c2246869e6c5ee098f7e30ba4ff6033140f0a2f1/debugging.R	200	1	301->https://gist.githubusercontent.com/dtenenba/6004179/raw/c2246869e6c5ee098f7e30ba4ff6033140f0a2f1/debugging.R	https://gist.githubusercontent.com/dtenenba/6004179/raw/c2246869e6c5ee098f7e30ba4ff6033140f0a2f1/debugging.R	text/plain; charset=utf-8		
https://forms.gle/YtiN6haPQfkS4XBG8	200	1	302->https://docs.google.com/forms/d/e/1FAIpQLSeh88ZVK2Zk_9_chit-hXQHRmr6rLXysiMaJWHBmCBnngVLbA/viewform?usp=send_form	https://docs.google.com/forms/d/e/1FAIpQLSeh88ZVK2Zk_9_chit-hXQHRmr6rLXysiMaJWHBmCBnngVLbA/viewform?usp=send_form	text/html; charset=utf-8		
https://github.com/AbbVie-ComputationalGenomics/SAIGEgds/issues/8	200	0			text/html; charset=utf-8		
https://gist.github.com/bf85e2c7d5d1f8197707	200	1	302->https://gist.github.com/lcolladotor/bf85e2c7d5d1f8197707	https://gist.github.com/lcolladotor/bf85e2c7d5d1f8197707	text/html; charset=utf-8		
https://github.com/ArtifactDB/gypsum-worker	200	0			text/html; charset=utf-8		
https://github.com/BIMSBbioinfo/genomation/issues/135	200	0			text/html; charset=utf-8		
https://github.com/BIMSBbioinfo/genomation/issues/147	200	0			text/html; charset=utf-8		
https://github.com/BIMSBbioinfo/genomation/issues/151	200	0			text/html; charset=utf-8		
https://github.com/BiocCodingCollaborations/BiocNA2026_Hackathon	200	0			text/html; charset=utf-8		
https://git.embl.de/grp-zaugg/GRaNIE/-/raw/master/data/GRN.rds	200	1	301->https://git.embl.org:443/grp-zaugg/GRaNIE/-/raw/master/data/GRN.rds	https://git.embl.org:443/grp-zaugg/GRaNIE/-/raw/master/data/GRN.rds	application/octet-stream		
https://github.com/BiocCodingCollaborations/VeniceHackathon2026	200	0			text/html; charset=utf-8		
https://github.com/BIMSBbioinfo/genomation/issues/146	200	0			text/html; charset=utf-8		
https://github.com/Bioconductor-mirror/ChIPseeker/commit/d5f16b2bc01725e30282c3acb33007ef521a514c	404	0			text/plain; charset=utf-8		
https://github.com/Bioconductor-mirror/GOSemSim/commit/71c29280c560e0293569121aeeecb0ed7b37055a	404	0			text/plain; charset=utf-8		
https://github.com/Bioconductor-mirror/GOSemSim/commit/a829a50a017b90f08c41b5955df176dfad333d06	404	0			text/plain; charset=utf-8		
https://github.com/Bioconductor-mirror/ReactomePA/commit/5d150f5fe545cfa3983872bf5485af1b9ba3129d	404	0			text/plain; charset=utf-8		
https://github.com/BIMSBbioinfo/genomation/issues/160	200	0			text/html; charset=utf-8		
https://github.com/Bioconductor-mirror/ReactomePA/commit/6ce32c8e03e1b252662a07901cce022fab038086	404	0			text/plain; charset=utf-8		
https://github.com/Bioconductor-mirror/DOSE/commit/6c508c6a6816f465bb372f30f4ab99c839d81767	404	0			text/plain; charset=utf-8		
https://github.com/Bioconductor-mirror/derfinderHelper	404	0			text/html; charset=utf-8		
https://github.com/Bioconductor-mirror/DOSE/commit/7e87d01e671ce1b5fbe974c06b796b1a2970f11c	404	0			text/plain; charset=utf-8		
https://github.com/BiocCodingCollaborations/EuroBioc2026_Hackathon	200	0			text/html; charset=utf-8		
https://github.com/BIMSBbioinfo/genomation/issues/138	200	0			text/html; charset=utf-8		
https://github.com/Bioconductor/AnVIL/issues/64	200	0			text/html; charset=utf-8		
https://github.com/Bioconductor-mirror/ChIPseeker/commit/f1ada57b9c66a1a44355bbbbdaf5b0a88e10cf7d	404	0			text/plain; charset=utf-8		
https://github.com/Bioconductor-mirror/clusterProfiler/commit/2949fe8db5464c419c9d1665cb24f43c49ac54ec	404	0			text/plain; charset=utf-8		
https://github.com/Bioconductor-mirror/ggtree/commit/51eec4721595c274c24dc4df2f1fdf40700cb1a5	404	0			text/plain; charset=utf-8		
https://github.com/Bioconductor-mirrors	404	0			text/plain; charset=utf-8		
https://github.com/Bioconductor-mirror/ggtree/commit/559548c66b51253e8ccb983d353385838a81f106	404	0			text/plain; charset=utf-8		
https://github.com/Bioconductor/AnVIL/issues/65	200	0			text/html; charset=utf-8		
https://github.com/Bioconductor	200	0			text/html; charset=utf-8		
https://github.com/Bioconductor/AnVIL/pull/52	200	0			text/html; charset=utf-8		
https://github.com/Bioconductor/AnVIL/issues/67	200	0			text/html; charset=utf-8		
https://github.com/Bioconductor/AnVIL/issues/69	200	0			text/html; charset=utf-8		
https://github.com/Bioconductor/AnVIL/issues/75	200	0			text/html; charset=utf-8		
https://github.com/Bioconductor/BiocContributions	200	0			text/html; charset=utf-8		
https://github.com/Bioconductor/AnVIL/issues/80	200	0			text/html; charset=utf-8		
https://github.com/Bioconductor/AnVIL/issues/66	200	0			text/html; charset=utf-8		
https://github.com/Bioconductor/BiocInstaller/issues/4	200	0			text/html; charset=utf-8		
https://github.com/Bioconductor/BiocIntro/tree/Bioc2017	200	0			text/html; charset=utf-8		
https://github.com/Bioconductor/BioC2015LargeData	200	1	301->https://github.com/Bioconductor/EfficientScalableLab	https://github.com/Bioconductor/EfficientScalableLab	text/html; charset=utf-8		
https://github.com/Bioconductor/AnVIL/issues/79	200	0			text/html; charset=utf-8		
https://github.com/Bioconductor/BiocParallel/issues/108	200	0			text/html; charset=utf-8		
https://github.com/Bioconductor/BiocParallel/issues/128	200	0			text/html; charset=utf-8		
https://github.com/Bioconductor/BiocParallel/issues/151	200	0			text/html; charset=utf-8		
https://github.com/Bioconductor/BBS/issues/220	200	0			text/html; charset=utf-8		
https://github.com/Bioconductor/BiocParallel/issues/200	200	0			text/html; charset=utf-8		
https://github.com/Bioconductor/BiocParallel/issues/172	200	0			text/html; charset=utf-8		
https://github.com/Bioconductor/BiocParallel/issues/198	200	0			text/html; charset=utf-8		
https://github.com/Bioconductor/BiocParallel/issues/229	200	0			text/html; charset=utf-8		
https://github.com/Bioconductor/BiocFileCache/issues/31	200	0			text/html; charset=utf-8		
https://github.com/Bioconductor/BiocParallel/issues/234	200	0			text/html; charset=utf-8		
https://github.com/Bioconductor/BiocParallel/pull/176	200	0			text/html; charset=utf-8		
https://github.com/Bioconductor/BiocIntroRPCI	200	1	301->https://github.com/Bioconductor/BiocIntro	https://github.com/Bioconductor/BiocIntro	text/html; charset=utf-8		
https://github.com/Bioconductor/BiocParallel/pull/181	200	0			text/html; charset=utf-8		
https://github.com/Bioconductor/BiocParallel/issues/217	200	0			text/html; charset=utf-8		
https://github.com/Bioconductor/BiocParallel/pull/202	200	0			text/html; charset=utf-8		
https://github.com/Bioconductor/BiocParallel/pull/207	200	0			text/html; charset=utf-8		
https://github.com/Bioconductor/BioC2016Introduction	200	0			text/html; charset=utf-8		
https://github.com/Bioconductor/BiocParallel/pull/218	200	0			text/html; charset=utf-8		
https://github.com/Bioconductor/BiocParallel/issues/110	200	0			text/html; charset=utf-8		
https://github.com/Bioconductor/BiocStickers	200	0			text/html; charset=utf-8		
https://github.com/Bioconductor/BioC2015Introduction	200	0			text/html; charset=utf-8		
https://github.com/Bioconductor/BiocParallel/pull/226	200	0			text/html; charset=utf-8		
https://github.com/Bioconductor/BiocStyle/issues/65	200	0			text/html; charset=utf-8		
https://github.com/Bioconductor/BiocStyle/issues/8	200	0			text/html; charset=utf-8		
https://github.com/Bioconductor/BiocContributions/issues	200	0			text/html; charset=utf-8		
https://github.com/Bioconductor/BiocParallel/pull/204	200	0			text/html; charset=utf-8		
https://github.com/Bioconductor/CSAMA/blob/2017/README.md	200	0			text/html; charset=utf-8		
https://github.com/Bioconductor/CSAMA2015	200	0			text/html; charset=utf-8		
https://github.com/Bioconductor/BiocParallel/pull/124:x	200	2	302->https://github.com/Bioconductor/BiocParallel/pull/new/124:x | 302->https://github.com/login?return_to=https%3A%2F%2Fgithub.com%2FBioconductor%2FBiocParallel%2Fpull%2Fnew%2F124%3Ax	https://github.com/login?return_to=https%3A%2F%2Fgithub.com%2FBioconductor%2FBiocParallel%2Fpull%2Fnew%2F124%3Ax	text/html; charset=utf-8	Sign in to GitHub · GitHub	
https://github.com/Bioconductor/Contributions	200	0			text/html; charset=utf-8		
https://github.com/Bioconductor/Biostrings/issues/20	200	0			text/html; charset=utf-8		
https://github.com/Bioconductor/Biostrings/issues/59	200	0			text/html; charset=utf-8		
https://github.com/Bioconductor/Contributions/issues/2064	200	0			text/html; charset=utf-8		
https://github.com/Bioconductor/BiocParallel/issues/165	200	0			text/html; charset=utf-8		
https://github.com/Bioconductor/BiocParallel/pull/215	200	0			text/html; charset=utf-8		
https://github.com/Bioconductor/Contributions/issues/2955	200	0			text/html; charset=utf-8		
https://github.com/Bioconductor/Contributions/issues/3129	200	0			text/html; charset=utf-8		
https://github.com/Bioconductor/Contributions/issues/3503	200	0			text/html; charset=utf-8		
https://github.com/Bioconductor/Contributions/issues/1328	200	0			text/html; charset=utf-8		
https://github.com/Bioconductor/BiocStickers/tree/master/GenomicScores	200	1	302->https://github.com/Bioconductor/BiocStickers/tree/devel/GenomicScores	https://github.com/Bioconductor/BiocStickers/tree/devel/GenomicScores	text/html; charset=utf-8		
https://github.com/Bioconductor/Contributions/issues/2887	200	0			text/html; charset=utf-8		
https://github.com/Bioconductor/Contributions/issues/941	200	0			text/html; charset=utf-8		
https://github.com/Bioconductor/EfficientScalableLab	200	0			text/html; charset=utf-8		
https://github.com/Bioconductor/Contributions/issues/1218	200	0			text/html; charset=utf-8		
https://github.com/Bioconductor/Contributions/issues/3501	200	0			text/html; charset=utf-8		
https://github.com/Bioconductor/Contributions/issues/878	200	0			text/html; charset=utf-8		
https://github.com/Bioconductor/GenomicAlignments/pull/32	200	0			text/html; charset=utf-8		
https://github.com/Bioconductor/GenomicAlignments/pull/34	200	0			text/html; charset=utf-8		
https://github.com/Bioconductor/DelayedArray/issues/123	200	0			text/html; charset=utf-8		
https://github.com/Bioconductor/GenomicFeatures/issues/59	200	0			text/html; charset=utf-8		
https://github.com/Bioconductor/GenomicRanges/issues/1	200	0			text/html; charset=utf-8		
https://github.com/Bioconductor/BiocStickers/tree/master/GSVA	200	1	302->https://github.com/Bioconductor/BiocStickers/tree/devel/GSVA	https://github.com/Bioconductor/BiocStickers/tree/devel/GSVA	text/html; charset=utf-8		
https://github.com/Bioconductor/GenomicRanges/issues/7	200	0			text/html; charset=utf-8		
https://github.com/Bioconductor/GenomicRanges/issues/81	200	0			text/html; charset=utf-8		
https://github.com/Bioconductor/BiocStyle/blob/master/announcement.md	200	1	302->https://github.com/Bioconductor/BiocStyle/blob/devel/announcement.md	https://github.com/Bioconductor/BiocStyle/blob/devel/announcement.md	text/html; charset=utf-8		
https://github.com/Bioconductor/HDF5Array/issues/61	200	0			text/html; charset=utf-8		
https://github.com/Bioconductor/LegacyInstall	200	0			text/html; charset=utf-8		
https://github.com/Bioconductor/GenomicRanges/issues/18	200	0			text/html; charset=utf-8		
https://github.com/Bioconductor/MatrixGenerics/issues/17	200	0			text/html; charset=utf-8		
https://github.com/Bioconductor/GenomicRanges/issues/86	200	0			text/html; charset=utf-8		
https://github.com/Bioconductor/DDayChallenge	200	0			text/html; charset=utf-8		
https://github.com/Bioconductor/MatrixGenerics/issues/31	200	0			text/html; charset=utf-8		
https://github.com/Bioconductor/MatrixGenerics/pull/16	200	0			text/html; charset=utf-8		
https://github.com/Bioconductor/GenomeInfoDb/issues/3	200	0			text/html; charset=utf-8		
https://github.com/Bioconductor/MatrixGenerics/pull/26	200	0			text/html; charset=utf-8		
https://github.com/Bioconductor/MatrixGenerics/issues/25	200	0			text/html; charset=utf-8		
https://github.com/Bioconductor/S4Vectors/issues/121	200	0			text/html; charset=utf-8		
https://github.com/Bioconductor/S4Vectors/issues/6	200	0			text/html; charset=utf-8		
https://github.com/Bioconductor/MatrixGenerics/pull/14	200	0			text/html; charset=utf-8		
https://github.com/Bioconductor/S4Vectors/issues/8	200	0			text/html; charset=utf-8		
https://github.com/Bioconductor/ShortRead/issues/3	200	0			text/html; charset=utf-8		
https://github.com/Bioconductor/Contributions/issues/753	200	0			text/html; charset=utf-8		
https://github.com/Bioconductor/Rsamtools/issues/46	200	0			text/html; charset=utf-8		
https://github.com/Bioconductor/SparseArray/issues/2	200	0			text/html; charset=utf-8		
https://github.com/Bioconductor/SummarizedExperiment/issues/7	200	0			text/html; charset=utf-8		
https://github.com/Bioconductor/MatrixGenerics/pull/15	200	0			text/html; charset=utf-8		
https://github.com/Bioconductor/SummarizedExperiment/pull/6	200	0			text/html; charset=utf-8		
https://github.com/Bioconductor/SummarizedExperiment/issues/80	200	0			text/html; charset=utf-8		
https://github.com/Bioconductor/Rsamtools/issues/16	200	0			text/html; charset=utf-8		
https://github.com/Bioconductor/bioc_docker	200	0			text/html; charset=utf-8		
https://github.com/Bioconductor/SparseArray/issues/6	200	0			text/html; charset=utf-8		
https://github.com/Bioconductor/GenomicFeatures/issues/15	200	0			text/html; charset=utf-8		
https://github.com/Bioconductor/ShortRead/issues/10	200	0			text/html; charset=utf-8		
https://github.com/Bioconductor/bioconductor.org/pulls	200	0			text/html; charset=utf-8		
https://github.com/Bioconductor/bioconductor_docker	200	0			text/html; charset=utf-8		
https://github.com/Bioconductor/ShortRead/issues/5	200	0			text/html; charset=utf-8		
https://github.com/Bioconductor/genefilter/issues/1	200	0			text/html; charset=utf-8		
https://github.com/Bioconductor/bioconductor.org/blob/devel/content/developers/help_wanted.html	200	0			text/html; charset=utf-8		
https://github.com/Bioconductor/bioconductor_docker/issues/22	200	0			text/html; charset=utf-8		
https://github.com/Bioconductor/setup-starcluster-image	200	0			text/html; charset=utf-8		
https://github.com/Bioconductor/TENxBrainData/issues/7	200	0			text/html; charset=utf-8		
https://github.com/Bioconductor/bioconductor_docker/issues	200	0			text/html; charset=utf-8		
https://github.com/Bioconductor/docker.workshop	200	0			text/html; charset=utf-8		
https://github.com/Bishop-Laboratory/RLBase-data	200	0			text/html; charset=utf-8		
https://github.com/ChristopherWilks/snaptron/issues/11	200	0			text/html; charset=utf-8		
https://github.com/Bioconductor/IRanges/issues/54	200	0			text/html; charset=utf-8		
https://github.com/BioconductorBoards/CABWorkingGroups/discussions/categories/q-a	200	0			text/html; charset=utf-8		
https://github.com/Bioconductor/bioc_coc_multilingual	200	0			text/html; charset=utf-8		
https://github.com/BioinformaticsFMRP/Bioc2017.TCGAbiolinks.ELMER	200	0			text/html; charset=utf-8		
https://github.com/ComunidadBioInfo/regutools/issues/33	200	0			text/html; charset=utf-8		
https://github.com/ChristopherWilks/megadepth	200	0			text/html; charset=utf-8		
https://github.com/ComputationalProteomicsUnit/maker	404	0			text/html; charset=utf-8		
https://github.com/Bioconductor/SummarizedExperiment/issues/79	200	0			text/html; charset=utf-8		
https://github.com/GabrielHoffman/variancePartition/issues/15	200	0			text/html; charset=utf-8		
https://github.com/BioconductorBoards/CABWorkingGroups/issues/new?assignees=kozo2&labels=event%2Ccalendar&template=EVENT-CALENDAR.yml&title=%5BEvent%5D%3A+REPLACE+ME+WITH+YOUR+EVENT+TITLE	200	1	302->https://github.com/login?return_to=https%3A%2F%2Fgithub.com%2FBioconductorBoards%2FCABWorkingGroups%2Fissues%2Fnew%3Fassignees%3Dkozo2%26labels%3Devent%252Ccalendar%26template%3DEVENT-CALENDAR.yml%26title%3D%255BEvent%255D%253A%2BREPLACE%2BME%2BWITH%2BYOUR%2BEVENT%2BTITLE	https://github.com/login?return_to=https%3A%2F%2Fgithub.com%2FBioconductorBoards%2FCABWorkingGroups%2Fissues%2Fnew%3Fassignees%3Dkozo2%26labels%3Devent%252Ccalendar%26template%3DEVENT-CALENDAR.yml%26title%3D%255BEvent%255D%253A%2BREPLACE%2BME%2BWITH%2BYOUR%2BEVENT%2BTITLE	text/html; charset=utf-8	Sign in to GitHub · GitHub	
https://github.com/GabrielHoffman/variancePartition/issues/51	200	0			text/html; charset=utf-8		
https://github.com/GabrielHoffman/dreamlet/issues/11	200	0			text/html; charset=utf-8		
https://github.com/GuangchuangYu/ChIPseeker/issues/16	404	0			text/plain; charset=utf-8		
https://github.com/GabrielHoffman/variancePartition/issues/91	200	0			text/html; charset=utf-8		
https://github.com/DarioS	200	0			text/html; charset=utf-8		
https://github.com/GabrielHoffman/variancePartition/issues/17	200	0			text/html; charset=utf-8		
https://github.com/GabrielHoffman/variancePartition/issues/18	200	0			text/html; charset=utf-8		
https://github.com/DiseaseOntology/HumanDiseaseOntology/tree/main/src/ontology	200	0			text/html; charset=utf-8		
https://github.com/GuangchuangYu/ChIPseeker/issues/22	404	0			text/plain; charset=utf-8		
https://github.com/GuangchuangYu/ChIPseeker/issues/17	404	0			text/plain; charset=utf-8		
https://github.com/BioconductorBoards/CABWorkingGroups/discussions/new	200	1	302->https://github.com/login?return_to=https%3A%2F%2Fgithub.com%2FBioconductorBoards%2FCABWorkingGroups%2Fdiscussions%2Fnew	https://github.com/login?return_to=https%3A%2F%2Fgithub.com%2FBioconductorBoards%2FCABWorkingGroups%2Fdiscussions%2Fnew	text/html; charset=utf-8	Sign in to GitHub · GitHub	
https://github.com/GuangchuangYu/ChIPseeker/issues/3	404	0			text/plain; charset=utf-8		
https://github.com/GabrielHoffman/dreamlet/pull/23/commits/c453ac98ebc0329279b4dd3ae26a674df0e9b1f2	200	0			text/html; charset=utf-8		
https://github.com/GuangchuangYu/ChIPseeker/issues/21	404	0			text/plain; charset=utf-8		
https://github.com/GuangchuangYu/ChIPseeker/issues/41	404	0			text/plain; charset=utf-8		
https://github.com/GuangchuangYu/ChIPseeker/issues/13	404	0			text/plain; charset=utf-8		
https://github.com/GuangchuangYu/ChIPseeker/issues/54	404	0			text/plain; charset=utf-8		
https://github.com/GuangchuangYu/ChIPseeker/issues/28	404	0			text/plain; charset=utf-8		
https://github.com/GuangchuangYu/ChIPseeker/issues/9	404	0			text/plain; charset=utf-8		
https://github.com/GuangchuangYu/ChIPseeker/issues/20	404	0			text/plain; charset=utf-8		
https://github.com/GuangchuangYu/ChIPseeker/issues/47	404	0			text/plain; charset=utf-8		
https://github.com/GuangchuangYu/ChIPseeker/issues/23	404	0			text/plain; charset=utf-8		
https://github.com/GuangchuangYu/ChIPseeker/issues/37	200	1	301->https://github.com/YuLab-SMU/ChIPseeker/issues/37	https://github.com/YuLab-SMU/ChIPseeker/issues/37	text/html; charset=utf-8		
https://github.com/GuangchuangYu/DOSE/issues/15	404	0			text/plain; charset=utf-8		
https://github.com/GuangchuangYu/ChIPseeker/issues/36	404	0			text/plain; charset=utf-8		
https://github.com/GuangchuangYu/DOSE/issues/20	404	0			text/plain; charset=utf-8		
https://github.com/GuangchuangYu/DOSE/issues/23	404	0			text/plain; charset=utf-8		
https://github.com/GuangchuangYu/ChIPseeker/issues/57	404	0			text/plain; charset=utf-8		
https://github.com/GuangchuangYu/DOSE/issues/16	404	0			text/plain; charset=utf-8		
https://github.com/GuangchuangYu/ChIPseeker/issues/18	404	0			text/plain; charset=utf-8		
https://github.com/GuangchuangYu/ChIPseeker/issues/91	404	0			text/plain; charset=utf-8		
https://github.com/GuangchuangYu/ChIPseeker/pull/24	200	1	301->https://github.com/YuLab-SMU/ChIPseeker/pull/24	https://github.com/YuLab-SMU/ChIPseeker/pull/24	text/html; charset=utf-8		
https://github.com/GuangchuangYu/ChIPseeker/pull/24/files	200	1	301->https://github.com/YuLab-SMU/ChIPseeker/pull/24/files	https://github.com/YuLab-SMU/ChIPseeker/pull/24/files	text/html; charset=utf-8		
https://github.com/GuangchuangYu/badger/issues/34	200	0			text/html; charset=utf-8		
https://github.com/GuangchuangYu/ChIPseeker/pull/6	200	1	301->https://github.com/YuLab-SMU/ChIPseeker/pull/6	https://github.com/YuLab-SMU/ChIPseeker/pull/6	text/html; charset=utf-8		
https://github.com/GuangchuangYu/clusterProfiler/issues/177	404	0			text/plain; charset=utf-8		
https://github.com/GuangchuangYu/GOSemSim/issues/9	404	0			text/plain; charset=utf-8		
https://github.com/GuangchuangYu/clusterProfiler/issues/20	404	0			text/plain; charset=utf-8		
https://github.com/GuangchuangYu/clusterProfiler/issues/28	404	0			text/plain; charset=utf-8		
https://github.com/GuangchuangYu/ReactomePA/pull/1	200	1	301->https://github.com/YuLab-SMU/ReactomePA/pull/1	https://github.com/YuLab-SMU/ReactomePA/pull/1	text/html; charset=utf-8		
https://github.com/GuangchuangYu/GOSemSim/issues/6	404	0			text/plain; charset=utf-8		
https://github.com/GuangchuangYu/DOSE/pull/5/	200	1	301->https://github.com/YuLab-SMU/DOSE/pull/5/	https://github.com/YuLab-SMU/DOSE/pull/5/	text/html; charset=utf-8		
https://github.com/GuangchuangYu/clusterProfiler/issues/26	404	0					
https://github.com/GuangchuangYu/clusterProfiler/issues/67	404	0			text/plain; charset=utf-8		
https://github.com/GuangchuangYu/GOSemSim/issues/11	404	0			text/plain; charset=utf-8		
https://github.com/GuangchuangYu/clusterProfiler/issues/27	200	1	301->https://github.com/YuLab-SMU/clusterProfiler/issues/27	https://github.com/YuLab-SMU/clusterProfiler/issues/27	text/html; charset=utf-8		
https://github.com/GuangchuangYu/DOSE/pull/13	200	1	301->https://github.com/YuLab-SMU/DOSE/pull/13	https://github.com/YuLab-SMU/DOSE/pull/13	text/html; charset=utf-8		
https://github.com/GuangchuangYu/clusterProfiler/issues/88	404	0			text/plain; charset=utf-8		
https://github.com/GuangchuangYu/clusterProfiler/issues/46	404	0			text/plain; charset=utf-8		
https://github.com/GuangchuangYu/clusterProfiler/issues/72	404	0					
https://github.com/GuangchuangYu/GOSemSim/pull/13	200	1	301->https://github.com/YuLab-SMU/GOSemSim/pull/13	https://github.com/YuLab-SMU/GOSemSim/pull/13	text/html; charset=utf-8		
https://github.com/GuangchuangYu/clusterProfiler/issues/37	200	1	301->https://github.com/YuLab-SMU/clusterProfiler/issues/37	https://github.com/YuLab-SMU/clusterProfiler/issues/37	text/html; charset=utf-8		
https://github.com/GuangchuangYu/enrichplot/issues/17	404	0			text/plain; charset=utf-8		
https://github.com/GuangchuangYu/clusterProfiler/issues/32	404	0			text/plain; charset=utf-8		
https://github.com/GuangchuangYu/ggtree/issues/125	404	0			text/plain; charset=utf-8		
https://github.com/GuangchuangYu/clusterProfiler/issues/9	404	0			text/plain; charset=utf-8		
https://github.com/GuangchuangYu/ggtree/issues/142	404	0			text/plain; charset=utf-8		
https://github.com/GuangchuangYu/clusterProfiler/issues/85	404	0			text/plain; charset=utf-8		
https://github.com/GuangchuangYu/ggtree/issues/149	404	0			text/plain; charset=utf-8		
https://github.com/GuangchuangYu/ggtree/issues/157	404	0			text/plain; charset=utf-8		
https://github.com/GuangchuangYu/ggtree/issues/17	404	0			text/plain; charset=utf-8		
https://github.com/GuangchuangYu/ggtree/issues/172	404	0			text/plain; charset=utf-8		
https://github.com/GuangchuangYu/ggtree/issues/20	404	0			text/plain; charset=utf-8		
https://github.com/GuangchuangYu/ggtree/issues/148	404	0					
https://github.com/GuangchuangYu/ggtree/issues/21	404	0			text/plain; charset=utf-8		
https://github.com/GuangchuangYu/clusterProfiler/issues/87	404	0			text/plain; charset=utf-8		
https://github.com/GuangchuangYu/ggtree/issues/26	404	0			text/plain; charset=utf-8		
https://github.com/GuangchuangYu/ggtree/issues/137	404	0			text/plain; charset=utf-8		
https://github.com/GuangchuangYu/clusterProfiler/issues/91	404	0			text/plain; charset=utf-8		
https://github.com/GuangchuangYu/ggtree/issues/36	404	0			text/plain; charset=utf-8		
https://github.com/GuangchuangYu/ggtree/issues/115	404	0			text/plain; charset=utf-8		
https://github.com/GuangchuangYu/ggtree/issues/40	404	0			text/plain; charset=utf-8		
https://github.com/GuangchuangYu/ggtree/issues/30	404	0			text/plain; charset=utf-8		
https://github.com/GuangchuangYu/DOSE/pull/8	200	1	301->https://github.com/YuLab-SMU/DOSE/pull/8	https://github.com/YuLab-SMU/DOSE/pull/8	text/html; charset=utf-8		
https://github.com/GuangchuangYu/ggtree/issues/53	404	0			text/plain; charset=utf-8		
https://github.com/GuangchuangYu/ggtree/issues/118	200	1	301->https://github.com/YuLab-SMU/ggtree/issues/118	https://github.com/YuLab-SMU/ggtree/issues/118	text/html; charset=utf-8		
https://github.com/GuangchuangYu/ggtree/issues/38	404	0			text/plain; charset=utf-8		
https://github.com/GuangchuangYu/ggtree/issues/56	404	0			text/plain; charset=utf-8		
https://github.com/GuangchuangYu/ggtree/issues/6	404	0			text/plain; charset=utf-8		
https://github.com/GuangchuangYu/ggtree/issues/46	404	0			text/plain; charset=utf-8		
https://github.com/GuangchuangYu/ggtree/issues/52	404	0			text/plain; charset=utf-8		
https://github.com/GuangchuangYu/ggtree/issues/78	404	0			text/plain; charset=utf-8		
https://github.com/GuangchuangYu/ggtree/issues/28	200	1	301->https://github.com/YuLab-SMU/ggtree/issues/28	https://github.com/YuLab-SMU/ggtree/issues/28	text/html; charset=utf-8		
https://github.com/GuangchuangYu/ggtree/issues/54	404	0			text/plain; charset=utf-8		
https://github.com/GuangchuangYu/ggtree/issues/84	404	0			text/plain; charset=utf-8		
https://github.com/GuangchuangYu/ggtree/issues/87	404	0			text/plain; charset=utf-8		
https://github.com/GuangchuangYu/ggtree/issues/72	404	0			text/plain; charset=utf-8		
https://github.com/GuangchuangYu/ggtree/issues/79	404	0			text/plain; charset=utf-8		
https://github.com/GuangchuangYu/ggtree/issues/4	404	0			text/plain; charset=utf-8		
https://github.com/GuangchuangYu/ggtree/issues/218	404	0			text/plain; charset=utf-8		
https://github.com/GuangchuangYu/ggtree/issues/47	404	0			text/plain; charset=utf-8		
https://github.com/GuangchuangYu/ggtree/issues/66	404	0			text/plain; charset=utf-8		
https://github.com/GuangchuangYu/ggtree/pull/201	200	1	301->https://github.com/YuLab-SMU/ggtree/pull/201	https://github.com/YuLab-SMU/ggtree/pull/201	text/html; charset=utf-8		
https://github.com/Huber-group-EMBL/Rarr/pull/45	200	0			text/html; charset=utf-8		
https://github.com/GuangchuangYu/ggtree/pull/152	200	1	301->https://github.com/YuLab-SMU/ggtree/pull/152	https://github.com/YuLab-SMU/ggtree/pull/152	text/html; charset=utf-8		
https://github.com/GuangchuangYu/ggtree/issues/98	200	1	301->https://github.com/YuLab-SMU/ggtree/issues/98	https://github.com/YuLab-SMU/ggtree/issues/98	text/html; charset=utf-8		
https://github.com/Huber-group-EMBL/rhdf5/issues/160	200	0			text/html; charset=utf-8		
https://github.com/Huber-group-EMBL/rhdf5/issues/68	200	0			text/html; charset=utf-8		
https://github.com/Huber-group-EMBL/rhdf5/issues/69	200	0			text/html; charset=utf-8		
https://github.com/GuangchuangYu/ggtree/pull/243	200	1	301->https://github.com/YuLab-SMU/ggtree/pull/243	https://github.com/YuLab-SMU/ggtree/pull/243	text/html; charset=utf-8		
https://github.com/LTLA/aaronlab	200	0			text/html; charset=utf-8		
https://github.com/GuangchuangYu/ggtree/pull/64	200	1	301->https://github.com/YuLab-SMU/ggtree/pull/64	https://github.com/YuLab-SMU/ggtree/pull/64	text/html; charset=utf-8		
https://github.com/LTLA/scRNAseq/issues/44	200	0			text/html; charset=utf-8		
https://github.com/GuangchuangYu/ggtree/pull/83	200	1	301->https://github.com/YuLab-SMU/ggtree/pull/83	https://github.com/YuLab-SMU/ggtree/pull/83	text/html; charset=utf-8		
https://github.com/LieberInstitute/Visium_SPG_AD	200	0			text/html; charset=utf-8		
https://github.com/LieberInstitute/Visium_SPG_AD/blob/master/code/07_spot_qc/01_qc_metrics_and_segmentation.R	200	0			text/html; charset=utf-8		
https://github.com/Huber-group-EMBL/rhdf5/issues/157	200	0			text/html; charset=utf-8		
https://github.com/GuangchuangYu/ggtree/pull/57	200	1	301->https://github.com/YuLab-SMU/ggtree/pull/57	https://github.com/YuLab-SMU/ggtree/pull/57	text/html; charset=utf-8		
https://github.com/LieberInstitute/qsvaR/issues/28	200	0			text/html; charset=utf-8		
https://github.com/LauraPS1/TFEA.ChIP_downloads	200	0			text/html; charset=utf-8		
https://github.com/LieberInstitute/recount3/issues/5	200	0			text/html; charset=utf-8		
https://github.com/LieberInstitute/recount3/issues/4	200	0			text/html; charset=utf-8		
https://github.com/LTLA/InteractionSet	200	0			text/html; charset=utf-8		
https://github.com/LieberInstitute/recount3/issues/57	200	0			text/html; charset=utf-8		
https://github.com/LieberInstitute/recount3/issues/58	200	0			text/html; charset=utf-8		
https://github.com/HCBravoLab/workshopBioc2016	200	0			text/html; charset=utf-8		
https://github.com/LieberInstitute/recountWorkshop	200	0			text/html; charset=utf-8		
https://github.com/LieberInstitute/recount3/issues/56	200	0			text/html; charset=utf-8		
https://github.com/GuangchuangYu/ggtree/pull/55	200	1	301->https://github.com/YuLab-SMU/ggtree/pull/55	https://github.com/YuLab-SMU/ggtree/pull/55	text/html; charset=utf-8		
https://github.com/LieberInstitute/spatialDLPFC/issues/45	200	0			text/html; charset=utf-8		
https://github.com/LieberInstitute/recount3/issues/7	200	0			text/html; charset=utf-8		
https://github.com/LieberInstitute/qsvaR/issues/29	200	0			text/html; charset=utf-8		
https://github.com/LieberInstitute/spatialLIBD/commit/7ac24dc72cc75e42c9af8382c661517f4a64f08d	200	0			text/html; charset=utf-8		
https://github.com/LieberInstitute/spatialDLPFC/blob/2dfb58db728c86875a86cc7b4999680ba1f34c38/code/analysis/99_spatial_plotting/01_get_frame_limits.R	200	0			text/html; charset=utf-8		
https://github.com/LieberInstitute/smokingMouse_Indirects	200	1	301->https://github.com/LieberInstitute/smoking-nicotine-mouse	https://github.com/LieberInstitute/smoking-nicotine-mouse	text/html; charset=utf-8		
https://github.com/LieberInstitute/spatialLIBD/commit/2d17ea2c3d1b73b38fbd50503765052c8487b9b1	200	0			text/html; charset=utf-8		
https://github.com/LieberInstitute/spatialLIBD/issues/106	200	0			text/html; charset=utf-8		
https://github.com/LieberInstitute/spatialLIBD/issues/19	200	0			text/html; charset=utf-8		
https://github.com/LieberInstitute/spatialLIBD/commit/8fa8459d8fa881d254824d43e52193bf2c3021c0	200	0			text/html; charset=utf-8		
https://github.com/LieberInstitute/spatialLIBD/commit/b80d92c3271a6ad92859f79a3bc343f77bad9bf2	200	0			text/html; charset=utf-8		
https://github.com/LieberInstitute/spatialLIBD/issues/22	200	0			text/html; charset=utf-8		
https://github.com/LieberInstitute/spatialDLPFC/blob/ef2952a5a0098a36b09488ebd5e36a902bb11b48/code/analysis/99_spatial_plotting/vis_gene_crop.R	200	0			text/html; charset=utf-8		
https://github.com/LieberInstitute/spatialLIBD/commit/edc8b72505af097895dcbf35887df28da8122e3c	200	0			text/html; charset=utf-8		
https://github.com/GuangchuangYu/treeio/issues/18	404	0			text/plain; charset=utf-8		
https://github.com/LieberInstitute/spatialLIBD/issues/28	200	0			text/html; charset=utf-8		
https://github.com/LieberInstitute/spatialLIBD/issues/21	200	0			text/html; charset=utf-8		
https://github.com/LieberInstitute/spatialLIBD/issues/33	200	0			text/html; charset=utf-8		
https://github.com/JoshuaTian/ChAMPDemos	200	1	301->https://github.com/YuanTian1991/ChAMPDemos	https://github.com/YuanTian1991/ChAMPDemos	text/html; charset=utf-8		
https://github.com/LieberInstitute/spatialLIBD/issues/48	200	0			text/html; charset=utf-8		
https://github.com/LieberInstitute/spatialLIBD/issues/72	200	0			text/html; charset=utf-8		
https://github.com/LieberInstitute/spatialLIBD/issues/25	200	0			text/html; charset=utf-8		
https://github.com/LieberInstitute/spatialLIBD/issues/98	200	0			text/html; charset=utf-8		
https://github.com/LieberInstitute/spatialLIBD/issues/90	200	0			text/html; charset=utf-8		
https://github.com/LieberInstitute/spatialLIBD/issues/40	200	0			text/html; charset=utf-8		
https://github.com/LieberInstitute/spatialLIBD/pull/102	200	0			text/html; charset=utf-8		
https://github.com/LieberInstitute/spatialLIBD/issues/24	200	0			text/html; charset=utf-8		
https://github.com/LieberInstitute/spatialLIBD/pull/104	200	0			text/html; charset=utf-8		
https://github.com/LieberInstitute/spatialLIBD/pull/108	200	0			text/html; charset=utf-8		
https://github.com/LieberInstitute/spatialLIBD/issues/80	200	0			text/html; charset=utf-8		
https://github.com/LieberInstitute/spatialLIBD/issues/41	200	0			text/html; charset=utf-8		
https://github.com/LieberInstitute/spatialLIBD/issues/23	200	0			text/html; charset=utf-8		
https://github.com/LieberInstitute/spatialLIBD/pull/101	200	0			text/html; charset=utf-8		
https://github.com/LieberInstitute/spatialLIBD/pull/46	200	0			text/html; charset=utf-8		
https://github.com/LieberInstitute/spatialLIBD/issues/20	200	0			text/html; charset=utf-8		
https://github.com/LieberInstitute/spatialLIBD/pull/29/files	200	0			text/html; charset=utf-8		
https://github.com/LieberInstitute/spatialLIBD/pull/115	200	0			text/html; charset=utf-8		
https://github.com/LieberInstitute/spatialLIBD/pull/92	200	0			text/html; charset=utf-8		
https://github.com/LieberInstitute/spatialLIBD/pull/93	200	0			text/html; charset=utf-8		
https://github.com/LieberInstitute/spatialLIBD/pull/118	200	0			text/html; charset=utf-8		
https://github.com/LieberInstitute/spatialLIBD/pull/99	200	0			text/html; charset=utf-8		
https://github.com/LieberInstitute/spatialLIBD/pull/107	200	0			text/html; charset=utf-8		
https://github.com/LieberInstitute/spatialLIBD/pull/110	200	0			text/html; charset=utf-8		
https://github.com/LieberInstitute/spatial_hpc	200	0			text/html; charset=utf-8		
https://github.com/LihuaJulieZhu/CRISPRseekGUIDEseqBioc2017Workshop/	200	0			text/html; charset=utf-8		
https://github.com/LieberInstitute/spatialLIBD/pull/119	200	0			text/html; charset=utf-8		
https://github.com/LieberInstitute/spatialLIBD/pull/97	200	0			text/html; charset=utf-8		
https://github.com/MicrobialGenomics-IrsicaixaOrg/dar/issues/117	200	0			text/html; charset=utf-8		
https://github.com/LieberInstitute/spatial_DG_lifespan/blob/main/code/02_build_spe/01_build_spe.R	200	0			text/html; charset=utf-8		
https://github.com/Pasquali-lab/UMI4Cats/issues/2	200	0			text/html; charset=utf-8		
https://github.com/NathanSkene/EWCE/issues/92	200	0			text/html; charset=utf-8		
https://github.com/LieberInstitute/spatialLIBD/pull/94	200	0			text/html; charset=utf-8		
https://github.com/PeteHaitch/DelayedMatrixStats/pull/69	200	0			text/html; charset=utf-8		
https://github.com/MangoTheCat/visualTest/issues/19	200	0			text/html; charset=utf-8		
https://github.com/NathanSkene/EWCE/issues/71	200	0			text/html; charset=utf-8		
https://github.com/RGLab/MAST	200	0			text/html; charset=utf-8		
https://github.com/SRenan/bioc2016	200	0			text/html; charset=utf-8		
https://github.com/LieberInstitute/visiumStitched_brain	200	0			text/html; charset=utf-8		
https://github.com/PeteHaitch/DelayedMatrixStats/pull/65	200	0			text/html; charset=utf-8		
https://github.com/The-Sequence-Ontology/SO-Ontologies	200	0			text/html; charset=utf-8		
https://github.com/PeteHaitch/DelayedMatrixStats/pull/71	200	0			text/html; charset=utf-8		
https://github.com/LieberInstitute/spatialLIBD/pull/91	200	0			text/html; charset=utf-8		
https://github.com/TransBioInfoLab/coMethDMR_old	200	0			text/html; charset=utf-8		
https://github.com/UofABioinformaticsHub/shinyNgsReports	200	0			text/html; charset=utf-8		
https://github.com/SteveSemick	200	0			text/html; charset=utf-8		
https://github.com/PeteHaitch/DelayedMatrixStats/pull/62	200	0			text/html; charset=utf-8		
https://github.com/YuLab-SMU/ChIPseeker/pull/144	200	0			text/html; charset=utf-8		
https://github.com/The-Sequence-Ontology/Specifications/blob/master/gff3.md	200	0			text/html; charset=utf-8		
https://github.com/LieberInstitute/spatialLIBD/issues/31	200	0			text/html; charset=utf-8		
https://github.com/YuLab-SMU/DOSE/issues/45	200	0			text/html; charset=utf-8		
https://github.com/YuLab-SMU/ChIPseeker/issues/142	200	0			text/html; charset=utf-8		
https://github.com/YuLab-SMU/ChIPseeker/pull/120	200	0			text/html; charset=utf-8		
https://github.com/YuLab-SMU/DOSE/pull/39	200	0			text/html; charset=utf-8		
https://github.com/YuLab-SMU/ChIPseeker/pull/146	200	0			text/html; charset=utf-8		
https://github.com/YuLab-SMU/ChIPseeker/pull/148	200	0			text/html; charset=utf-8		
https://github.com/YuLab-SMU/GOSemSim/issues/32	200	0			text/html; charset=utf-8		
https://github.com/YuLab-SMU/DOSE/issues/57	200	0			text/html; charset=utf-8		
https://github.com/YuLab-SMU/DOSE/pull/32	200	0			text/html; charset=utf-8		
https://github.com/YuLab-SMU/DOSE/issues/86	200	0			text/html; charset=utf-8		
https://github.com/YuLab-SMU/MicrobiotaProcess/issues/21	200	0			text/html; charset=utf-8		
https://github.com/PeteHaitch/tutorial.450k	200	0			text/html; charset=utf-8		
https://github.com/YuLab-SMU/GOSemSim/issues/27	200	0			text/html; charset=utf-8		
https://github.com/YuLab-SMU/clusterProfiler/issues/217	200	0			text/html; charset=utf-8		
https://github.com/SmythLab/limpa/	200	0			text/html; charset=utf-8		
https://github.com/YuLab-SMU/MicrobiotaProcess/issues/20	200	0			text/html; charset=utf-8		
https://github.com/YuLab-SMU/clusterProfiler/issues/488	200	0			text/html; charset=utf-8		
https://github.com/YuLab-SMU/MicrobiotaProcess/issues/23	200	0			text/html; charset=utf-8		
https://github.com/YuLab-SMU/MicrobiotaProcess/issues/99	200	0			text/html; charset=utf-8		
https://github.com/YuLab-SMU/enrichplot/issues/292	200	0			text/html; charset=utf-8		
https://github.com/YuLab-SMU/clusterProfiler/issues/282	200	0			text/html; charset=utf-8		
https://github.com/YuLab-SMU/enrichplot/pull/62	200	0			text/html; charset=utf-8		
https://github.com/YuLab-SMU/enrichplot/pull/67	200	0			text/html; charset=utf-8		
https://github.com/YuLab-SMU/clusterProfiler/issues/774	200	0			text/html; charset=utf-8		
https://github.com/YuLab-SMU/clusterProfiler/pull/290	200	0			text/html; charset=utf-8		
https://github.com/YuLab-SMU/enrichplot/pull/84/	200	0			text/html; charset=utf-8		
https://github.com/YuLab-SMU/enrichplot/pull/40	200	0			text/html; charset=utf-8		
https://github.com/YuLab-SMU/ggtree/issues/282	200	0			text/html; charset=utf-8		
https://github.com/YuLab-SMU/clusterProfiler/issues/283	200	0			text/html; charset=utf-8		
https://github.com/YuLab-SMU/enrichplot/pull/73	200	0			text/html; charset=utf-8		
https://github.com/YuLab-SMU/DOSE/pull/40	200	0			text/html; charset=utf-8		
https://github.com/YuLab-SMU/ggtree/issues/352	200	0			text/html; charset=utf-8		
https://github.com/YuLab-SMU/ggtree/pull/253	200	0			text/html; charset=utf-8		
https://github.com/YuLab-SMU/ggtree/issues/272	200	0			text/html; charset=utf-8		
https://github.com/YuLab-SMU/ggtree/pull/255	200	0			text/html; charset=utf-8		
https://github.com/YuLab-SMU/ggtree/pull/342	200	0			text/html; charset=utf-8		
https://github.com/YuLab-SMU/ggtree/issues/292	200	0			text/html; charset=utf-8		
https://github.com/YuLab-SMU/ggtree/pull/344	200	0			text/html; charset=utf-8		
https://github.com/YuLab-SMU/ggtree/issues/260	200	0			text/html; charset=utf-8		
https://github.com/YuLab-SMU/ggtree/pull/349	200	0			text/html; charset=utf-8		
https://github.com/YuLab-SMU/MicrobiomeProfiler	200	0			text/html; charset=utf-8		
https://github.com/YuLab-SMU/ggtree/issues/289	200	0			text/html; charset=utf-8		
https://github.com/YuLab-SMU/ggtree/pull/360	200	0			text/html; charset=utf-8		
https://github.com/YuLab-SMU/enrichplot/pull/81	200	0			text/html; charset=utf-8		
https://github.com/YuLab-SMU/ggtree/issues/551	200	0			text/html; charset=utf-8		
https://github.com/YuLab-SMU/ggtree/pull/387	200	0			text/html; charset=utf-8		
https://github.com/YuLab-SMU/ggtree/pull/353	200	0			text/html; charset=utf-8		
https://github.com/YuLab-SMU/ggtreeExtra/issues/11	200	0			text/html; charset=utf-8		
https://github.com/YuLab-SMU/ggtree/pull/273	200	0			text/html; charset=utf-8		
https://github.com/YuLab-SMU/ggtree/pull/385	200	0			text/html; charset=utf-8		
https://github.com/YuLab-SMU/ggtree/pull/346	200	0			text/html; charset=utf-8		
https://github.com/YuLab-SMU/ggtreeExtra/issues/25	200	0			text/html; charset=utf-8		
https://github.com/YuLab-SMU/ggtree/pull/410	200	0			text/html; charset=utf-8		
https://github.com/YuLab-SMU/ggtree/pull/358	200	0			text/html; charset=utf-8		
https://github.com/YuLab-SMU/ggtreeExtra/issues/9	200	0			text/html; charset=utf-8		
https://github.com/YuLab-SMU/ggtreeExtra/issues/24	200	0			text/html; charset=utf-8		
https://github.com/YuLab-SMU/treeio/pull/25	200	0			text/html; charset=utf-8		
https://github.com/YuLab-SMU/treeio/pull/40	200	0			text/html; charset=utf-8		
https://github.com/YuLab-SMU/ggtreeExtra/issues/8	200	0			text/html; charset=utf-8		
https://github.com/YuLab-SMU/treeio/pull/50	200	0			text/html; charset=utf-8		
https://github.com/YuLab-SMU/treeio/pull/46/files	200	0			text/html; charset=utf-8		
https://github.com/YuLab-SMU/ggtreeExtra/issues/12	200	0			text/html; charset=utf-8		
https://github.com/YuLab-SMU/treeio/pull/95	200	0			text/html; charset=utf-8		
https://github.com/ahoward/testy	200	0			text/html; charset=utf-8		
https://github.com/YuLab-SMU/ggtreeExtra/issues/7	200	0			text/html; charset=utf-8		
https://github.com/al2na/methylKit/issues/130	200	0			text/html; charset=utf-8		
https://github.com/al2na/methylKit/issues/131	200	0			text/html; charset=utf-8		
https://github.com/YuLab-SMU/iggtree	200	0			text/html; charset=utf-8		
https://github.com/YuLab-SMU/ggtree/pull/379	200	0			text/html; charset=utf-8		
https://github.com/al2na/methylKit/issues/137	200	0			text/html; charset=utf-8		
https://github.com/YuLab-SMU/treeio/pull/44	200	0			text/html; charset=utf-8		
https://github.com/al2na/methylKit/issues/157	200	0			text/html; charset=utf-8		
https://github.com/al2na/methylKit/issues/159	200	0			text/html; charset=utf-8		
https://github.com/al2na/methylKit/issues/170	200	0			text/html; charset=utf-8		
https://github.com/YuLab-SMU/treeio/pull/51	200	0			text/html; charset=utf-8		
https://github.com/al2na/methylKit/issues/171	200	0			text/html; charset=utf-8		
https://github.com/al2na/methylKit/issues/198	200	0			text/html; charset=utf-8		
https://github.com/al2na/methylKit/issues/123	200	0			text/html; charset=utf-8		
https://github.com/YuLab-SMU/ggtree/pull/396	200	0			text/html; charset=utf-8		
https://github.com/al2na/methylKit/issues/50	200	0			text/html; charset=utf-8		
https://github.com/al2na/methylKit/issues/132	200	0			text/html; charset=utf-8		
https://github.com/al2na/methylKit/issues/134	200	0			text/html; charset=utf-8		
https://github.com/al2na/methylKit/issues/141	200	0			text/html; charset=utf-8		
https://github.com/al2na/methylKit/issues/96	200	0			text/html; charset=utf-8		
https://github.com/al2na/methylKit/issues/222	200	0			text/html; charset=utf-8		
https://github.com/al2na/methylKit/issues/169	200	0			text/html; charset=utf-8		
https://github.com/al2na/methylKit/issues/83	200	0			text/html; charset=utf-8		
https://github.com/al2na/methylKit/pull/56	200	0			text/html; charset=utf-8		
https://github.com/al2na/methylKit/issues/90	200	0			text/html; charset=utf-8		
https://github.com/aoles/BioC2015Oles	200	0			text/html; charset=utf-8		
https://github.com/al2na/methylKit/pull/43	200	0			text/html; charset=utf-8		
https://github.com/al2na/methylKit/issues/226	200	0			text/html; charset=utf-8		
https://github.com/calabrialab/ISAnalytics/issues/2	200	0			text/html; charset=utf-8		
https://github.com/al2na/methylKit/pull/57	200	0			text/html; charset=utf-8		
https://github.com/al2na/methylKit/pull/77	200	0			text/html; charset=utf-8		
https://github.com/al2na/methylKit/issues/175	200	0			text/html; charset=utf-8		
https://github.com/computational-metabolomics/msPurity/issues/78	200	0			text/html; charset=utf-8		
https://github.com/bartongroup/profDGE48	200	0			text/html; charset=utf-8		
https://github.com/computational-metabolomics/msPurity/issues/79	200	0			text/html; charset=utf-8		
https://github.com/const-ae/transformGamPoi	200	0			text/html; charset=utf-8		
https://github.com/computational-metabolomics/msPurity/pull/91	200	0			text/html; charset=utf-8		
https://github.com/cellnopt/CellNOptR/issues/6	200	0			text/html; charset=utf-8		
https://github.com/digitalwright/BigBioSeqData	200	0			text/html; charset=utf-8		
https://github.com/dozmorovlab/HiCcompare/issues/28	200	0			text/html; charset=utf-8		
https://github.com/al2na/methylKit/pull/51	200	0			text/html; charset=utf-8		
https://github.com/drisso	200	0			text/html; charset=utf-8		
https://github.com/computational-metabolomics/msPurity/pull/93	200	0			text/html; charset=utf-8		
https://github.com/drisso/bioc2016singlecell	200	0			text/html; charset=utf-8		
https://github.com/datapplab/pathview	200	0			text/html; charset=utf-8		
https://github.com/emilyburke	200	0			text/html; charset=utf-8		
https://github.com/epiviz/epivizrData	200	0			text/html; charset=utf-8		
https://github.com/bioconductor/biocblog	200	0			text/html; charset=utf-8		
https://github.com/epiviz/epivizrStandalone	200	0			text/html; charset=utf-8		
https://github.com/alanocallaghan	200	0			text/html; charset=utf-8		
https://github.com/federicomarini/GeneTonic/issues/67	200	0			text/html; charset=utf-8		
https://github.com/cboettig/knitcitations/issues/107	200	0			text/html; charset=utf-8		
https://github.com/epiviz/epivizrServer	200	0			text/html; charset=utf-8		
https://github.com/drighelli/SpatialExperiment/commit/6710fe8b0a7919191ecce989bb6831647385ef5f	200	0			text/html; charset=utf-8		
https://github.com/fmicompbio/footprintR/issues/7	200	0			text/html; charset=utf-8		
https://github.com/dynverse/princurve/issues/8	404	0			text/plain; charset=utf-8		
https://github.com/frankkramer-lab/rBiopaxParser	200	0			text/html; charset=utf-8		
https://github.com/gabrielodom/pathwayPCA/issues	200	0			text/html; charset=utf-8		
https://github.com/fgcz/rawDiag	200	0			text/html; charset=utf-8		
https://github.com/federicomarini/ideal/issues/1	200	0			text/html; charset=utf-8		
https://github.com/genomicsclass/labs	200	0			text/html; charset=utf-8		
https://github.com/ezbake	200	0			text/html; charset=utf-8		
https://github.com/gmbecker/genbankr/issues/1	200	0			text/html; charset=utf-8		
https://github.com/googlegenomics/bioconductor-workshop-r	404	0			text/html; charset=utf-8		
https://github.com/grimbough/Rarr/issues/10	404	0			text/plain; charset=utf-8		
https://github.com/grimbough/Rarr/issues/5	404	0			text/plain; charset=utf-8		
https://github.com/grimbough/Rhdf5lib/issues/52	404	0			text/plain; charset=utf-8		
https://github.com/geneticsMiNIng	200	0			text/html; charset=utf-8		
https://github.com/fperraudeau/bioc2017singlecell	200	0			text/html; charset=utf-8		
https://github.com/gosianow/cytofWorkflow.BioC2017workshop	200	0			text/html; charset=utf-8		
https://github.com/gabrielodom/pathwayPCA/issues/64	200	0			text/html; charset=utf-8		
https://github.com/grimbough/rhdf5/issues/107	404	0			text/plain; charset=utf-8		
https://github.com/grimbough/Rhdf5lib/issues/44	404	0			text/plain; charset=utf-8		
https://github.com/grimbough/Rhdf5lib/issues/54	404	0			text/plain; charset=utf-8		
https://github.com/federicomarini	200	0			text/html; charset=utf-8		
https://github.com/grimbough/rhdf5/issues/132	404	0			text/plain; charset=utf-8		
https://github.com/grimbough/rhdf5/issues/134	404	0			text/plain; charset=utf-8		
https://github.com/grimbough/rhdf5/issues/109	404	0			text/plain; charset=utf-8		
https://github.com/grimbough/rhdf5/issues/111	404	0			text/plain; charset=utf-8		
https://github.com/gfinak/BioC2015OpenCyto	200	0			text/html; charset=utf-8		
https://github.com/grimbough/Rhdf5lib/pull/39	200	1	301->https://github.com/Huber-group-EMBL/Rhdf5lib/pull/39	https://github.com/Huber-group-EMBL/Rhdf5lib/pull/39	text/html; charset=utf-8		
https://github.com/chneukirchen/bacon	200	1	301->https://github.com/leahneukirchen/bacon	https://github.com/leahneukirchen/bacon	text/html; charset=utf-8		
https://github.com/grimbough/rhdf5/issues/97	404	0			text/plain; charset=utf-8		
https://github.com/grimbough/rhdf5/issues/151	200	1	301->https://github.com/Huber-group-EMBL/rhdf5/issues/151	https://github.com/Huber-group-EMBL/rhdf5/issues/151	text/html; charset=utf-8		
https://github.com/grimbough/rhdf5/issues/128	404	0			text/plain; charset=utf-8		
https://github.com/grimbough/rhdf5/pull/140	200	1	301->https://github.com/Huber-group-EMBL/rhdf5/pull/140	https://github.com/Huber-group-EMBL/rhdf5/pull/140	text/html; charset=utf-8		
https://github.com/grimbough/rhdf5/pull/50	200	1	301->https://github.com/Huber-group-EMBL/rhdf5/pull/50	https://github.com/Huber-group-EMBL/rhdf5/pull/50	text/html; charset=utf-8		
https://github.com/grimbough/Rhdf5lib/pull/41	200	1	301->https://github.com/Huber-group-EMBL/Rhdf5lib/pull/41	https://github.com/Huber-group-EMBL/Rhdf5lib/pull/41	text/html; charset=utf-8		
https://github.com/grimbough/rhdf5filters/issues/20	404	0			text/plain; charset=utf-8		
https://github.com/grimbough/rhdf5/pull/95	200	1	301->https://github.com/Huber-group-EMBL/rhdf5/pull/95	https://github.com/Huber-group-EMBL/rhdf5/pull/95	text/html; charset=utf-8		
https://github.com/grimbough/rhdf5/pull/55	200	1	301->https://github.com/Huber-group-EMBL/rhdf5/pull/55	https://github.com/Huber-group-EMBL/rhdf5/pull/55	text/html; charset=utf-8		
https://github.com/hadley/ggplot2/issues/1295	404	0			text/plain; charset=utf-8		
https://github.com/hadley/ggplot2/issues/1797	404	0			text/plain; charset=utf-8		
https://github.com/hadley/ggplot2/issues/1380	404	0			text/plain; charset=utf-8		
https://github.com/hansenlab/minfi/issues/165	200	0			text/html; charset=utf-8		
https://github.com/grimbough/rhdf5/pull/88	200	1	301->https://github.com/Huber-group-EMBL/rhdf5/pull/88	https://github.com/Huber-group-EMBL/rhdf5/pull/88	text/html; charset=utf-8		
https://github.com/igordot/babelgene/issues/2	200	0			text/html; charset=utf-8		
https://github.com/grimbough/rhdf5/pull/101	200	1	301->https://github.com/Huber-group-EMBL/rhdf5/pull/101	https://github.com/Huber-group-EMBL/rhdf5/pull/101	text/html; charset=utf-8		
https://github.com/hadley/ggplot2/issues/1567	404	0			text/plain; charset=utf-8		
https://github.com/grimbough/biomaRt/issues/93	200	1	301->https://github.com/Huber-group-EMBL/biomaRt/issues/93	https://github.com/Huber-group-EMBL/biomaRt/issues/93	text/html; charset=utf-8		
https://github.com/jianhong/ChIPseqStepByStep	200	0			text/html; charset=utf-8		
https://github.com/hansenlab/minfi/issues/256	200	0			text/html; charset=utf-8		
https://github.com/jmacdon/BiocAnno2016	200	0			text/html; charset=utf-8		
https://github.com/jburos/biostan	200	0			text/html; charset=utf-8		
https://github.com/imbeimainz/mosdef/pull/11/	200	0			text/html; charset=utf-8		
https://github.com/jmacdon/MacDonaldBioC2015	200	0			text/html; charset=utf-8		
https://github.com/joey711/biom/issues/1	200	0			text/html; charset=utf-8		
https://github.com/joey711/biom/issues/4	200	0			text/html; charset=utf-8		
https://github.com/joey711/phyloseq/issues/235	200	0			text/html; charset=utf-8		
https://github.com/jimhester/lintr	200	1	301->https://github.com/r-lib/lintr	https://github.com/r-lib/lintr	text/html; charset=utf-8		
https://github.com/jmacdon/BiocAnno2017	200	0			text/html; charset=utf-8		
https://github.com/joey711/phyloseq/issues/237	200	0			text/html; charset=utf-8		
https://github.com/joey711/phyloseq/issues/255	200	0			text/html; charset=utf-8		
https://github.com/joey711/phyloseq/issues/230	200	0			text/html; charset=utf-8		
https://github.com/hyounesy/visr-apps	200	1	301->https://github.com/visrsoftware/visr-apps	https://github.com/visrsoftware/visr-apps	text/html; charset=utf-8		
https://github.com/joey711/phyloseq/issues/269	200	0			text/html; charset=utf-8		
https://github.com/joey711/phyloseq/issues/275	200	0			text/html; charset=utf-8		
https://github.com/joey711/phyloseq/issues/286	200	0			text/html; charset=utf-8		
https://github.com/joey711/phyloseq/issues/288	200	0			text/html; charset=utf-8		
https://github.com/joey711/phyloseq/issues/312	200	0			text/html; charset=utf-8		
https://github.com/joey711/phyloseq/issues/263	200	0			text/html; charset=utf-8		
https://github.com/hadley/ggplot2/issues/1512	200	1	301->https://github.com/tidyverse/ggplot2/issues/1512	https://github.com/tidyverse/ggplot2/issues/1512	text/html; charset=utf-8		
https://github.com/jennybc/happy-git-with-r	200	0			text/html; charset=utf-8		
https://github.com/joey711/phyloseq/issues/319	200	0			text/html; charset=utf-8		
https://github.com/joey711/phyloseq/issues/320	200	0			text/html; charset=utf-8		
https://github.com/joey711/phyloseq/issues/307	200	0			text/html; charset=utf-8		
https://github.com/joey711/phyloseq/issues/331	200	0			text/html; charset=utf-8		
https://github.com/joey711/phyloseq/issues/338	200	0			text/html; charset=utf-8		
https://github.com/jkanche/epivizWorkshop	200	1	301->https://github.com/epiviz/epivizWorkshop	https://github.com/epiviz/epivizWorkshop	text/html; charset=utf-8		
https://github.com/grimbough/rhdf5filters/pull/18	200	1	301->https://github.com/Huber-group-EMBL/rhdf5filters/pull/18	https://github.com/Huber-group-EMBL/rhdf5filters/pull/18	text/html; charset=utf-8		
https://github.com/joey711/phyloseq/issues/387	200	0			text/html; charset=utf-8		
https://github.com/joey711/phyloseq/issues/259	200	0			text/html; charset=utf-8		
https://github.com/joey711/phyloseq/issues/59	200	0			text/html; charset=utf-8		
https://github.com/joey711/phyloseq/pull/343	200	0			text/html; charset=utf-8		
https://github.com/joey711/phyloseq/issues/313	200	0			text/html; charset=utf-8		
https://github.com/joey711/phyloseq/pull/364	200	0			text/html; charset=utf-8		
https://github.com/joey711/phyloseq/issues/390	200	0			text/html; charset=utf-8		
https://github.com/joey711/phyloseq/issues/327	200	0			text/html; charset=utf-8		
https://github.com/joey711/phyloseq/pull/476	200	0			text/html; charset=utf-8		
https://github.com/joey711/phyloseq/issues/342	200	0			text/html; charset=utf-8		
https://github.com/joey711/phyloseq/pull/489	200	0			text/html; charset=utf-8		
https://github.com/joey711/phyloseq/pull/353	200	0			text/html; charset=utf-8		
https://github.com/joey711/phyloseq/pull/373	200	0			text/html; charset=utf-8		
https://github.com/joey711/phyloseq/pull/384	200	0			text/html; charset=utf-8		
https://github.com/jorainer/ensembldb/issues/123	200	0			text/html; charset=utf-8		
https://github.com/jimhester/covr	200	1	301->https://github.com/r-lib/covr	https://github.com/r-lib/covr	text/html; charset=utf-8		
https://github.com/jorainer/ensembldb/issues/139	200	0			text/html; charset=utf-8		
https://github.com/joey711/phyloseq/pull/533	200	0			text/html; charset=utf-8		
https://github.com/jorainer/ensembldb/issues/122	200	0			text/html; charset=utf-8		
https://github.com/kevinrue/velociraptor/actions/runs/10612115572/job/29413105915	404	0			text/plain; charset=utf-8		
https://github.com/jorainer/ensembldb/issues/128	200	0			text/html; charset=utf-8		
https://github.com/jorainer/ensembldb/issues/132	200	0			text/html; charset=utf-8		
https://github.com/kozo2	200	0			text/html; charset=utf-8		
https://github.com/kstreet13	200	0			text/html; charset=utf-8		
https://github.com/kuwisdelu/matter	200	0			text/html; charset=utf-8		
https://github.com/kevinrue	200	0			text/html; charset=utf-8		
https://github.com/lawremi/HelloRanges	200	0			text/html; charset=utf-8		
https://github.com/kasperdanielhansen/bsseq/pull/57	200	1	301->https://github.com/hansenlab/bsseq/pull/57	https://github.com/hansenlab/bsseq/pull/57	text/html; charset=utf-8		
https://github.com/jorainer/ensembldb/issues/133	200	0			text/html; charset=utf-8		
https://github.com/lawremi/rtracklayer/issues/83	200	0			text/html; charset=utf-8		
https://github.com/joey711/phyloseq/issues/347	200	0			text/html; charset=utf-8		
https://github.com/lawremi/RangesTutorial2017	200	0			text/html; charset=utf-8		
https://github.com/lcolladotor/biocthis/issues/34	200	0			text/html; charset=utf-8		
https://github.com/lawremi/rtracklayer/issues/5	200	0			text/html; charset=utf-8		
https://github.com/lcolladotor/biocthis/issues/41	200	0			text/html; charset=utf-8		
https://github.com/lcolladotor/ExampleBiocWorkshop2023	200	0			text/html; charset=utf-8		
https://github.com/jotsetung/Bioc2016-ensembldb	200	1	301->https://github.com/jorainer/Bioc2016-ensembldb	https://github.com/jorainer/Bioc2016-ensembldb	text/html; charset=utf-8		
https://github.com/kasperdanielhansen/bsseq/pull/54	200	1	301->https://github.com/hansenlab/bsseq/pull/54	https://github.com/hansenlab/bsseq/pull/54	text/html; charset=utf-8		
https://github.com/lcolladotor/biocthis/issues/31	200	0			text/html; charset=utf-8		
https://github.com/lcolladotor/biocthis/issues/36	200	0			text/html; charset=utf-8		
https://github.com/lcolladotor/biocthis/issues/40	200	0			text/html; charset=utf-8		
https://github.com/lcolladotor/biocthis/pull/19	200	0			text/html; charset=utf-8		
https://github.com/lcolladotor/derfinder/issues/29	200	0			text/html; charset=utf-8		
https://github.com/ldg21/SGSeqBioC2015	200	0			text/html; charset=utf-8		
https://github.com/ldg21/SGSeqBioC2016	200	0			text/html; charset=utf-8		
https://github.com/lcolladotor/biocthis/pull/33	200	0			text/html; charset=utf-8		
https://github.com/leekgroup/recount/commit/8da982b309e2d19638166f263057d9f85bb64e3f	200	0			text/html; charset=utf-8		
https://github.com/joey711/phyloseq/issues/66	200	0			text/html; charset=utf-8		
https://github.com/leekgroup/recount/issues/14	200	0			text/html; charset=utf-8		
https://github.com/lcolladotor/derfinder/issues/38	200	0			text/html; charset=utf-8		
https://github.com/lcolladotor/biocthis/pull/32	200	0			text/html; charset=utf-8		
https://github.com/leekgroup/regionReport/pull/7	200	0			text/html; charset=utf-8		
https://github.com/lcolladotor/biocthis/pull/35	200	0			text/html; charset=utf-8		
https://github.com/lgatto/MSnbase/issues/184	200	0			text/html; charset=utf-8		
https://github.com/lcolladotor/biocthis/pull/37	200	0			text/html; charset=utf-8		
https://github.com/lgatto/pRolocdata/issues/21	200	0			text/html; charset=utf-8		
https://github.com/lcolladotor/biocthis/issues/29	200	0			text/html; charset=utf-8		
https://github.com/leekgroup/recount/runs/3286046827?check_suite_focus=true	404	0			text/plain; charset=utf-8		
https://github.com/lpantano/DEGreport/issues/27	200	0			text/html; charset=utf-8		
https://github.com/lgatto/MSnbase/issues/343	200	0			text/html; charset=utf-8		
https://github.com/lpantano/DEGreport/issues/62	200	0			text/html; charset=utf-8		
https://github.com/lshep/MakeAPackage	200	0			text/html; charset=utf-8		
https://github.com/lgatto/rols/issues/26	200	0			text/html; charset=utf-8		
https://github.com/lpantano/isomiRs/issues/18	200	0			text/html; charset=utf-8		
https://github.com/macs3-project/MACS/	200	0			text/html; charset=utf-8		
https://github.com/leekgroup/derfinderHelper	200	0			text/html; charset=utf-8		
https://github.com/marvinquiet/LRcell	200	0			text/html; charset=utf-8		
https://github.com/microsoft/ContainerRegistry	200	0			text/html; charset=utf-8		
https://github.com/mikelove/bioc-refcard/tree/master	200	0			text/html; charset=utf-8		
https://github.com/leekgroup/recount/pull/24	200	0			text/html; charset=utf-8		
https://github.com/mikelove/shinyMA	200	0			text/html; charset=utf-8		
https://github.com/leekgroup/regionReport/pull/9/	200	0			text/html; charset=utf-8		
https://github.com/mixOmicsTeam/mixOmics/pull/199	200	0			text/html; charset=utf-8		
https://github.com/lgatto/ProteomicsBioc2016Workshop	404	0			text/html; charset=utf-8		
https://github.com/lpantano/DEGreport/pull/56	200	0			text/html; charset=utf-8		
https://github.com/mpi2/stats_working_group/issues?q=is%3Aissue+is%3Aclosed	404	0			text/plain; charset=utf-8		
https://github.com/lwaldron/bioc2015multiomicsworkshop	200	0			text/html; charset=utf-8		
https://github.com/mrjc42/BiocAnnotRes2015	200	0			text/html; charset=utf-8		
https://github.com/mtmorgan/AlphaMissenseR/pull/3	200	0			text/html; charset=utf-8		
https://github.com/miRTop/mirtop/issues/65	200	0			text/html; charset=utf-8		
https://github.com/mtmorgan/AlphaMissenseR/pull/8	200	0			text/html; charset=utf-8		
https://github.com/mtmorgan/Rhtslib	200	0			text/html; charset=utf-8		
https://github.com/lianos/BiocSeqSVM	200	0			text/html; charset=utf-8		
https://github.com/mtmorgan/cellxgenedp/pull/12	200	0			text/html; charset=utf-8		
https://github.com/neurogenomics/EpiCompare/releases	200	0			text/html; charset=utf-8		
https://github.com/neurogenomics/orthogene/issues/22	200	0			text/html; charset=utf-8		
https://github.com/neurogenomics/rworkflows/issues/58	200	0			text/html; charset=utf-8		
https://github.com/mikelove/bioc2015rnaseq	200	0			text/html; charset=utf-8		
https://github.com/nturaga/bioc2021-bioconductor-binaries	200	0			text/html; charset=utf-8		
https://github.com/omicsForestry/CrcBiomeScreen	200	0			text/html; charset=utf-8		
https://github.com/neurogenomics/MungeSumstats/issues/117	404	0			text/plain; charset=utf-8		
https://github.com/paulrobertlloyd/socialmediaicons/blob/main/google%2B-24x24.png	200	0			text/html; charset=utf-8		
https://github.com/paulrobertlloyd/socialmediaicons/blob/main/linkedin-24x24.png	200	0			text/html; charset=utf-8		
https://github.com/mtmorgan/AlphaMissenseR/pull/6	200	0			text/html; charset=utf-8		
https://github.com/paulrobertlloyd/socialmediaicons/blob/main/twitter-24x24.png	200	0			text/html; charset=utf-8		
https://github.com/paulrobertlloyd/socialmediaicons/blob/main/vcard-24x24.png	200	0			text/html; charset=utf-8		
https://github.com/nturaga	200	0			text/html; charset=utf-8		
https://github.com/pedrostrusso	200	0			text/html; charset=utf-8		
https://github.com/paulrobertlloyd/socialmediaicons/blob/main/github-24x24.png	200	0			text/html; charset=utf-8		
https://github.com/mritchie/EGSEA123	200	0			text/html; charset=utf-8		
https://github.com/montilab/CaDrA-shiny	200	1	301->https://github.com/montilab/CaDrA.shiny	https://github.com/montilab/CaDrA.shiny	text/html; charset=utf-8		
https://github.com/mtmorgan/cellxgenedp/pull/9	200	0			text/html; charset=utf-8		
https://github.com/mtmorgan/AlphaMissenseR/pull/4	200	0			text/html; charset=utf-8		
https://github.com/pcastellanoescuder/POMAShiny	200	0			text/html; charset=utf-8		
https://github.com/r-lib/usethis/blob/a653d6e05f9172772cea1055f8415cda2f26de69/R/vignette.R	200	0			text/html; charset=utf-8		
https://github.com/rcastelo/GSVA/issues/39	200	0			text/html; charset=utf-8		
https://github.com/perishky/meffil/	200	0			text/html; charset=utf-8		
https://github.com/rcastelo/GSVA/issues/54	200	0			text/html; charset=utf-8		
https://github.com/r-lib/actions/issues/912	200	0			text/html; charset=utf-8		
https://github.com/r-lib/pkgdown/pull/1276	200	0			text/html; charset=utf-8		
https://github.com/rcastelo/GSVA/issues/88	200	0			text/html; charset=utf-8		
https://github.com/montilab/CaDrA	200	0			text/html; charset=utf-8		
https://github.com/rcastelo/GenomicScores/issues/20	200	0			text/html; charset=utf-8		
https://github.com/r-lib/actions/commit/630f4c9d8b813f45d0327a2fc20eb264fd518450	200	0			text/html; charset=utf-8		
https://github.com/rcastelo/GSVA/issues/61	200	0			text/html; charset=utf-8		
https://github.com/rikenbit/mesh-workflow	200	0			text/html; charset=utf-8		
https://github.com/rcastelo/GSVA/issues/71	200	0			text/html; charset=utf-8		
https://github.com/r-lib/remotes/commit/0e4e23051041d9f1b15a5ab796defec31af6190d	200	0			text/html; charset=utf-8		
https://github.com/rcastelo/GSVA/issues/90	200	0			text/html; charset=utf-8		
https://github.com/rocker-org/rocker/tree/master/rstudio	200	0			text/html; charset=utf-8		
https://github.com/rikenbit/lrbase-workflow	200	0			text/html; charset=utf-8		
https://github.com/ropensci/magick/issues/171	200	0			text/html; charset=utf-8		
https://github.com/rstudio/httpuv/	200	0			text/html; charset=utf-8		
https://github.com/ropensci/magick/issues/194	200	0			text/html; charset=utf-8		
https://github.com/richierocks/runittotestthat]	404	0			text/html; charset=utf-8		
https://github.com/rocker-org/rocker	200	0			text/html; charset=utf-8		
https://github.com/rcastelo/GenomicScores/issues/18	200	0			text/html; charset=utf-8		
https://github.com/rikenbit/pubmed-workflow	200	0			text/html; charset=utf-8		
https://github.com/saezlab/decoupleR_manuscript	200	0			text/html; charset=utf-8		
https://github.com/rstudio/blogdown/issues/17	200	0			text/html; charset=utf-8		
https://github.com/seandavi/Bioc2017BigDataWorkshopSession	200	0			text/html; charset=utf-8		
https://github.com/rstudio/shiny/issues/3125	200	0			text/html; charset=utf-8		
https://github.com/seandavi/InteractiveApps_Bioc2017	200	0			text/html; charset=utf-8		
https://github.com/sgibb/cleaver/issues/6	200	0			text/html; charset=utf-8		
https://github.com/saezlab/decoupleRBench	200	0			text/html; charset=utf-8		
https://github.com/sgrote/GOfuncR/pull/7	200	0			text/html; charset=utf-8		
https://github.com/slzhao/FunTFPair	200	0			text/html; charset=utf-8		
https://github.com/seandavi/BiocGadgets	200	0			text/html; charset=utf-8		
https://github.com/sneumann/mzR/issues/136	200	0			text/html; charset=utf-8		
https://github.com/r-lib/actions/issues/639	200	0			text/html; charset=utf-8		
https://github.com/sneumann/mzR/pull/162	200	0			text/html; charset=utf-8		
https://github.com/sneumann/mzR/issues/52	200	0			text/html; charset=utf-8		
https://github.com/sneumann/xcms/issues/584	200	0			text/html; charset=utf-8		
https://github.com/stianlagstad/chimeraviz/issues/47	200	0			text/html; charset=utf-8		
https://github.com/sneumann/xcms/issues/590	200	0			text/html; charset=utf-8		
https://github.com/tamerh/biobtree	200	0			text/html; charset=utf-8		
https://github.com/teamcgc/cgcR	200	0			text/html; charset=utf-8		
https://github.com/stianlagstad/chimeraviz/pull/48/files	200	0			text/html; charset=utf-8		
https://github.com/tengfei/ggbio/issues/83	404	0			text/html; charset=utf-8		
https://github.com/road2stat/sbgr	200	1	301->https://github.com/nanxstats/sbgr	https://github.com/nanxstats/sbgr	text/html; charset=utf-8		
https://github.com/tgac-vumc/CGHcall/issues/2	200	0			text/html; charset=utf-8		
https://github.com/sneumann/mzR/issues/44	200	0			text/html; charset=utf-8		
https://github.com/thelovelab/DESeq2/issues/66	200	0			text/html; charset=utf-8		
https://github.com/theislab/zellkonverter/blob/b56718d113327020c024e188d9ac67ea57eaf35d/R/AnnData2SCE.R	200	0			text/html; charset=utf-8		
https://github.com/sinarueeger	200	0			text/html; charset=utf-8		
https://github.com/tidyverse/tidyr/pull/419	200	0			text/html; charset=utf-8		
https://github.com/tidyverse/dplyr/issues/2203	200	0			text/html; charset=utf-8		
https://github.com/tgirke/systemPipeRdata	200	0			text/html; charset=utf-8		
https://github.com/rworkflow/RcwlRecipes	200	0			text/html; charset=utf-8		
https://github.com/vjcitn/cgcR/	200	0			text/html; charset=utf-8		
https://github.com/sneumann/xcms/issues/261	200	0			text/html; charset=utf-8		
https://github.com/sbg/sevenbridges-r	200	0			text/html; charset=utf-8		
https://github.com/waldronlab/MultiAssayExperiment/issues/331	200	0			text/html; charset=utf-8		
https://github.com/waldronlab/MultiAssayExperimentWorkshop	200	0			text/html; charset=utf-8		
https://github.com/waldronlab/MultiAssayExperiment_Bioc2016	200	0			text/html; charset=utf-8		
https://github.com/waldronlab/SingleCellMultiModal/wiki/Contributing-Guidelines	200	0			text/html; charset=utf-8		
https://github.com/rubocop-hq/rubocop/pull/4342	200	1	301->https://github.com/rubocop/rubocop/pull/4342	https://github.com/rubocop/rubocop/pull/4342	text/html; charset=utf-8		
https://github.com/wsargent/docker-cheat-sheet	200	0			text/html; charset=utf-8		
https://github.com/yihui/knitr/issues/1212	200	0			text/html; charset=utf-8		
https://github.com/toobiwankenobi	200	0			text/html; charset=utf-8		
https://gitlab.com/Jennyzly2016/rnaEditr/-/issues/64	403	1	302->https://gitlab.com/users/sign_in	https://gitlab.com/users/sign_in	text/html; charset=UTF-8	Just a moment...	
https://github.com/yihui/knitr/issues/1785	200	0			text/html; charset=utf-8		
https://github.com/theislab/zellkonverter/issues/78	200	0			text/html; charset=utf-8		
https://google.com	200	1	301->https://www.google.com/	https://www.google.com/	text/html; charset=ISO-8859-1		
https://goo.gl/maps/aC8qYg63a1A2	200	1	302->https://www.google.com/maps/place/Residence+Inn+by+Marriott+Boston+Back+Bay%2FFenway/@42.3458505,-71.1026965,17z/data=!3m1!4b1!4m5!3m4!1s0x89e379f664178e43:0xf5d67a8829371723!8m2!3d42.3458505!4d-71.1005078?shorturl=1	https://www.google.com/maps/place/Residence+Inn+by+Marriott+Boston+Back+Bay%2FFenway/@42.3458505,-71.1026965,17z/data=!3m1!4b1!4m5!3m4!1s0x89e379f664178e43:0xf5d67a8829371723!8m2!3d42.3458505!4d-71.1005078?shorturl=1	text/html; charset=UTF-8		
https://github.com/vladpetyuk/MSnID/issues/12	200	0			text/html; charset=utf-8		
https://googlegenomics.readthedocs.org/en/latest/workshops/bioc-2015.html	404	1	302->https://googlegenomics.readthedocs.io/en/latest/workshops/bioc-2015.html	https://googlegenomics.readthedocs.io/en/latest/workshops/bioc-2015.html	text/html; charset=utf-8	Project not found - Read the Docs Community	
https://groups.google.com/forum/	200	0			text/html; charset=utf-8	Redirecting to Google Groups	
https://github.com/yihui/knitr/issues/1864	200	0			text/html; charset=utf-8		
https://groups.google.com/d/msg/bioc-ggtree/GULj-eoAluI/Llpm-HbfCwAJ	200	1	302->https://groups.google.com/g/bioc-ggtree/c/GULj-eoAluI/m/Llpm-HbfCwAJ	https://groups.google.com/g/bioc-ggtree/c/GULj-eoAluI/m/Llpm-HbfCwAJ	text/html; charset=utf-8		
https://github.com/zhengxwen/SeqArray/issues/78	200	0			text/html; charset=utf-8		
https://groups.google.com/forum/?utm_medium=email&utm_source=footer	200	0			text/html; charset=utf-8	Redirecting to Google Groups	
https://groups.google.com/d/msgid/bioc-ggtree/50765a34-53e5-44d2-bb8f-6d20a11fa890%40googlegroups.com	200	1	302->https://groups.google.com/g/bioc-ggtree/c/Hq8h-gHh4-A/m/KoZjN5xMBQAJ	https://groups.google.com/g/bioc-ggtree/c/Hq8h-gHh4-A/m/KoZjN5xMBQAJ	text/html; charset=utf-8		
https://github.com/waldronlab/MultiAssayExperiment/issues/333	200	0			text/html; charset=utf-8		
https://guangchuangyu.github.io/2015/10/use-simplify-to-remove-redundancy-of-enriched-go-terms/	200	0			text/html; charset=utf-8	use simplify to remove redundancy of enriched GO terms	
https://groups.oist.jp/htsa	200	0			text/html; charset=utf-8		
https://groups.google.com/g/bioc-ggtree/c/INJ0Nfkq3b0/m/lXefnfV5AQAJ	200	0			text/html; charset=utf-8		
https://github.com/zhengxwen/gdsfmt/issues/7	200	0			text/html; charset=utf-8		
https://guangchuangyu.github.io/2016/06/identify-method-for-ggtree	200	1	301->https://guangchuangyu.github.io/2016/06/identify-method-for-ggtree/	https://guangchuangyu.github.io/2016/06/identify-method-for-ggtree/	text/html; charset=utf-8	identify method for ggtree	
https://guangchuangyu.github.io/software/DOSE	200	1	301->https://guangchuangyu.github.io/software/DOSE/	https://guangchuangyu.github.io/software/DOSE/	text/html; charset=utf-8	DOSE	
https://guangchuangyu.github.io/software/ReactomePA	200	1	301->https://guangchuangyu.github.io/software/ReactomePA/	https://guangchuangyu.github.io/software/ReactomePA/	text/html; charset=utf-8	ReactomePA	
https://groups.google.com/g/methylkit_discussion/c/UruFjvX89B4/m/vV2Qnd8NEAAJ	200	0			text/html; charset=utf-8		
https://github.com/yihui/knitr/issues/1796	200	0			text/html; charset=utf-8		
https://github.com/zhengxwen/gdsfmt/issues/8	200	0			text/html; charset=utf-8		
https://hub.docker.com/r/bioconductor/devel_core2/	200	0			text/html; charset=utf-8	bioconductor/devel_core2 - Docker Image	
https://hub.docker.com/r/bioconductor/devel_base2/	200	0			text/html; charset=utf-8	bioconductor/devel_base2 - Docker Image	
https://help.github.com/	200	2	301->https://support.github.com | 302->https://support.github.com/request/landing	https://support.github.com/request/landing	text/html; charset=utf-8	Sign in for Software Support and Product Help - GitHub Support	
https://hub.docker.com/r/bioconductor/devel_cytometry2/	200	0			text/html; charset=utf-8	bioconductor/devel_cytometry2 - Docker Image	
https://github.com/waldronlab/MicrobiomeWorkshop	200	0			text/html; charset=utf-8		
https://hub.docker.com/r/bioconductor/devel_metabolomics2/	200	0			text/html; charset=utf-8	bioconductor/devel_metabolomics2 - Docker Image	
https://hub.docker.com/r/bioconductor/devel_proteomics2/	200	0			text/html; charset=utf-8	bioconductor/devel_proteomics2 - Docker Image	
https://github.com/zhengxwen/SeqArray/issues/48	200	0			text/html; charset=utf-8		
https://hub.docker.com/r/bioconductor/devel_mscore2/	200	0			text/html; charset=utf-8	bioconductor/devel_mscore2 - Docker Image	
https://github.com/zhengxwen/SeqArray/issues/80	200	0			text/html; charset=utf-8		
https://hub.docker.com/r/bioconductor/release_core2/	200	0			text/html; charset=utf-8	bioconductor/release_core2 - Docker Image	
https://github.com/waldronlab/enrichOmics	200	0			text/html; charset=utf-8		
https://hub.docker.com/r/bioconductor/release_cytometry2/	200	0			text/html; charset=utf-8	bioconductor/release_cytometry2 - Docker Image	
https://hub.docker.com/r/bioconductor/release_metabolomics2/	200	0			text/html; charset=utf-8	bioconductor/release_metabolomics2 - Docker Image	
https://github.com/zhengxwen/gdsfmt/issues/6	200	0			text/html; charset=utf-8		
https://huber-group-embl.github.io/Rarr/	200	0			text/html; charset=utf-8	A Simple and Performant Native R Reader &amp; Writer for Zarr Arrays • Rarr	
https://huber-group-embl.github.io/Rarr/articles/features.html	200	0			text/html; charset=utf-8	Supported Zarr features in Rarr • Rarr	
https://huber-group-embl.github.io/biomaRt/	200	0			text/html; charset=utf-8	Interface to BioMart databases (i.e. Ensembl) • biomaRt	
https://hub.docker.com/r/bioconductor/devel_protmetcore2/	200	0			text/html; charset=utf-8	bioconductor/devel_protmetcore2 - Docker Image	
https://github.com/vjcitn/biocMultiAssay	200	1	301->https://github.com/waldronlab/MultiAssayExperiment	https://github.com/waldronlab/MultiAssayExperiment	text/html; charset=utf-8		
https://hub.docker.com/r/bioconductor/release_base2/	200	0			text/html; charset=utf-8	bioconductor/release_base2 - Docker Image	
https://jserizay.com/	200	0			text/html; charset=utf-8	J. Serizay	
https://jserizay.com/OHCA/	200	0			text/html; charset=utf-8	Redirecting to the OHCA book	
https://hub.docker.com/r/bioconductor/release_proteomics2/	200	0			text/html; charset=utf-8	bioconductor/release_proteomics2 - Docker Image	
https://jokergoo.github.io/	200	0			text/html; charset=utf-8		
https://krasnitzlab.github.io/CNVMetrics/index.html	200	0			text/html; charset=utf-8	Copy Number Variant Metrics • CNVMetrics	
https://jhubiostatistics.shinyapps.io/recount3/	404	0			text/html; charset=UTF-8		
https://hub.docker.com/r/bioconductor/devel_protcore2/	200	0			text/html; charset=utf-8	bioconductor/devel_protcore2 - Docker Image	
https://is.gd/oYLDK4	200	1	301->https://genomaths.github.io/genomautomorphism/articles/automorphism_and_decision_tree_II.html	https://genomaths.github.io/genomautomorphism/articles/automorphism_and_decision_tree_II.html	text/html; charset=utf-8		
https://hub.docker.com/r/bioconductor/release_mscore2/	200	0			text/html; charset=utf-8	bioconductor/release_mscore2 - Docker Image	
https://learn.microsoft.com/en-us/azure/azure-resource-manager/management/manage-resource-groups-portal	200	0			text/html	Use the Azure portal and Azure Resource Manager to Manage Resource Groups - Azure Resource Manager | Microsoft Learn	
https://learn.microsoft.com/en-us/azure/container-instances/container-instances-stop-start	200	0			text/html	Manually stop or start container group - Azure Container Instances | Microsoft Learn	
https://jhubiostatistics.shinyapps.io/recount/	202	0			text/html; charset=UTF-8		
https://hub.docker.com/r/bioconductor/release_protmetcore2/	200	0			text/html; charset=utf-8	bioconductor/release_protmetcore2 - Docker Image	
https://learn.microsoft.com/en-us/azure/container-instances/container-instances-quickstart	200	0			text/html	Quickstart - Deploy Docker container to container instance - Azure CLI - Azure Container Instances | Microsoft Learn	
https://hub.docker.com/r/microsoft/bioconductor-bioconductor-docker	200	0			text/html; charset=utf-8	microsoft/bioconductor-bioconductor-docker - Docker Image	
https://learn.microsoft.com/en-us/azure/storage/common/storage-account-create	200	0			text/html	Create an Azure Storage Account - Azure Storage | Microsoft Learn	
https://hub.docker.com/u/bioconductor	200	0			text/html; charset=utf-8	bioconductor	
https://learn.microsoft.com/en-us/azure/container-instances/container-instances-troubleshooting	200	0			text/html	Troubleshoot common issues - Azure Container Instances | Microsoft Learn	
https://lgatto.github.io/about/	200	0			text/html; charset=utf-8	Redirecting to lgatto.codeberg.pages	
https://learn.microsoft.com/en-us/azure/container-instances/container-instances-volume-azure-files	200	0			text/html	Mount Azure Files volume to container group - Azure Container Instances | Microsoft Learn	
https://mac.r-project.org/	200	0			text/html	R for macOS Developers	
https://hub.docker.com/r/microsoft/bioconductor-bioconductor-docker/	200	0			text/html; charset=utf-8	microsoft/bioconductor-bioconductor-docker - Docker Image	
https://meet.jit.si/BioconductorTeaching	200	0			text/html		
https://llrs.dev	200	0			text/html; charset=UTF-8	B101nfo	
https://maayanlab.cloud/archs4/	200	0			text/html	ARCHS4	
https://learn.microsoft.com/en-us/cli/azure/storage/account/keys	200	0					
https://learn.microsoft.com/en-us/cli/azure/install-azure-cli	200	0					
https://learn.microsoft.com/en-us/azure/storage/files/storage-files-introduction	200	0			text/html	Introduction to Azure Files | Microsoft Learn	
https://microbiome.github.io/OMA/	200	0			text/html; charset=utf-8	Redirecting	
https://libd.shinyapps.io/spatialLIBD_Human_Lymph_Node_10x/	202	0			text/html; charset=UTF-8		
https://meetings.cshl.edu/courses.aspx?course=c-data&year=23	200	0					
https://hub.docker.com/r/bioconductor/release_protcore2/	200	0			text/html; charset=utf-8	bioconductor/release_protcore2 - Docker Image	
https://microbiome.github.io/course_2023_oulu/	404	0			text/html; charset=utf-8	Page not found &middot; GitHub Pages	
https://mikelove.github.io/fishpond	404	0			text/html; charset=utf-8		
https://microbiome.github.io/course_2022_oulu	200	1	301->https://microbiome.github.io/course_2022_oulu/	https://microbiome.github.io/course_2022_oulu/	text/html; charset=utf-8	Multi-omic data science with R/Bioconductor	
https://massbank.eu/MassBank	301	0					
https://learn.microsoft.com/en-us/azure/cost-management-billing/manage/create-subscription	200	0			text/html	Create a Microsoft Customer Agreement subscription - Azure Cost Management + Billing | Microsoft Learn	
https://packagemanager.posit.co/client/	200	0			text/html; charset=utf-8	Posit Package Manager	
https://learn.microsoft.com/en-us/azure/storage/files/storage-how-to-use-files-portal	200	0					
https://paul-shannon.github.io/igvR/index.html	404	0			text/html; charset=utf-8	Page not found &middot; GitHub Pages	
https://numfocus.org/community	200	0			text/html; charset=UTF-8		
https://pmc.ncbi.nlm.nih.gov/articles/PMC12328236/	200	0					
https://raw.githubusercontent.com/Bioconductor/BiocStickers/master/boards/EuroBioC/EuroBioC.png	200	0			image/png		
https://profiles.ucsf.edu/henrik.bengtsson	200	0			text/html; charset=utf-8		
https://radiant-rstats.github.io/docs/news.html	200	0			text/html; charset=utf-8	News	
https://numfocus.org/donate-for-bioconductor	200	0			text/html; charset=UTF-8		
https://research.libd.org/spatialLIBD/articles/multi_gene_plots.html	200	0			text/html; charset=utf-8	Guide to Multi-Gene Plots • spatialLIBD	
https://research.libd.org/visiumStitched/reference/build_spe.html	200	0			text/html; charset=utf-8	Build stitched SpatialExperiment — build_spe • visiumStitched	
https://rformassspectrometry.github.io/Metabonaut/	200	0			text/html; charset=utf-8	Exploring and Analyzing LC-MS Data • Metabonaut	
https://rformassspectrometry.github.io/book/	200	0			text/html; charset=utf-8	Chapter 1 Preamble | R for Mass Spectrometry	
https://pubmed.ncbi.nlm.nih.gov/33624743/	200	0			text/html; charset=utf-8		
https://raw.github.com/dtenenba/BioC2013talks/master/galaxy/RGalaxy.lab/vignettes/RGalaxy.lab-vignette.Rmd	200	1	301->https://raw.githubusercontent.com/dtenenba/BioC2013talks/master/galaxy/RGalaxy.lab/vignettes/RGalaxy.lab-vignette.Rmd	https://raw.githubusercontent.com/dtenenba/BioC2013talks/master/galaxy/RGalaxy.lab/vignettes/RGalaxy.lab-vignette.Rmd	text/plain; charset=utf-8		
https://rocker-project.org/use/shared_volumes.html	200	0			text/html; charset=utf-8	Shared Volumes – Rocker Project	
https://seandavi.github.io/post/	200	0			text/html; charset=utf-8	Posts | seandavi(s12)	
https://runs-on.com/github-actions/the-matrix-strategy/	200	0			text/html		
https://s3.amazonaws.com/bioc-cloudformation-templates/BioC2012.json	200	0			application/json		
https://s3.amazonaws.com/bioc-cloudformation-templates/start_instance.json	200	0			application/json		
https://rspec.info/	200	0			text/html; charset=utf-8	RSpec: Behaviour Driven Development for Ruby	
https://reg.abcsignup.com/reg/event_page.aspx?ek=0013-0020-9d4a5225c2554f17a9225f13f03bc2cd	200	0			text/html; charset=utf-8	..:: Learning Stream ::..	
https://rest.uniprot.org/	403	0			text/html	403 Forbidden	
https://piccolo.byu.edu/	200	1	301->https://biology.byu.edu/piccolo-lab	https://biology.byu.edu/piccolo-lab	text/html;charset=UTF-8		
https://parasite.wormbase.org	200	1	301->/index.html	https://parasite.wormbase.org/index.html	text/html; charset=utf-8	WormBase ParaSite	
https://software.broadinstitute.org/wdl/	302	0				302 Found	
https://stackoverflow.com/	200	1	302->/questions	https://stackoverflow.com/questions	text/html; charset=utf-8		
https://sales.bio.unipd.it/index.html	200	0			text/html	The Sales Lab	
https://speakerdeck.com/stephaniehicks/bioconductor-2017	200	0			text/html; charset=utf-8	Bioconductor 2017 - Speaker Deck	
https://sites.google.com/site/eurobioc2013/	200	3	302->https://accounts.google.com/ServiceLogin?passive=1209600&osid=1&continue=https://sites.google.com/site/eurobioc2013/&followup=https://sites.google.com/site/eurobioc2013/ | 302->https://accounts.google.com/InteractiveLogin?continue=https://sites.google.com/site/eurobioc2013/&followup=https://sites.google.com/site/eurobioc2013/&osid=1&passive=1209600&dsh=S-65828261:1785031175112130 | 302->https://accounts.google.com/v3/signin/identifier?continue=https%3A%2F%2Fsites.google.com%2Fsite%2Feurobioc2013%2F&dsh=S-65828261%3A1785031175112130&followup=https%3A%2F%2Fsites.google.com%2Fsite%2Feurobioc	https://accounts.google.com/v3/signin/identifier?continue=https%3A%2F%2Fsites.google.com%2Fsite%2Feurobioc2013%2F&dsh=S-65828261%3A1785031175112130&followup=https%3A%2F%2Fsites.google.com%2Fsite%2Feurobioc2013%2F&osid=1&passive=1209600&flowName=WebLiteSignIn&flowEntry=ServiceLogin&ifkv=Ac50bxtatQr9hoaOLWjo6eOMDBusilAUF7WFg1fFr3vDh9DOfI5sUJ-Jd63yFIQ_8S2ly1IHBW6zwA	text/html; charset=utf-8		
https://stat.ethz.ch/pipermail/bioc-devel/2010-September/002310.html	200	0			text/html; charset=UTF-8	[Bioc-devel] NAMESPACE, vignette and .Rd examples	
https://stat.ethz.ch/R/daily/	200	0			text/html;charset=ISO-8859-1	Index of /R/daily	
https://sites.google.com/site/eurobioc2015/	200	3	302->https://accounts.google.com/ServiceLogin?passive=1209600&osid=1&continue=https://sites.google.com/site/eurobioc2015/&followup=https://sites.google.com/site/eurobioc2015/ | 302->https://accounts.google.com/InteractiveLogin?continue=https://sites.google.com/site/eurobioc2015/&followup=https://sites.google.com/site/eurobioc2015/&osid=1&passive=1209600&dsh=S-886190359:1785031175124844 | 302->https://accounts.google.com/v3/signin/identifier?continue=https%3A%2F%2Fsites.google.com%2Fsite%2Feurobioc2015%2F&dsh=S-886190359%3A1785031175124844&followup=https%3A%2F%2Fsites.google.com%2Fsite%2Feurobi	https://accounts.google.com/v3/signin/identifier?continue=https%3A%2F%2Fsites.google.com%2Fsite%2Feurobioc2015%2F&dsh=S-886190359%3A1785031175124844&followup=https%3A%2F%2Fsites.google.com%2Fsite%2Feurobioc2015%2F&osid=1&passive=1209600&flowName=WebLiteSignIn&flowEntry=ServiceLogin&ifkv=Ac50bxtWzoQjH1XdLhE-SP9cT-EaabmlcLyevvRwBvd-7T44t_ReDYC-AOrHAlJcVe38tcPZTczb3w	text/html; charset=utf-8		
https://stat.ethz.ch/mailman/listinfo/bioc-devel	200	0			text/html; charset=us-ascii	Bioc-devel Info Page	
https://sites.google.com/site/davismcc/teaching-materials/bioc-2012	200	3	302->https://accounts.google.com/ServiceLogin?passive=1209600&osid=1&continue=https://sites.google.com/site/davismcc/teaching-materials/bioc-2012&followup=https://sites.google.com/site/davismcc/teaching-materials/bioc-2012 | 302->https://accounts.google.com/InteractiveLogin?continue=https://sites.google.com/site/davismcc/teaching-materials/bioc-2012&followup=https://sites.google.com/site/davismcc/teaching-materials/bioc-2012&osid=1&passive=1209600&dsh=S-886190359:1785031174904469 | 302->https://accounts.google.com/v3/signin/identifier?continue=https%3A%2F%2Fsites.google.com%2Fsite%2Fdavismcc%2	https://accounts.google.com/v3/signin/identifier?continue=https%3A%2F%2Fsites.google.com%2Fsite%2Fdavismcc%2Fteaching-materials%2Fbioc-2012&dsh=S-886190359%3A1785031174904469&followup=https%3A%2F%2Fsites.google.com%2Fsite%2Fdavismcc%2Fteaching-materials%2Fbioc-2012&osid=1&passive=1209600&flowName=WebLiteSignIn&flowEntry=ServiceLogin&ifkv=Ac50bxtk2EWn0LgF9l3kPJJNWE1uwi-XUsKeZhPWr-vZ43d6Txc9WYMoUPVQcucNQwKEv6HJI8Tc	text/html; charset=utf-8		
https://sites.google.com/site/quincymobio/teaching-materials	200	3	302->https://accounts.google.com/ServiceLogin?passive=1209600&osid=1&continue=https://sites.google.com/site/quincymobio/teaching-materials&followup=https://sites.google.com/site/quincymobio/teaching-materials | 302->https://accounts.google.com/InteractiveLogin?continue=https://sites.google.com/site/quincymobio/teaching-materials&followup=https://sites.google.com/site/quincymobio/teaching-materials&osid=1&passive=1209600&dsh=S-384800562:1785031175377455 | 302->https://accounts.google.com/v3/signin/identifier?continue=https%3A%2F%2Fsites.google.com%2Fsite%2Fquincymobio%2Fteaching-materials&dsh=S	https://accounts.google.com/v3/signin/identifier?continue=https%3A%2F%2Fsites.google.com%2Fsite%2Fquincymobio%2Fteaching-materials&dsh=S-384800562%3A1785031175377455&followup=https%3A%2F%2Fsites.google.com%2Fsite%2Fquincymobio%2Fteaching-materials&osid=1&passive=1209600&flowName=WebLiteSignIn&flowEntry=ServiceLogin&ifkv=Ac50bxtd6aNKSK6S-49ytqnoXqgERo8buggyK89Lz2D37QAwtR_sKoj69NLSIiNN7gSzdhlGYlKFBQ	text/html; charset=utf-8		
https://stat.ethz.ch/pipermail/bioc-devel/2015-June/007675.html	200	0			text/html; charset=UTF-8	[Bioc-devel] Bioconductor Git/GitHub Mirrors	
https://stat.ethz.ch/pipermail/bioc-devel/2014-December/006749.html	200	0			text/html; charset=UTF-8	[Bioc-devel] findOverlaps() news	
https://stat.ethz.ch/pipermail/bioc-devel/2014-June/005854.html	200	0			text/html; charset=UTF-8	[Bioc-devel] recommend biocViews	
https://stat.ethz.ch/pipermail/bioc-devel/2015-November/008318.html	200	0			text/html; charset=UTF-8	[Bioc-devel] Unexpected behaviour with Assays and Vector classes	
https://stat.ethz.ch/pipermail/bioc-devel/2015-November/008319.html	200	0			text/html; charset=UTF-8	[Bioc-devel] Unexpected behaviour with Assays and Vector classes	
https://stat.ethz.ch/pipermail/bioc-devel/2015-September/008014.html	200	0			text/html; charset=UTF-8	[Bioc-devel] Proper way of documenting a BiocGenerics generics with extended prototypes	
https://stat.ethz.ch/pipermail/bioc-devel/2020-April/016645.html	200	0			text/html; charset=UTF-8	[Bioc-devel] Cannot reproduce a regionReport 1.21.7 error on the Bioc 3.11 Linux builder	
https://stat.ethz.ch/pipermail/bioc-devel/2020-April/016650.html	200	0			text/html; charset=UTF-8	[Bioc-devel] Cannot reproduce a regionReport 1.21.7 error on the Bioc 3.11 Linux builder	
https://stat.ethz.ch/pipermail/bioc-devel/2015-May/007500.html	200	0			text/html; charset=UTF-8	[Bioc-devel] Use and Usability metrics / shields	
https://style.tidyverse.org/	200	0			text/html; charset=utf-8	Tidyverse style guide	
https://synthea.mitre.org/downloads	TLS_ERROR	0					
https://stat.ethz.ch/pipermail/bioc-devel/2020-March/016365.html	200	0			text/html; charset=UTF-8	[Bioc-devel] regionReport error: leads to potential disk space issues for ImageMagick	
https://stat.ethz.ch/pipermail/bioc-devel/2022-July/019075.html	200	0			text/html; charset=UTF-8	[Bioc-devel] BiocParallel and Shiny	
https://systempipe.org/sps	200	1	301->https://systempipe.org/sps/	https://systempipe.org/sps/	text/html; charset=utf-8	systemPipeShiny Documentation | systemPipe	
https://stat.ethz.ch/pipermail/bioc-devel/2019-January/014526.html	200	0			text/html; charset=UTF-8	[Bioc-devel] Using SerialParam() as the registered back-end for all platforms	
https://stat.ethz.ch/pipermail/bioc­devel/2012­August/003554.html	ERROR	0					
https://tcgabiolinksgui.shinyapps.io/TCGAbiolinksGUI/	404	0			text/html; charset=UTF-8		
https://tcgabiolinksgui.shinyapps.io/tcgabiolinks/	404	0			text/html; charset=UTF-8		
https://tinyurl.com/bioc-2017-magrittr	301	0			text/html; charset=utf-8	Redirecting to https://docs.google.com/presentation/d/12H-APpzIcun7C86QmtMbrbmVuxwIR4OLsYh7CuRSpg8/edit?usp=sharing	
https://treetime.readthedocs.io/en/latest/tutorials/clock.html	200	0			text/html; charset=utf-8	Estimation of evolutionary rates and tree rerooting &mdash; TreeTime 0.11.1 documentation	
https://stat.ethz.ch/pipermail/r-devel/2008-December/051602.html	200	0			text/html; charset=UTF-8	[Rd] NAMESPACE/DESCRIPTION and imports	
https://twitter.com/StrictlyStat/status/1103303028751372289	200	0					
https://us06web.zoom.us/meeting/register/qtozL2LDSkK2-7eXxFdlVw	200	0			text/html;charset=utf-8	Meeting Registration - Zoom	
https://twitter.com/lgatt0/status/885091284142239744	404	0					
https://stat.ethz.ch/pipermail/bioc-devel/2015-April/007464.html	200	0			text/html; charset=UTF-8	[Bioc-devel] Short URLs for packages?	
https://stat.ethz.ch/pipermail/bioc-devel/2015-May/007531.html	200	0			text/html; charset=UTF-8	[Bioc-devel] Redirect workers output to STDERR, how to do so with current BiocParallel::SnowParam()?	
https://twitter.com/JennyBryan/status/1337858543404285952?s=20	200	0					
https://try.github.io/levels/1/challenges/1	200	2	301->https://docs.github.com/en/github/getting-started-with-github/set-up-git | 301->/en/get-started/git-basics/set-up-git	https://docs.github.com/en/get-started/git-basics/set-up-git	text/html; charset=utf-8		
https://idies.jhu.edu/recount3/data	TIMEOUT	2	301->https://www.idies.jhu.edu/recount3/data | 301->https://data.idies.jhu.edu/recount3/data	https://data.idies.jhu.edu/recount3/data			
https://twitter.com/search?q=%23BioC2015	301	0			text/plain; charset=utf-8		
https://vincebuffalo.com/blog/2012/03/12/using-bioconductor-to-analyze-your-23andme-data.html	404	0			text/html	404 Not Found	
https://vjcitn.github.io/	200	0			text/html; charset=utf-8	VJCweb • VJCweb	
https://stat.ethz.ch/pipermail/bioconductor/2010-February/031615.html	200	0			text/html; charset=UTF-8	[BioC] R Course 28-29 March in Heidelberg (EMBL)	
https://waldronlab.github.io/curatedMetagenomicData/	200	1	301->https://waldronlab.io/curatedMetagenomicData/	https://waldronlab.io/curatedMetagenomicData/	text/html; charset=utf-8	Curated Metagenomic Data of the Human Microbiome • curatedMetagenomicData	
https://users.soe.ucsc.edu/~sokolov/	200	1	301->https://engineering.ucsc.edu	https://engineering.ucsc.edu	text/html; charset=UTF-8		
https://stat.ethz.ch/pipermail/bioc-devel/2020-January/016081.html	200	0			text/html; charset=UTF-8	[Bioc-devel] New setting on devel builders will cause some new package failures	
https://stat.ethz.ch/pipermail/bioc-devel/2019-January/014535.html	200	0			text/html; charset=UTF-8	[Bioc-devel] Using SerialParam() as the registered back-end for all platforms	
https://www.biostars.org/	403	0			text/html; charset=UTF-8	Just a moment...	
https://www.biostars.org/p/188863/	403	0			text/html; charset=UTF-8	Just a moment...	
https://www.biostars.org/p/204142	403	0			text/html; charset=UTF-8	Just a moment...	
https://www.biorxiv.org/content/10.1101/2021.04.29.440149v1	200	0			text/html; charset=utf-8		
https://www.biostars.org/p/210401/	403	0			text/html; charset=UTF-8	Just a moment...	
https://www.biorxiv.org/content/10.1101/2020.04.29.068551v1	200	0			text/html; charset=utf-8		
https://www.biorxiv.org/content/10.1101/2021.05.19.444862v1	200	0			text/html; charset=utf-8		
https://stat.ethz.ch/pipermail/bioc-devel/2020-April/016538.html	200	0			text/html; charset=UTF-8	[Bioc-devel] regionReport error leads to ggbio &amp; biovizBase issues, confusingly not on all OS though	
https://www.4dnucleome.org/	200	1	301->https://4dnucleome.org/	https://4dnucleome.org/	text/html; charset=UTF-8		
https://www.biorxiv.org/content/10.1101/445601v2	200	0			text/html; charset=utf-8	Uncertainty in RNA-seq gene expression data | bioRxiv	
https://www.dnazoo.org/	200	0					
https://www.docker.com/products/docker-desktop	200	1	301->https://www.docker.com/products/docker-desktop/	https://www.docker.com/products/docker-desktop/	text/html; charset=UTF-8		
https://www.broadinstitute.org/genome_bio/connectivitymap.html	200	1	301->/connectivity-map-cmap	https://www.broadinstitute.org/connectivity-map-cmap	text/html; charset=UTF-8	Connectivity Map (CMAP) | Broad Institute	
https://perdana.apbionet.org/giw-incob-2015/	TIMEOUT	0					
https://www.deduveinstitute.be/fr/research/computational-biology/laurent-gatto	404	0			text/html; charset=utf-8	404: This page could not be found.	
https://www.fredhutch.org/en/contact-us/visit-us.html	301	0				301 Moved Permanently	
https://www.fredhutch.org/en/labs/profiles/gottardo-raphael.html	301	0				301 Moved Permanently	
https://www.ebi.ac.uk/training/course/HTS2014	200	0			text/html; charset=UTF-8	EMBL-EBI Training	
https://www.edx.org/course/data-analysis-life-sciences-1-statistics-harvardx-ph525-1x	200	1	301->https://www.edx.org/learn/r-programming/harvard-university-statistics-and-r	https://www.edx.org/learn/r-programming/harvard-university-statistics-and-r	text/html; charset=utf-8		
https://www.cscce.org/	200	0			text/html; charset=UTF-8		
https://www.edx.org/course/harvardx/harvardx-ph525x-data-analysis-genomics-1401	200	2	302->/course/statistics-and-r | 301->https://www.edx.org/learn/r-programming/harvard-university-statistics-and-r	https://www.edx.org/learn/r-programming/harvard-university-statistics-and-r	text/html; charset=utf-8		
https://www.edx.org/course/statistics-r-life-sciences-harvardx-ph525-1x	200	1	301->https://www.edx.org/learn/r-programming/harvard-university-statistics-and-r	https://www.edx.org/learn/r-programming/harvard-university-statistics-and-r	text/html; charset=utf-8		
https://www.gnu.org/software/gnulib/	200	0			text/html	Gnulib - GNU Portability Library - GNU Project - Free Software Foundation	
https://www.genome.gov	200	0			text/html; charset=UTF-8		
https://www.biorxiv.org/content/10.1101/525709v2	200	0			text/html; charset=utf-8		
https://www.ebi.ac.uk/about/people/davis-mccarthy	404	1	301->https://www.ebi.ac.uk/people/person/davis-mccarthy	https://www.ebi.ac.uk/people/person/davis-mccarthy	text/html	Error: 404 | EMBL-EBI	
https://www.embl.org/people/person/hugo-gruson/	200	0			text/html	Hugo Gruson, Research Software Engineer - Bioconductor tools for biological data science and AI (Open) | People | EMBL	
https://www.kaggle.com/code/drscarlat/fhir-starter-parse-healthcare-bundles-into-tables	404	0			text/html; charset=utf-8	FHIR starter: Parse healthcare bundles into tables | Kaggle	
https://www.linkedin.com/in/afgane/	999	0			text/html		
https://www.biorxiv.org/content/early/2017/06/03/145656	200	1	301->https://www.biorxiv.org/content/10.1101/145656v1	https://www.biorxiv.org/content/10.1101/145656v1	text/html; charset=utf-8		
https://www.biorxiv.org/content/early/2017/11/17/221499	200	1	301->https://www.biorxiv.org/content/10.1101/221499v1	https://www.biorxiv.org/content/10.1101/221499v1	text/html; charset=utf-8		
https://www.biostat.wisc.edu/~kendzior/	200	1	301->https://biostat.wisc.edu/2022/05/19/kendziorski-and-roy-kellett-and-romnes-award-winners-in-inside-uw/	https://biostat.wisc.edu/2022/05/19/kendziorski-and-roy-kellett-and-romnes-award-winners-in-inside-uw/	text/html; charset=UTF-8	Kendziorski and Roy, Kellett and Romnes award winners, in &#8220;Inside UW&#8221; &#8211; Biostatistics and Medical Informatics &#8211; UW–Madison	
https://www.iscb.org/ismbeccb2023-programme/tutorials	404	0			text/html; charset=utf-8	Error: 404	
https://www.linkedin.com/in/maria-doyle-11220739/	999	0			text/html		
https://www.linkedin.com/company/bioconductor/	200	0			text/html; charset=utf-8		
https://www.huber.embl.de/msmb/	200	0			text/html	Modern Statistics for Modern Biology	
https://www.linkedin.com/in/babasaraki	999	0			text/html		
https://www.meetup.com/bioconductor-community-in-asia/events/288949678/	301	0			text/html; charset=utf-8		
https://www.meetup.com/boston-r-bioconductor-for-genomics/events/286908674/	200	0					
https://www.meetup.com/boston-r-bioconductor-for-genomics/events/289042169/	200	0					
https://www.nature.com/articles/nmeth.3252	303	0				303 See Other	
https://www.linkedin.com/in/oluwatobilolaogunbowale/	999	0			text/html		
https://www.nature.com/articles/s41467-022-31411-3	303	0				303 See Other	
https://www.nature.com/articles/s41592-022-01408-3	303	0				303 See Other	
https://www.ncbi.nlm.nih.gov/geo/query/acc.cgi?acc=GSE13015	200	0			text/html	GEO Accession viewer	
https://www.linkedin.com/in/michael-lawrence-74a9b482	200	0			text/html; charset=utf-8		
https://www.ncbi.nlm.nih.gov/geo/query/acc.cgi?acc=GSE110554	200	0			text/html	GEO Accession viewer	
https://www.biorxiv.org/content/early/2017/08/30/134734	200	1	301->https://www.biorxiv.org/content/10.1101/134734v2	https://www.biorxiv.org/content/10.1101/134734v2	text/html; charset=UTF-8	Please Wait	
https://www.ncbi.nlm.nih.gov/geo/query/acc.cgi?acc=GSE159526	200	0			text/html	GEO Accession viewer	
https://www.nsf.gov	200	0			text/html; charset=UTF-8	NSF - U.S. National Science Foundation	
https://www.linkedin.com/in/tuomasborman	999	0			text/html		
https://www.overleaf.com/latex/templates/f1000research-software-tool-article-template/wcbcqgcryfzk	200	0			text/html; charset=utf-8	F1000Research Software Tools Template - Overleaf, Online LaTeX Editor	
https://www.linkedin.com/in/zahraa-wajih-alsafwani-967659234	999	0			text/html		
https://www.linkedin.com/in/lori-shepherd-b49993172	999	0			text/html		
https://www.rabix.org	TLS_ERROR	0					
https://www.linkedin.com/in/izabela-mamede-358ab983/	999	0					
https://www.rabix.org/	TLS_ERROR	0					
https://www.ncbi.nlm.nih.gov/pmc/articles/PMC4509590/figure/F2/	200	1	301->https://pmc.ncbi.nlm.nih.gov/articles/PMC4509590/figure/F2/	https://pmc.ncbi.nlm.nih.gov/articles/PMC4509590/figure/F2/			
https://www.physalia-courses.org/courses-workshops/course19/	200	0			text/html; charset=UTF-8		
https://www.omnipathdb.org	200	1	301->https://omnipathdb.org/	https://omnipathdb.org/	text/html; charset=utf-8	OmniPath :: Intra- &amp; intercellular signaling knowledge	
https://www.outreachy.org/	200	0			text/html; charset=utf-8	Outreachy | Internships Supporting Diversity in Tech - Outreachy	
https://www.physalia-courses.org/courses-workshops/course58/	200	0			text/html; charset=UTF-8		
https://www.physalia-courses.org/courses-workshops/course18/	200	0			text/html; charset=UTF-8		
https://www.r-project.org/	200	0			text/html	R: The R Project for Statistical Computing	
https://www.r-project.org/help.html	200	0			text/html	R: Getting Help with R	
https://www.sciencedirect.com/science/article/pii/S2666979X21001063?via%3Dihub	403	0			text/html; charset=UTF-8		
https://www.rocker-project.org/	200	1	301->https://rocker-project.org/	https://rocker-project.org/	text/html; charset=utf-8	The Rocker Project – Rocker Project	
https://www.simoncoetzee.com/bioc2017.html	530	0			text/html; charset=UTF-8	Origin DNS error | www.simoncoetzee.com | Cloudflare	
https://www.roswellpark.org/about-us	200	0			text/html; charset=UTF-8	About Roswell Park | Roswell Park Comprehensive Cancer Center - Buffalo, NY	
https://www.surveymonkey.com/r/X9DNMWW	404	0			text/html; charset=UTF-8	SurveyMonkey 404	
https://www.surveymonkey.com/r/BPKVL28	404	0			text/html; charset=UTF-8	SurveyMonkey 404	
https://www.surveymonkey.com/r/bioc-bof	404	0			text/html; charset=UTF-8	SurveyMonkey Survey Not Found	
https://www.physalia-courses.org/courses-workshops/r-packages/	200	0			text/html; charset=UTF-8		
https://www.physalia-courses.org/courses-workshops/gse-in-r/	200	0			text/html; charset=UTF-8		
https://www.youtube.com/@Bioconductor	200	0			text/html; charset=utf-8		
https://www.physalia-courses.org/courses-workshops/flow-cytometry/	200	0			text/html; charset=UTF-8		
https://www.youtube.com/embed/QfqaK_BHebU	200	0			text/html; charset=utf-8		
https://www.youtube.com/@bioconductor	200	0			text/html; charset=utf-8		
https://www.rdm.ox.ac.uk/people/kevin-rue-albrecht	200	0					
https://www.surveymonkey.com/r/bioc-workshop	404	0			text/html; charset=UTF-8	SurveyMonkey Survey Not Found	
https://www.ul.ie/limerick-dcrc/prof-aedin-culhane	200	0			text/html; charset=UTF-8	Professor Aedín Culhane | University of Limerick	
https://www.youtube.com/playlist?list=PLdl4u5ZRDMQQLMupAtEzm2y4gUIUm_1n6	200	0			text/html; charset=utf-8		
https://www.youtube.com/user/bioconductor	200	0			text/html; charset=utf-8		
https://www.physalia-courses.org/courses-workshops/network-in-systems-biology/	200	0			text/html; charset=UTF-8		
https://www.rstudio.com/wp-content/uploads/2015/02/rmarkdown-cheatsheet.pdf	503	1	301->https://posit.co/	https://posit.co/	text/html	Technical Difficulties	
https://www.youtube.com/watch?v=D1-l0Noa3Ho	200	0			text/html; charset=utf-8		
https://www.thekids.org.au/contact-us/our-people/p/stephen-stevie-pederson/	404	0			text/html; charset=utf-8	404 - Page not found	
https://www.youtube.com/watch?v=QfqaK_BHebU	200	0			text/html; charset=utf-8		
https://www.youtube.com/embed/qbNSAirpBtY	200	0			text/html; charset=utf-8		
https://www.youtube.com/watch?v=bzzPBt3Mz0A	200	0			text/html; charset=utf-8		
https://yulab-smu.github.io/treedata-book/chapter11.html	200	1	301->http://yulab-smu.top/treedata-book/chapter11.html	http://yulab-smu.top/treedata-book/chapter11.html	text/html; charset=utf-8	Chapter 11 Other ggtree Extensions | Data Integration, Manipulation and Visualization of Phylogenetic Trees	
https://yulab-smu.github.io/clusterProfiler-book/chapter12.html	200	1	301->http://yulab-smu.top/clusterProfiler-book/chapter12.html	http://yulab-smu.top/clusterProfiler-book/chapter12.html	text/html; charset=utf-8	Chapter 12 Visualization of Functional Enrichment Result | clusterProfiler: universal enrichment tool for functional and comparative study	
https://yulab-smu.github.io/treedata-book/chapter10.html	200	1	301->http://yulab-smu.top/treedata-book/chapter10.html	http://yulab-smu.top/treedata-book/chapter10.html	text/html; charset=utf-8	Chapter 10 ggtreeExtra for Presenting Data on a Circular Layout | Data Integration, Manipulation and Visualization of Phylogenetic Trees	
https://www.youtube.com/watch?v=LTT1i_ACpxc	200	0			text/html; charset=utf-8		
https://yulab-smu.top/biomedical-knowledge-mining-book/	200	0			text/html; charset=utf-8	Biomedical Knowledge Mining using GOSemSim and clusterProfiler	
https://yulab-smu.top/treedata-book/chapter12.html	200	0			text/html; charset=utf-8	Chapter 12 ggtree Utilities | Data Integration, Manipulation and Visualization of Phylogenetic Trees	
https://yulab-smu.github.io/treedata-book/chapter4.html	200	1	301->http://yulab-smu.top/treedata-book/chapter4.html	http://yulab-smu.top/treedata-book/chapter4.html	text/html; charset=utf-8		
https://www.youtube.com/watch?v=pFvUOPfR8eA&feature=youtu.be	200	0			text/html; charset=utf-8		
https://zenodo.org/communities/bioconductor	308	0				Redirecting...	
https://www.youtube.com/watch?v=ldYJ703CPBA	200	0			text/html; charset=utf-8		
https://zulip.com/help/gdpr-compliance	200	0			text/html	GDPR compliance | Zulip help center	
https://yulab-smu.github.io/treedata-book/docs/chapter10.html	404	1	301->http://yulab-smu.top/treedata-book/docs/chapter10.html	http://yulab-smu.top/treedata-book/docs/chapter10.html	text/html; charset=utf-8	Page not found | Data Integration, Manipulation and Visualization of Phylogenetic Trees	
https://yulab-smu.github.io/treedata-book/chapter9.html	200	1	301->http://yulab-smu.top/treedata-book/chapter9.html	http://yulab-smu.top/treedata-book/chapter9.html	text/html; charset=utf-8	Chapter 9 ggtree for Other Tree-like Objects | Data Integration, Manipulation and Visualization of Phylogenetic Trees	
https://yulab-smu.github.io/treedata-book/chapter7.html	200	1	301->http://yulab-smu.top/treedata-book/chapter7.html	http://yulab-smu.top/treedata-book/chapter7.html	text/html; charset=utf-8	Chapter 7 Plotting tree with data | Data Integration, Manipulation and Visualization of Phylogenetic Trees	
https://yulab-smu.top/clusterProfiler	200	1	301->https://yulab-smu.top/clusterProfiler/	https://yulab-smu.top/clusterProfiler/	text/html; charset=utf-8	clusterProfiler Documentation	
https://www.ru.nl/en/education/education-for-professionals/overview/brain-bacteria-and-behaviour-understanding-the-gut-brain-axis-rss406	200	0			text/html; charset=UTF-8	Educational offerings for professionals | Radboud University	
https://zenodo.org	200	0					
https://zenodo.org/records/18089082	200	0					
