url	status	n_redirects	redirect_chain	final_url	content_type	title	note
http://bioconductor.org/	200	1	301->https://bioconductor.org/	https://bioconductor.org/	text/html		
http://bioconductor.org	200	1	301->https://bioconductor.org/	https://bioconductor.org/	text/html		
http://bioconductor.org/books/devel/SingleRBook/	200	1	301->https://bioconductor.org/books/devel/SingleRBook/	https://bioconductor.org/books/devel/SingleRBook/	text/html		
http://bioconductor.org/bin/macosx/2.1/affy_1.6.7.tgz	404	1	301->https://bioconductor.org/bin/macosx/2.1/affy_1.6.7.tgz	https://bioconductor.org/bin/macosx/2.1/affy_1.6.7.tgz	text/html		
http://bioconductor.org/bin/macosx/2.1/Biobase_1.5.12.tgz	404	1	301->https://bioconductor.org/bin/macosx/2.1/Biobase_1.5.12.tgz	https://bioconductor.org/bin/macosx/2.1/Biobase_1.5.12.tgz	text/html		
http://bioconductor.org/checkResults/devel/bioc-LATEST/	200	1	301->https://bioconductor.org/checkResults/devel/bioc-LATEST/	https://bioconductor.org/checkResults/devel/bioc-LATEST/	text/html		
http://bioconductor.org/bin/macosx/2.1/xtable_1.2-5.tgz	404	1	301->https://bioconductor.org/bin/macosx/2.1/xtable_1.2-5.tgz	https://bioconductor.org/bin/macosx/2.1/xtable_1.2-5.tgz	text/html		
http://bioconductor.org/data/experimental.html	404	1	301->https://bioconductor.org/data/experimental.html	https://bioconductor.org/data/experimental.html	text/html		
http://bioconductor.org/checkResults/	200	1	301->https://bioconductor.org/checkResults/	https://bioconductor.org/checkResults/	text/html		
http://bioconductor.org/data/metaData.html	404	1	301->https://bioconductor.org/data/metaData.html	https://bioconductor.org/data/metaData.html	text/html		
http://bioconductor.org/developers/how-to/git-svn/	200	1	301->https://bioconductor.org/developers/how-to/git-svn/	https://bioconductor.org/developers/how-to/git-svn/	text/html		
http://bioconductor.org/checkResults/release/bioc-LATEST/	200	1	301->https://bioconductor.org/checkResults/release/bioc-LATEST/	https://bioconductor.org/checkResults/release/bioc-LATEST/	text/html		
http://bioconductor.org/developers/BiocCheck.html	200	2	301->https://bioconductor.org/developers/BiocCheck.html | 301->http://master.bioconductor.org/packages/devel/bioc/vignettes/BiocCheck/inst/doc/BiocCheck.html	http://master.bioconductor.org/packages/devel/bioc/vignettes/BiocCheck/inst/doc/BiocCheck.html	text/html		
http://bioconductor.org/developers/release-schedule/	200	1	301->https://bioconductor.org/developers/release-schedule/	https://bioconductor.org/developers/release-schedule/	text/html		
http://bioconductor.org/developers/how-to/web-query/	200	2	301->https://bioconductor.org/developers/how-to/web-query/ | 301->https://contributions.bioconductor.org/querying-web-resources.html	https://contributions.bioconductor.org/querying-web-resources.html	text/html; charset=utf-8		
http://bioconductor.org/help/	200	1	301->https://bioconductor.org/help/	https://bioconductor.org/help/	text/html		
http://bioconductor.org/developers/how-to/troubleshoot-build-report/	200	2	301->https://bioconductor.org/developers/how-to/troubleshoot-build-report/ | 301->https://contributions.bioconductor.org/troubleshooting-build-report.html	https://contributions.bioconductor.org/troubleshooting-build-report.html	text/html; charset=utf-8		
http://bioconductor.org/help/bioconductor-cloud-ami/	200	1	301->https://bioconductor.org/help/bioconductor-cloud-ami/	https://bioconductor.org/help/bioconductor-cloud-ami/	text/html		
http://bioconductor.org/developers/unitTesting-guidelines/	200	2	301->https://bioconductor.org/developers/unitTesting-guidelines/ | 301->https://contributions.bioconductor.org/tests.html	https://contributions.bioconductor.org/tests.html	text/html; charset=utf-8		
http://bioconductor.org/developers/how-to/git-mirror/	200	3	301->https://bioconductor.org/developers/how-to/git-mirror/ | 301->http://master.bioconductor.org/about/mirrors/mirror-how-to.html | 301->http://master.bioconductor.org/about/mirrors/mirror-how-to/	http://master.bioconductor.org/about/mirrors/mirror-how-to/	text/html		
http://bioconductor.org/developers/package-guidelines/	200	3	301->https://bioconductor.org/developers/package-guidelines/ | 301->http://contributions.bioconductor.org/develop-overview.html | 301->https://contributions.bioconductor.org/develop-overview.html	https://contributions.bioconductor.org/develop-overview.html	text/html; charset=utf-8		
http://bioconductor.org/help/community/	200	1	301->https://bioconductor.org/help/community/	https://bioconductor.org/help/community/	text/html		
http://bioconductor.org/help/course-materials/	403	1	301->https://bioconductor.org/help/course-materials/	https://bioconductor.org/help/course-materials/	text/html		
http://bioconductor.org/help/course-materials/2014/CSAMA2014	403	1	301->https://bioconductor.org/help/course-materials/2014/CSAMA2014	https://bioconductor.org/help/course-materials/2014/CSAMA2014	text/html		
http://bioconductor.org/help/course-materials/2014/BioC2014/	403	1	301->https://bioconductor.org/help/course-materials/2014/BioC2014/	https://bioconductor.org/help/course-materials/2014/BioC2014/	text/html		
http://bioconductor.org/help/course-materials/2015/BiocEurope2015/	403	1	301->https://bioconductor.org/help/course-materials/2015/BiocEurope2015/	https://bioconductor.org/help/course-materials/2015/BiocEurope2015/	text/html		
http://bioconductor.org/help/course-materials/2015/Lyon2015/	403	1	301->https://bioconductor.org/help/course-materials/2015/Lyon2015/	https://bioconductor.org/help/course-materials/2015/Lyon2015/	text/html		
http://bioconductor.org/help/events/	200	1	301->https://bioconductor.org/help/events/	https://bioconductor.org/help/events/	text/html		
http://bioconductor.org/install/	200	1	301->https://bioconductor.org/install/	https://bioconductor.org/install/	text/html		
http://bioconductor.org/help/docker/	200	1	301->https://bioconductor.org/help/docker/	https://bioconductor.org/help/docker/	text/html		
http://bioconductor.org/help/publications/	200	1	301->https://bioconductor.org/help/publications/	https://bioconductor.org/help/publications/	text/html		
http://contributions.bioconductor.org/develop-overview.html	200	1	301->https://contributions.bioconductor.org/develop-overview.html	https://contributions.bioconductor.org/develop-overview.html	text/html; charset=utf-8		
http://contributions.bioconductor.org/bioconductor-package-submissions.html	200	1	301->https://contributions.bioconductor.org/bioconductor-package-submissions.html	https://contributions.bioconductor.org/bioconductor-package-submissions.html	text/html; charset=utf-8		
http://bioconductor.org/shields/build/release/bioc/BiocGenerics.svg	200	1	301->https://bioconductor.org/shields/build/release/bioc/BiocGenerics.svg	https://bioconductor.org/shields/build/release/bioc/BiocGenerics.svg	image/svg+xml		
http://bioconductor.org/repository/devel/vignette/factDesign.pdf	404	1	301->https://bioconductor.org/repository/devel/vignette/factDesign.pdf	https://bioconductor.org/repository/devel/vignette/factDesign.pdf	text/html		
http://bioconductor.org/shields/build/devel/bioc/BiocGenerics.svg	200	1	301->https://bioconductor.org/shields/build/devel/bioc/BiocGenerics.svg	https://bioconductor.org/shields/build/devel/bioc/BiocGenerics.svg	image/svg+xml		
http://contributions.bioconductor.org/git-version-control.html	200	1	301->https://contributions.bioconductor.org/git-version-control.html	https://contributions.bioconductor.org/git-version-control.html	text/html; charset=utf-8		
http://contributions.bioconductor.org/package-end-of-life-policy.html	200	1	301->https://contributions.bioconductor.org/package-end-of-life-policy.html	https://contributions.bioconductor.org/package-end-of-life-policy.html	text/html; charset=utf-8		
http://bioconductor.org/help/workflows/rnaseqGene/	200	2	301->https://bioconductor.org/help/workflows/rnaseqGene/ | 301->http://master.bioconductor.org/packages/release/workflows/html/rnaseqGene.html	http://master.bioconductor.org/packages/release/workflows/html/rnaseqGene.html	text/html		
http://bioconductor.org/help/workflows/liftOver/	200	2	301->https://bioconductor.org/help/workflows/liftOver/ | 301->http://master.bioconductor.org/packages/release/workflows/html/liftOver.html	http://master.bioconductor.org/packages/release/workflows/html/liftOver.html	text/html		
http://bioconductor.org/spb_reports/regutools_buildreport_20200302121040.html	404	1	301->https://bioconductor.org/spb_reports/regutools_buildreport_20200302121040.html	https://bioconductor.org/spb_reports/regutools_buildreport_20200302121040.html	text/html		
http://contributions.bioconductor.org/troubleshooting-build-report.html	200	1	301->https://contributions.bioconductor.org/troubleshooting-build-report.html	https://contributions.bioconductor.org/troubleshooting-build-report.html	text/html; charset=utf-8		
http://contributions.bioconductor.org/review-expectation.html	200	1	301->https://contributions.bioconductor.org/review-expectation.html	https://contributions.bioconductor.org/review-expectation.html	text/html; charset=utf-8		
http://www.bioconductor.org/checkResults/devel/bioc-LATEST/	200	1	301->https://www.bioconductor.org/checkResults/devel/bioc-LATEST/	https://www.bioconductor.org/checkResults/devel/bioc-LATEST/	text/html		
http://www.bioconductor.org/	200	1	301->https://www.bioconductor.org/	https://www.bioconductor.org/	text/html		
http://www.bioconductor.org/developers/how-to/git-svn/	200	1	301->https://www.bioconductor.org/developers/how-to/git-svn/	https://www.bioconductor.org/developers/how-to/git-svn/	text/html		
http://contributions.bioconductor.org/use-devel.html	200	1	301->https://contributions.bioconductor.org/use-devel.html	https://contributions.bioconductor.org/use-devel.html	text/html; charset=utf-8		
http://www.bioconductor.org/developers/release-schedule/	200	1	301->https://www.bioconductor.org/developers/release-schedule/	https://www.bioconductor.org/developers/release-schedule/	text/html		
http://bioconductor.org/help/mailing-list/	200	4	301->https://bioconductor.org/help/mailing-list/ | 301->http://master.bioconductor.org/help/support | 302->http://bioconductor.org/help/support/ | 301->https://bioconductor.org/help/support/	https://bioconductor.org/help/support/	text/html		
http://www.bioconductor.org/help/bioconductor-cloud-ami/	200	1	301->https://www.bioconductor.org/help/bioconductor-cloud-ami/	https://www.bioconductor.org/help/bioconductor-cloud-ami/	text/html		
http://master.bioconductor.org/developers/package-guidelines/	200	2	301->http://contributions.bioconductor.org/develop-overview.html | 301->https://contributions.bioconductor.org/develop-overview.html	https://contributions.bioconductor.org/develop-overview.html	text/html; charset=utf-8		
http://www.bioconductor.org/developers/package-end-of-life/	200	2	301->https://www.bioconductor.org/developers/package-end-of-life/ | 301->https://contributions.bioconductor.org/package-end-of-life-policy.html	https://contributions.bioconductor.org/package-end-of-life-policy.html	text/html; charset=utf-8		
http://www.bioconductor.org/help/course-materials/	403	1	301->https://www.bioconductor.org/help/course-materials/	https://www.bioconductor.org/help/course-materials/	text/html		
http://www.bioconductor.org/help/course-materials/2015/BioC2015/	403	1	301->https://www.bioconductor.org/help/course-materials/2015/BioC2015/	https://www.bioconductor.org/help/course-materials/2015/BioC2015/	text/html		
http://www.bioconductor.org/help/docker/	200	1	301->https://www.bioconductor.org/help/docker/	https://www.bioconductor.org/help/docker/	text/html		
https://anvil.bioconductor.org	200	0			text/html; charset=utf-8		
http://www.bioconductor.org/help/publications/	200	1	301->https://www.bioconductor.org/help/publications/	https://www.bioconductor.org/help/publications/	text/html		
http://www.bioconductor.org/help/course-materials/2016/BioC2016/	403	1	301->https://www.bioconductor.org/help/course-materials/2016/BioC2016/	https://www.bioconductor.org/help/course-materials/2016/BioC2016/	text/html		
http://www.bioconductor.org/help/course-materials/2015/BiocAsia2015/	403	1	301->https://www.bioconductor.org/help/course-materials/2015/BiocAsia2015/	https://www.bioconductor.org/help/course-materials/2015/BiocAsia2015/	text/html		
https://anvil.bioconductor.org/	200	0			text/html; charset=utf-8		
http://www.bioconductor.org/help/events/	200	1	301->https://www.bioconductor.org/help/events/	https://www.bioconductor.org/help/events/	text/html		
http://www.bioconductor.org/help/workflows/	200	1	301->https://www.bioconductor.org/help/workflows/	https://www.bioconductor.org/help/workflows/	text/html		
http://www.bioconductor.org/install/	200	1	301->https://www.bioconductor.org/install/	https://www.bioconductor.org/install/	text/html		
https://annotationhub.bioconductor.org	200	0			text/html;charset=utf-8		
http://www.bioconductor.org/news/bioc_3_2_release/	200	1	301->https://www.bioconductor.org/news/bioc_3_2_release/	https://www.bioconductor.org/news/bioc_3_2_release/	text/html		
https://bioc2018.bioconductor.org/	200	0			text/html; charset=utf-8		
https://bioc2019.bioconductor.org/	200	0			text/html; charset=utf-8		
https://bioc2020.bioconductor.org/	200	0			text/html; charset=utf-8		
http://www.bioconductor.org/help/workflows/rnaseqGene/	200	2	301->https://www.bioconductor.org/help/workflows/rnaseqGene/ | 301->http://master.bioconductor.org/packages/release/workflows/html/rnaseqGene.html	http://master.bioconductor.org/packages/release/workflows/html/rnaseqGene.html	text/html		
https://bioc2021.bioconductor.org/	200	0			text/html; charset=UTF-8		
https://bioc2022.bioconductor.org/	200	0			text/html; charset=UTF-8		
https://bioconductor.org	200	0			text/html		
https://bioc2023.bioconductor.org/	200	0			text/html; charset=UTF-8		
https://bioc2024.bioconductor.org/	200	0			text/html; charset=utf-8		
http://www.bioconductor.org/help/workflows/proteomics/	404	2	301->https://www.bioconductor.org/help/workflows/proteomics/ | 301->http://master.bioconductor.org/packages/release/workflows/html/proteomics.html	http://master.bioconductor.org/packages/release/workflows/html/proteomics.html	text/html		
https://bioconductor.org/	200	0			text/html		
https://bioc2026.bioconductor.org/	200	0			text/html; charset=UTF-8		
https://biocasia2024.bioconductor.org/	200	0			text/html; charset=UTF-8		
https://biocasia2026.bioconductor.org	200	0			text/html; charset=UTF-8		
https://bioconductor.org/about/annual-reports/AnnRep2002.pdf	200	0			application/pdf		
https://bioconductor.org/.BRFSS-subset.csv	404	0			text/html		
https://bioconductor.org/about/annual-reports/AnnRep2003.pdf	200	0			application/pdf		
https://bioconductor.org/about/	200	0			text/html		
https://biocasia2021.bioconductor.org/	200	0			text/html; charset=utf-8		
https://bioconductor.org/about/annual-reports/AnnRep2005.pdf	200	0			application/pdf		
https://bioconductor.org/about/annual-reports/	200	0			text/html		
https://bioconductor.org/about/annual-reports/AnnRep2004.pdf	200	0			application/pdf		
https://bioconductor.org/about/annual-reports/AnnRep2006.pdf	200	0			application/pdf		
https://bioconductor.org/about/annual-reports/AnnRep2007.pdf	200	0			application/pdf		
https://bioconductor.org/about/annual-reports/AnnRep2008.pdf	200	0			application/pdf		
https://bioconductor.org/about/annual-reports/AnnRep2009.pdf	200	0			application/pdf		
https://bioconductor.org/about/annual-reports/AnnRep2010.pdf	200	0			application/pdf		
https://bioconductor.org/about/annual-reports/AnnRep2012.pdf	200	0			application/pdf		
https://bioconductor.org/about/annual-reports/AnnRep2013.pdf	200	0			application/pdf		
https://bioconductor.org/about/annual-reports/AnnRep2014.pdf	200	0			application/pdf		
https://bioconductor.org/about/annual-reports/AnnRep2015.pdf	200	0			application/pdf		
https://bioconductor.org/about/annual-reports/AnnRep2016.pdf	200	0			application/pdf		
https://bioconductor.org/about/annual-reports/AnnRep2017.pdf	200	0			application/pdf		
https://bioconductor.org/about/annual-reports/AnnRep2011.pdf	200	0			application/pdf		
https://bioconductor.org/about/annual-reports/AnnRep2018.pdf	200	0			application/pdf		
https://bioconductor.org/about/annual-reports/AnnRep2019.pdf	200	0			application/pdf		
https://bioconductor.org/about/annual-reports/AnnRep2020.pdf	200	0			application/pdf		
https://bioconductor.org/about/annual-reports/AnnRep2021.pdf	200	0			application/pdf		
https://bioconductor.org/about/annual-reports/AnnRep2022.pdf	200	0			application/pdf		
https://bioconductor.org/about/annual-reports/AnnRep2024.pdf	200	0			application/pdf		
https://bioconductor.org/about/annual-reports/AnnRep2023.pdf	200	0			application/pdf		
https://bioconductor.org/about/awards/	200	0			text/html		
https://bioconductor.org/about/code-of-conduct/	200	0			text/html		
https://bioconductor.org/about/community-advisory-board/	200	0			text/html		
https://bioconductor.org/about/community-advisory-board/2020-04-09-minutes.pdf	200	0			application/pdf		
https://bioconductor.org/about/community-advisory-board/2020-05-14-minutes.pdf	200	0			application/pdf		
https://bioconductor.org/about/collaborations/	200	0			text/html		
https://bioconductor.org/about/community-advisory-board/2020-06-11-minutes.pdf	200	0			application/pdf		
https://bioconductor.org/about/community-advisory-board/2020-07-09-minutes.pdf	200	0			application/pdf		
https://bioconductor.org/about/community-advisory-board/2020-07-23-minutes.pdf	200	0			application/pdf		
https://bioconductor.org/about/community-advisory-board/2020-08-13-minutes.pdf	200	0			application/pdf		
https://bioconductor.org/about/community-advisory-board/2020-09-10-minutes.pdf	200	0			application/pdf		
https://bioconductor.org/about/community-advisory-board/2020-10-08-minutes.pdf	200	0			application/pdf		
https://bioconductor.org/about/community-advisory-board/2020-11-12-minutes.pdf	200	0			application/pdf		
https://bioconductor.org/about/community-advisory-board/2020-12-10-minutes.pdf	200	0			application/pdf		
https://bioconductor.org/about/community-advisory-board/2021-01-14-minutes.pdf	200	0			application/pdf		
https://bioconductor.org/about/community-advisory-board/2021-02-04-minutes.pdf	200	0			application/pdf		
https://bioconductor.org/about/community-advisory-board/2021-03-11-minutes.pdf	200	0			application/pdf		
https://bioconductor.org/about/community-advisory-board/2021-04-08-minutes.pdf	200	0			application/pdf		
https://bioconductor.org/about/community-advisory-board/2021-05-13-minutes.pdf	200	0			application/pdf		
https://bioconductor.org/about/community-advisory-board/2021-06-10-minutes.pdf	200	0			application/pdf		
https://bioconductor.org/about/community-advisory-board/2021-07-08-minutes.pdf	200	0			application/pdf		
https://bioconductor.org/about/community-advisory-board/2021-08-12-minutes.pdf	200	0			application/pdf		
https://bioconductor.org/about/community-advisory-board/2021-09-09-minutes.pdf	200	0			application/pdf		
https://bioconductor.org/about/community-advisory-board/2021-10-14-cab-tab-joint-meeting-minutes.pdf	200	0			application/pdf		
https://bioconductor.org/about/community-advisory-board/2021-11-11-minutes.pdf	200	0			application/pdf		
https://bioconductor.org/about/community-advisory-board/2022-01-13-minutes.pdf	200	0			application/pdf		
https://bioconductor.org/about/community-advisory-board/2022-02-10-minutes.pdf	200	0			application/pdf		
https://bioconductor.org/about/community-advisory-board/2021-12-09-minutes.pdf	200	0			application/pdf		
https://bioconductor.org/about/community-advisory-board/2022-03-10-minutes.pdf	200	0			application/pdf		
https://bioconductor.org/about/community-advisory-board/2022-04-14-minutes.pdf	200	0			application/pdf		
https://bioconductor.org/about/community-advisory-board/2022-06-09-minutes.pdf	200	0			application/pdf		
https://bioconductor.org/about/community-advisory-board/2022-05-12-minutes.pdf	200	0			application/pdf		
https://bioconductor.org/about/community-advisory-board/2022-08-11-minutes.pdf	200	0			application/pdf		
https://bioconductor.org/about/community-advisory-board/2022-07-14-minutes.pdf	200	0			application/pdf		
https://bioconductor.org/about/community-advisory-board/2022-09-08-minutes.pdf	200	0			application/pdf		
https://bioconductor.org/about/community-advisory-board/2022-10-12-cab-tab-joint-meeting-minutes.pdf	200	0			application/pdf		
https://bioconductor.org/about/community-advisory-board/2022-11-10-minutes.pdf	200	0			application/pdf		
https://bioconductor.org/about/community-advisory-board/2022-12-08-minutes.pdf	200	0			application/pdf		
https://bioconductor.org/about/community-advisory-board/2023-02-09-minutes.pdf	200	0			application/pdf		
https://bioconductor.org/about/community-advisory-board/2023-01-12-minutes.pdf	200	0			application/pdf		
https://bioconductor.org/about/community-advisory-board/2023-03-09-minutes.pdf	200	0			application/pdf		
https://bioconductor.org/about/community-advisory-board/2023-04-13-minutes.pdf	200	0			application/pdf		
https://bioconductor.org/about/community-advisory-board/2023-05-11-minutes.pdf	200	0			application/pdf		
https://bioconductor.org/about/community-advisory-board/2023-06-08-minutes.pdf	200	0			application/pdf		
https://bioconductor.org/about/community-advisory-board/2023-07-13-minutes.pdf	200	0			application/pdf		
https://bioconductor.org/about/community-advisory-board/2023-08-10-minutes.pdf	200	0			application/pdf		
https://bioconductor.org/about/community-advisory-board/2023-09-14-minutes.pdf	200	0			application/pdf		
https://bioconductor.org/about/community-advisory-board/2023-10-12-minutes.pdf	200	0			application/pdf		
https://bioconductor.org/about/community-advisory-board/2024-04-11-minutes.pdf	200	0			application/pdf		
https://bioconductor.org/about/community-advisory-board/2024-02-08-minutes.pdf	200	0			application/pdf		
https://bioconductor.org/about/community-advisory-board/2024-01-11-minutes.pdf	200	0			application/pdf		
https://bioconductor.org/about/community-advisory-board/2023-12-14-minutes.pdf	200	0			application/pdf		
https://bioconductor.org/about/community-advisory-board/2023-11-09-minutes.pdf	200	0			application/pdf		
https://bioconductor.org/about/community-advisory-board/2024-03-14-minutes.pdf	200	0			application/pdf		
https://bioconductor.org/about/community-advisory-board/2024-05-09-minutes.pdf	200	0			application/pdf		
https://bioconductor.org/about/community-advisory-board/2024-09-12-minutes.pdf	200	0			application/pdf		
https://bioconductor.org/about/community-advisory-board/2024-06-13-minutes.pdf	200	0			application/pdf		
https://bioconductor.org/about/community-advisory-board/2024-08-08-minutes.pdf	200	0			application/pdf		
https://bioconductor.org/about/community-advisory-board/2024-07-11-minutes.pdf	200	0			application/pdf		
https://bioconductor.org/about/community-advisory-board/2024-10-10-minutes.pdf	200	0			application/pdf		
https://bioconductor.org/about/community-advisory-board/2024-11-14-minutes.pdf	200	0			application/pdf		
https://bioconductor.org/about/community-advisory-board/2025-01-09-minutes.pdf	200	0			application/pdf		
https://bioconductor.org/about/community-advisory-board/2025-04-10-minutes-joint.pdf	200	0			application/pdf		
https://bioconductor.org/about/community-advisory-board/2025-03-13-minutes.pdf	200	0			application/pdf		
https://bioconductor.org/about/community-advisory-board/2025-02-13-minutes.pdf	200	0			application/pdf		
https://bioconductor.org/about/community-advisory-board/2024-12-12-minutes.pdf	200	0			application/pdf		
https://bioconductor.org/about/community-advisory-board/2025-05-08-minutes.pdf	200	0			application/pdf		
https://bioconductor.org/about/community-advisory-board/2025-11-13-minutes.pdf	200	0			application/pdf		
https://bioconductor.org/about/community-advisory-board/2025-07-10-minutes.pdf	200	0			application/pdf		
https://bioconductor.org/about/community-advisory-board/2025-09-11-minutes.pdf	200	0			application/pdf		
https://bioconductor.org/about/community-advisory-board/2025-10-09-minutes.pdf	200	0			application/pdf		
https://bioconductor.org/about/community-advisory-board/2025-08-14-minutes.pdf	200	0			application/pdf		
https://bioconductor.org/about/community-advisory-board/2025-06-12-minutes.pdf	200	0			application/pdf		
https://bioconductor.org/about/community-advisory-board/2025-12-11-minutes.pdf	200	0			application/pdf		
https://bioconductor.org/about/community-advisory-board/2026-01-08-minutes.pdf	200	0			application/pdf		
https://bioconductor.org/about/community-advisory-board/2026-02-12-minutes.pdf	200	0			application/pdf		
https://bioconductor.org/about/community-advisory-board/2026-03-12-minutes.pdf	200	0			application/pdf		
https://bioconductor.org/about/community-advisory-board/2026-04-09-minutes.pdf	200	0			application/pdf		
https://bioconductor.org/about/community-advisory-board/2026-06-11-minutes.pdf	200	0			application/pdf		
https://bioconductor.org/about/community-advisory-board/2026-05-07-minutes.pdf	200	0			application/pdf		
https://bioconductor.org/about/community-advisory-board/CAB-Governance.pdf	200	0			application/pdf		
https://bioconductor.org/about/european-bioconductor-society/	200	0			text/html		
https://bioconductor.org/about/core-team/	200	0			text/html		
https://bioconductor.org/about/funding/	200	0			text/html		
https://bioconductor.org/about/index.html	200	0			text/html		
https://bioconductor.org/about/get-involved/	200	0			text/html		
https://bioconductor.org/about/logo/	200	0			text/html		
https://bioconductor.org/about/mirrors/mirror-how-to/	200	0			text/html		
https://bioconductor.org/about/mirrors/	200	0			text/html		
https://bioconductor.org/about/mirrors/mirrors.tuna.tsinghua.edu.cn	404	0			text/html		
https://bioconductor.org/about/package-reviewers/	200	0			text/html		
https://bioconductor.org/about/privacy/	200	0			text/html		
https://bioconductor.org/about/release-announcements/	200	0			text/html		
https://bioconductor.org/about/removed-packages/	200	0			text/html		
https://bioconductor.org/about/technical-advisory-board/2019-05-02-minutes.pdf	200	0			application/pdf		
https://bioconductor.org/about/scientific-advisory-board/	200	0			text/html		
https://bioconductor.org/about/technical-advisory-board/	200	0			text/html		
https://bioconductor.org/about/technical-advisory-board/2019-06-06-minutes.pdf	200	0			application/pdf		
https://bioconductor.org/about/technical-advisory-board/2019-07-10-minutes.pdf	200	0			application/pdf		
https://bioconductor.org/about/technical-advisory-board/2019-08-01-minutes.pdf	200	0			application/pdf		
https://bioconductor.org/about/technical-advisory-board/2019-09-05-minutes.pdf	200	0			application/pdf		
https://bioconductor.org/about/technical-advisory-board/2019-10-03-minutes.pdf	200	0			application/pdf		
https://bioconductor.org/about/technical-advisory-board/2019-11-07-minutes.pdf	200	0			application/pdf		
https://bioconductor.org/about/technical-advisory-board/2020-05-07-minutes.pdf	200	0			application/pdf		
https://bioconductor.org/about/technical-advisory-board/2020-02-06-minutes.pdf	200	0			application/pdf		
https://bioconductor.org/about/technical-advisory-board/2020-03-05-minutes.pdf	200	0			application/pdf		
https://bioconductor.org/about/technical-advisory-board/2020-04-02-minutes.pdf	200	0			application/pdf		
https://bioconductor.org/about/technical-advisory-board/2019-12-05-minutes.pdf	200	0			application/pdf		
https://bioconductor.org/about/technical-advisory-board/2020-06-04-minutes.pdf	200	0			application/pdf		
https://bioconductor.org/about/technical-advisory-board/2020-07-02-minutes.pdf	200	0			application/pdf		
https://bioconductor.org/about/technical-advisory-board/2020-08-06-minutes.pdf	200	0			application/pdf		
https://bioconductor.org/about/release-announcements	200	2	302->http://bioconductor.org/about/release-announcements/ | 301->https://bioconductor.org/about/release-announcements/	https://bioconductor.org/about/release-announcements/	text/html		
https://bioconductor.org/about/technical-advisory-board/2020-09-03-minutes.pdf	200	0			application/pdf		
https://bioconductor.org/about/technical-advisory-board/2020-10-01-minutes.pdf	200	0			application/pdf		
https://bioconductor.org/about/technical-advisory-board/2020-11-05-minutes.pdf	200	0			application/pdf		
https://bioconductor.org/about/technical-advisory-board/2020-12-03-minutes.pdf	200	0			application/pdf		
https://bioconductor.org/about/technical-advisory-board/2021-01-07-minutes.pdf	200	0			application/pdf		
https://bioconductor.org/about/technical-advisory-board/2021-02-04-minutes.pdf	200	0			application/pdf		
https://bioconductor.org/about/technical-advisory-board/2021-03-04-minutes.pdf	200	0			application/pdf		
https://bioconductor.org/about/technical-advisory-board/2021-04-01-minutes.pdf	200	0			application/pdf		
https://bioconductor.org/about/technical-advisory-board/2021-05-06-minutes.pdf	200	0			application/pdf		
https://bioconductor.org/about/technical-advisory-board/2021-06-03-minutes.pdf	200	0			application/pdf		
https://bioconductor.org/about/technical-advisory-board/2021-07-01-minutes.pdf	200	0			application/pdf		
https://bioconductor.org/about/technical-advisory-board/2021-09-02-minutes.pdf	200	0			application/pdf		
https://bioconductor.org/about/technical-advisory-board/2021-10-07-minutes.pdf	200	0			application/pdf		
https://bioconductor.org/about/technical-advisory-board/2021-11-04-minutes.pdf	200	0			application/pdf		
https://bioconductor.org/about/technical-advisory-board/2021-12-02-minutes.pdf	200	0			application/pdf		
https://bioconductor.org/about/technical-advisory-board/2022-01-06-minutes.pdf	200	0			application/pdf		
https://bioconductor.org/about/technical-advisory-board/2022-02-03-minutes.pdf	200	0			application/pdf		
https://bioconductor.org/about/technical-advisory-board/2022-03-03-minutes.pdf	200	0			application/pdf		
https://bioconductor.org/about/technical-advisory-board/2022-09-01-minutes.pdf	200	0			application/pdf		
https://bioconductor.org/about/technical-advisory-board/2022-05-05-minutes.pdf	200	0			application/pdf		
https://bioconductor.org/about/technical-advisory-board/2022-06-02-minutes.pdf	200	0			application/pdf		
https://bioconductor.org/about/technical-advisory-board/2022-07-07-minutes.pdf	200	0			application/pdf		
https://bioconductor.org/about/technical-advisory-board/2022-08-04-minutes.pdf	200	0			application/pdf		
https://bioconductor.org/about/technical-advisory-board/2022-04-07-minutes.pdf	200	0			application/pdf		
https://bioconductor.org/about/technical-advisory-board/2022-10-06-minutes.pdf	200	0			application/pdf		
https://bioconductor.org/about/technical-advisory-board/2022-11-03-minutes.pdf	200	0			application/pdf		
https://bioconductor.org/about/technical-advisory-board/2022-12-01-minutes.pdf	200	0			application/pdf		
https://bioconductor.org/about/technical-advisory-board/2023-01-05-minutes.pdf	200	0			application/pdf		
https://bioconductor.org/about/technical-advisory-board/2023-02-02-minutes.pdf	200	0			application/pdf		
https://bioconductor.org/about/technical-advisory-board/2023-03-02-minutes.pdf	200	0			application/pdf		
https://bioconductor.org/about/technical-advisory-board/2023-04-06-minutes.pdf	200	0			application/pdf		
https://bioconductor.org/about/technical-advisory-board/2023-12-07-minutes.pdf	200	0			application/pdf		
https://bioconductor.org/about/technical-advisory-board/2023-06-01-minutes.pdf	200	0			application/pdf		
https://bioconductor.org/about/technical-advisory-board/2023-07-06-minutes.pdf	200	0			application/pdf		
https://bioconductor.org/about/technical-advisory-board/2023-09-07-minutes.pdf	200	0			application/pdf		
https://bioconductor.org/about/technical-advisory-board/2023-10-05-minutes.pdf	200	0			application/pdf		
https://bioconductor.org/about/technical-advisory-board/2023-11-02-minutes.pdf	200	0			application/pdf		
https://bioconductor.org/about/technical-advisory-board/2023-05-04-minutes.pdf	200	0			application/pdf		
https://bioconductor.org/about/technical-advisory-board/2024-02-01-minutes.pdf	200	0			application/pdf		
https://bioconductor.org/about/technical-advisory-board/2024-01-04-minutes.pdf	200	0			application/pdf		
https://bioconductor.org/about/technical-advisory-board/2024-03-07-minutes.pdf	200	0			application/pdf		
https://bioconductor.org/about/technical-advisory-board/2024-05-02-minutes.pdf	200	0			application/pdf		
https://bioconductor.org/about/technical-advisory-board/2024-04-04-minutes.pdf	200	0			application/pdf		
https://bioconductor.org/about/technical-advisory-board/2024-06-06-minutes.pdf	200	0			application/pdf		
https://bioconductor.org/about/technical-advisory-board/2024-07-18-minutes.pdf	200	0			application/pdf		
https://bioconductor.org/about/technical-advisory-board/2024-08-01-minutes.pdf	200	0			application/pdf		
https://bioconductor.org/about/technical-advisory-board/2024-09-05-minutes.pdf	200	0			application/pdf		
https://bioconductor.org/about/technical-advisory-board/2024-10-03-minutes.pdf	200	0			application/pdf		
https://bioconductor.org/about/technical-advisory-board/2024-12-05-minutes.pdf	200	0			application/pdf		
https://bioconductor.org/about/technical-advisory-board/2025-01-02-minutes.pdf	200	0			application/pdf		
https://bioconductor.org/about/technical-advisory-board/2025-02-06-minutes.pdf	200	0			application/pdf		
https://bioconductor.org/about/technical-advisory-board/2024-11-07-minutes.pdf	200	0			application/pdf		
https://bioconductor.org/about/technical-advisory-board/2025-03-06-minutes.pdf	200	0			application/pdf		
https://bioconductor.org/about/technical-advisory-board/2025-04-03-minutes.pdf	200	0			application/pdf		
https://bioconductor.org/about/technical-advisory-board/2025-05-01-minutes.pdf	200	0			application/pdf		
https://bioconductor.org/about/technical-advisory-board/2025-06-05-minutes.pdf	200	0			application/pdf		
https://bioconductor.org/about/technical-advisory-board/2025-07-03-minutes.pdf	200	0			application/pdf		
https://bioconductor.org/about/technical-advisory-board/2025-08-07-minutes.pdf	200	0			application/pdf		
https://bioconductor.org/about/technical-advisory-board/2025-09-04-minutes.pdf	200	0			application/pdf		
https://bioconductor.org/about/technical-advisory-board/2025-10-02-minutes.pdf	200	0			application/pdf		
https://bioconductor.org/about/technical-advisory-board/2025-11-06-minutes.pdf	200	0			application/pdf		
https://bioconductor.org/about/technical-advisory-board/2025-12-04-minutes.pdf	200	0			application/pdf		
https://bioconductor.org/about/technical-advisory-board/2026-01-08-minutes.pdf	200	0			application/pdf		
https://bioconductor.org/about/technical-advisory-board/2026-02-05-minutes.pdf	200	0			application/pdf		
https://bioconductor.org/about/technical-advisory-board/2026-03-05-minutes.pdf	200	0			application/pdf		
https://bioconductor.org/about/technical-advisory-board/2026-04-02-minutes.pdf	200	0			application/pdf		
https://bioconductor.org/about/technical-advisory-board/2026-05-07-minutes.pdf	200	0			application/pdf		
https://bioconductor.org/about/technical-advisory-board/2026-06-04-minutes.pdf	200	0			application/pdf		
https://bioconductor.org/about/technical-advisory-board/TAB_Governance_v1.1.1.pdf	200	0			application/pdf		
https://bioconductor.org/bioc2014	404	0			text/html		
https://bioconductor.org/bioc2013	DNS_FAIL	1	302->https://secure.bioconductor.org/BioC2013	https://secure.bioconductor.org/BioC2013			
https://bioconductor.org/books/3.18/BiocBookDemo/	200	0			text/html		
https://bioconductor.org/books/3.12/OSCA/	200	0			text/html		
https://bioconductor.org/books/3.12/SingleRBook/	200	0			text/html		
https://bioconductor.org/books/3.19/OHCA/	200	0			text/html		
https://bioconductor.org/checkResults/	200	0			text/html		
https://bioconductor.org/checkResults/devel/bioc-LATEST/	200	0			text/html		
https://bioconductor.org/checkResults/devel/bioc-longtests-LATEST/	200	0			text/html		
https://bioconductor.org/books/release/OSCA	200	2	302->http://bioconductor.org/books/release/OSCA/ | 301->https://bioconductor.org/books/release/OSCA/	https://bioconductor.org/books/release/OSCA/	text/html		
https://bioconductor.org/books/release/csawBook	200	2	302->http://bioconductor.org/books/release/csawBook/ | 301->https://bioconductor.org/books/release/csawBook/	https://bioconductor.org/books/release/csawBook/	text/html		
https://bioconductor.org/books/release/SingleRBook	200	2	302->http://bioconductor.org/books/release/SingleRBook/ | 301->https://bioconductor.org/books/release/SingleRBook/	https://bioconductor.org/books/release/SingleRBook/	text/html		
https://bioconductor.org/checkResults/release/bioc-LATEST/	200	0			text/html		
https://bioconductor.org/books/SingleRBook	200	4	302->http://bioconductor.org/books/release/SingleRBook | 301->https://bioconductor.org/books/release/SingleRBook | 302->http://bioconductor.org/books/release/SingleRBook/ | 301->https://bioconductor.org/books/release/SingleRBook/	https://bioconductor.org/books/release/SingleRBook/	text/html		
https://bioconductor.org/checkResults/devel/workflows-LATEST/	200	0			text/html		
https://bioconductor.org/books/BiocBookDemo	200	4	302->http://bioconductor.org/books/release/BiocBookDemo | 301->https://bioconductor.org/books/release/BiocBookDemo | 302->http://bioconductor.org/books/release/BiocBookDemo/ | 301->https://bioconductor.org/books/release/BiocBookDemo/	https://bioconductor.org/books/release/BiocBookDemo/	text/html		
https://bioconductor.org/checkResults/release/bioc-LATEST/long-report.html	200	0			text/html		
https://bioconductor.org/books/OSCA	200	4	302->http://bioconductor.org/books/release/OSCA | 301->https://bioconductor.org/books/release/OSCA | 302->http://bioconductor.org/books/release/OSCA/ | 301->https://bioconductor.org/books/release/OSCA/	https://bioconductor.org/books/release/OSCA/	text/html		
https://bioconductor.org/checkResults/devel/data-experiment-LATEST/	200	0			text/html		
https://bioconductor.org/books/OMA	200	4	302->http://bioconductor.org/books/release/OMA | 301->https://bioconductor.org/books/release/OMA | 302->http://bioconductor.org/books/release/OMA/ | 301->https://bioconductor.org/books/release/OMA/	https://bioconductor.org/books/release/OMA/	text/html		
https://bioconductor.org/books/csawBook	200	4	302->http://bioconductor.org/books/release/csawBook | 301->https://bioconductor.org/books/release/csawBook | 302->http://bioconductor.org/books/release/csawBook/ | 301->https://bioconductor.org/books/release/csawBook/	https://bioconductor.org/books/release/csawBook/	text/html		
https://bioconductor.org/books/OHCA	200	4	302->http://bioconductor.org/books/release/OHCA | 301->https://bioconductor.org/books/release/OHCA | 302->http://bioconductor.org/books/release/OHCA/ | 301->https://bioconductor.org/books/release/OHCA/	https://bioconductor.org/books/release/OHCA/	text/html		
https://bioconductor.org/books/OSTA	200	4	302->http://bioconductor.org/books/release/OSTA | 301->https://bioconductor.org/books/release/OSTA | 302->http://bioconductor.org/books/release/OSTA/ | 301->https://bioconductor.org/books/release/OSTA/	https://bioconductor.org/books/release/OSTA/	text/html		
https://bioconductor.org/checkResults/release/bioc-longtests-LATEST/	200	0			text/html		
https://bioconductor.org/checkResults/release/data-experiment-LATEST/	200	0			text/html		
https://bioconductor.org/checkResults/release/workflows-LATEST/	200	0			text/html		
https://bioconductor.org/dashboard/	200	0			text/html		
https://bioconductor.org/books/scrapbook	200	4	302->http://bioconductor.org/books/release/scrapbook | 301->https://bioconductor.org/books/release/scrapbook | 302->http://bioconductor.org/books/release/scrapbook/ | 301->https://bioconductor.org/books/release/scrapbook/	https://bioconductor.org/books/release/scrapbook/	text/html		
https://bioconductor.org/developers/	200	0			text/html		
https://bioconductor.org/developers/bioccommits/	200	0			text/html		
https://bioconductor.org/developers/developers-forum/	200	0			text/html		
https://bioconductor.org/developers/help_wanted/	200	0			text/html		
https://bioconductor.org/developers/how-to/commonImportsAndClasses/	200	0			text/html		
https://bioconductor.org/developers/how-to/c-debugging/	200	1	301->https://contributions.bioconductor.org/debugging-cc-code.html	https://contributions.bioconductor.org/debugging-cc-code.html	text/html; charset=utf-8		
https://bioconductor.org/developers/how-to/coding-style/	200	1	301->https://contributions.bioconductor.org/r-code.html#r-code	https://contributions.bioconductor.org/r-code.html#r-code	text/html; charset=utf-8		
https://bioconductor.org/developers/how-to/efficient-code/	200	1	301->https://contributions.bioconductor.org/r-code.html#robust-and-efficient-r-code	https://contributions.bioconductor.org/r-code.html#robust-and-efficient-r-code	text/html; charset=utf-8		
https://bioconductor.org/developers/bioccommits	200	2	302->http://bioconductor.org/developers/bioccommits/ | 301->https://bioconductor.org/developers/bioccommits/	https://bioconductor.org/developers/bioccommits/	text/html		
https://bioconductor.org/developers/how-to/mavericks-howto/	200	1	301->https://contributions.bioconductor.org/cmavericks-best-practices.html	https://contributions.bioconductor.org/cmavericks-best-practices.html	text/html; charset=utf-8		
https://bioconductor.org/developers/developers-forum	200	2	302->http://bioconductor.org/developers/developers-forum/ | 301->https://bioconductor.org/developers/developers-forum/	https://bioconductor.org/developers/developers-forum/	text/html		
https://bioconductor.org/developers/how-to/source-control/git	200	1	301->https://contributions.bioconductor.org/git-version-control.html	https://contributions.bioconductor.org/git-version-control.html	text/html; charset=utf-8		
https://bioconductor.org/developers/how-to/unitTesting-guidelines/	200	1	301->https://contributions.bioconductor.org/tests.html	https://contributions.bioconductor.org/tests.html	text/html; charset=utf-8		
https://bioconductor.org/developers/help_wanted	200	2	302->http://bioconductor.org/developers/help_wanted/ | 301->https://bioconductor.org/developers/help_wanted/	https://bioconductor.org/developers/help_wanted/	text/html		
https://bioconductor.org/developers/how-to/useDevel/	200	1	301->https://contributions.bioconductor.org/use-devel.html	https://contributions.bioconductor.org/use-devel.html	text/html; charset=utf-8		
https://bioconductor.org/developers/how-to/web-query/	200	1	301->https://contributions.bioconductor.org/querying-web-resources.html	https://contributions.bioconductor.org/querying-web-resources.html	text/html; charset=utf-8		
https://bioconductor.org/developers/index.html	200	0			text/html		
https://bioconductor.org/developers/new-developer-program/	200	0			text/html		
https://bioconductor.org/developers/how-to/git	200	2	302->http://bioconductor.org/developers/how-to/git/ | 301->https://bioconductor.org/developers/how-to/git/	https://bioconductor.org/developers/how-to/git/	text/html		
https://bioconductor.org/developers/how-to/commonMethodsAndClasses	200	3	302->http://bioconductor.org/developers/how-to/commonMethodsAndClasses/ | 301->https://bioconductor.org/developers/how-to/commonMethodsAndClasses/ | 301->https://contributions.bioconductor.org/important-bioconductor-package-development-features.html#reusebioc	https://contributions.bioconductor.org/important-bioconductor-package-development-features.html#reusebioc	text/html; charset=utf-8		
https://bioconductor.org/developers/release-schedule/	200	0			text/html		
https://bioconductor.org/developers/package-guidelines/	200	2	301->http://contributions.bioconductor.org/develop-overview.html | 301->https://contributions.bioconductor.org/develop-overview.html	https://contributions.bioconductor.org/develop-overview.html	text/html; charset=utf-8		
https://bioconductor.org/developers/how-to/long-tests	404	3	302->http://bioconductor.org/developers/how-to/long-tests/ | 301->https://bioconductor.org/developers/how-to/long-tests/ | 301->https://contributions.bioconductor.org/long-tests.html	https://contributions.bioconductor.org/long-tests.html	text/html; charset=utf-8		
https://bioconductor.org/developers/rss-feeds/buildreport.jpg	200	0			image/jpeg		
https://bioconductor.org/developers/rss-feeds/	200	0			text/html		
https://bioconductor.org/favicon.ico	200	0			image/vnd.microsoft.icon		
https://bioconductor.org/developers/package-submission/	200	1	301->https://contributions.bioconductor.org/submission-overview.html	https://contributions.bioconductor.org/submission-overview.html	text/html; charset=utf-8		
https://bioconductor.org/docs.docker.com/engine/docker-overview/	404	0			text/html		
https://bioconductor.org/help/	200	0			text/html		
https://bioconductor.org/developers/new-developer-program	200	2	302->http://bioconductor.org/developers/new-developer-program/ | 301->https://bioconductor.org/developers/new-developer-program/	https://bioconductor.org/developers/new-developer-program/	text/html		
https://bioconductor.org/help/bioconductor-cloud-ami/	200	0			text/html		
https://bioconductor.org/help/community/	200	0			text/html		
https://bioconductor.org/help/bioconductor-books/	200	0			text/html		
https://bioconductor.org/developers/package-guidelines	200	4	302->http://bioconductor.org/developers/package-guidelines/ | 301->https://bioconductor.org/developers/package-guidelines/ | 301->http://contributions.bioconductor.org/develop-overview.html | 301->https://contributions.bioconductor.org/develop-overview.html	https://contributions.bioconductor.org/develop-overview.html	text/html; charset=utf-8		
https://bioconductor.org/developers/package-submission	200	3	302->http://bioconductor.org/developers/package-submission/ | 301->https://bioconductor.org/developers/package-submission/ | 301->https://contributions.bioconductor.org/submission-overview.html	https://contributions.bioconductor.org/submission-overview.html	text/html; charset=utf-8		
https://bioconductor.org/help/course-materials/	403	0			text/html		
https://bioconductor.org/help/course-materials/2002/Heidelberg02/annotation.pdf	403	0			text/html		
https://bioconductor.org/help/course-materials/2002/Heidelberg02/bioc-intro.pdf	403	0			text/html		
https://bioconductor.org/help/course-materials/2002/Heidelberg02/bioc-intro.ppt	403	0			text/html		
https://bioconductor.org/help/course-materials/2002/Heidelberg02/	403	0			text/html		
https://bioconductor.org/help/course-materials/2002/Heidelberg02/dna-microarray-technology.pdf	403	0			text/html		
https://bioconductor.org/help/course-materials/2002/Heidelberg02/exercises.Rnw	403	0			text/html		
https://bioconductor.org/help/course-materials/2002/Heidelberg02/eda.pdf	403	0			text/html		
https://bioconductor.org/help/course-materials/2002/Heidelberg02/exercises.R	403	0			text/html		
https://bioconductor.org/help/course-materials/2002/Heidelberg02/moldiag.pdf	403	0			text/html		
https://bioconductor.org/help/course-materials/2002/Heidelberg02/classif-tutorial.pdf	403	0			text/html		
https://bioconductor.org/help/bioconductor-cloud-ami	200	2	302->http://bioconductor.org/help/bioconductor-cloud-ami/ | 301->https://bioconductor.org/help/bioconductor-cloud-ami/	https://bioconductor.org/help/bioconductor-cloud-ami/	text/html		
https://bioconductor.org/help/course-materials/2002/Heidelberg02/exercises.pdf	403	0			text/html		
https://bioconductor.org/help/course-materials/2002/Heidelberg02/exersol.pdf	403	0			text/html		
https://bioconductor.org/help/course-materials/2002/Heidelberg02/exp-design-rg.pdf	403	0			text/html		
https://bioconductor.org/help/course-materials/2002/Heidelberg02/exp-design.pdf	403	0			text/html		
https://bioconductor.org/help/course-materials/2002/Heidelberg02/moldiag-svm.pdf	403	0			text/html		
https://bioconductor.org/help/course-materials/2002/Heidelberg02/qcnorm.ppt	403	0			text/html		
https://bioconductor.org/help/course-materials/2002/Heidelberg02/moldiag.ppt	403	0			text/html		
https://bioconductor.org/help/course-materials/2002/Heidelberg02/mult.pdf	403	0			text/html		
https://bioconductor.org/help/course-materials/2002/Heidelberg02/qcnorm.pdf	403	0			text/html		
https://bioconductor.org/help/course-materials/2002/Heidelberg02/r-intro.pdf	403	0			text/html		
https://bioconductor.org/help/course-materials/2002/Heidelberg02/r-intro.ppt	403	0			text/html		
https://bioconductor.org/help/course-materials/2002/Heidelberg02/resample-boot.pdf	403	0			text/html		
https://bioconductor.org/help/course-materials/2002/Hopkins02/	403	0			text/html		
https://bioconductor.org/help/course-materials/2002/Hopkins02/hopkinsV.R	403	0			text/html		
https://bioconductor.org/help/course-materials/2002/Hopkins02/hopkinsV.pdf	403	0			text/html		
https://bioconductor.org/help/course-materials/2002/Seattle02/	403	0			text/html		
https://bioconductor.org/help/course-materials/2002/JAX02/jax-A.pdf	403	0			text/html		
https://bioconductor.org/help/course-materials/2002/JAX02/jax-B.pdf	403	0			text/html		
https://bioconductor.org/help/course-materials/2002/JAX02/jax-C.pdf	403	0			text/html		
https://bioconductor.org/help/course-materials/2002/JAX02/jax-D.pdf	403	0			text/html		
https://bioconductor.org/help/course-materials/2002/JAX02/jax-E.pdf	403	0			text/html		
https://bioconductor.org/help/course-materials/2002/JAX02/	403	0			text/html		
https://bioconductor.org/help/course-materials/2002/Seattle02/Cluster/cluster.pdf	403	0			text/html		
https://bioconductor.org/help/course-materials/2002/Seattle02/SeattleBioC.pdf	403	0			text/html		
https://bioconductor.org/help/course-materials/2002/Seattle02/Front.pdf	403	0			text/html		
https://bioconductor.org/help/course-materials/2002/Seattle02/GenBio.pdf	403	0			text/html		
https://bioconductor.org/help/course-materials/2002/ShortCourse012302/labs/lab5.pdf	403	0			text/html		
https://bioconductor.org/help/course-materials/2002/ShortCourse012302/labs/lect4lab.doc	403	0			text/html		
https://bioconductor.org/help/course-materials/2002/Seattle02/PreProc.pdf	403	0			text/html		
https://bioconductor.org/help/course-materials/2002/ShortCourse012302/	403	0			text/html		
https://bioconductor.org/help/course-materials/2002/ShortCourse012302/labs/lab2.R	403	0			text/html		
https://bioconductor.org/help/course-materials/2002/ShortCourse012302/labs/lab5.R	403	0			text/html		
https://bioconductor.org/help/course-materials/2002/Seattle02/MarrayTech.pdf	403	0			text/html		
https://bioconductor.org/help/course-materials/2002/Seattle02/Distance/dist.pdf	403	0			text/html		
https://bioconductor.org/help/course-materials/2002/ShortCourse012302/lectures/lect1a.pdf	403	0			text/html		
https://bioconductor.org/help/course-materials/2002/ShortCourse012302/lectures/lect1b.pdf	403	0			text/html		
https://bioconductor.org/help/course-materials/2002/ShortCourse012302/lectures/lect2.pdf	403	0			text/html		
https://bioconductor.org/help/course-materials/2002/ShortCourse012302/lectures/lect3.pdf	403	0			text/html		
https://bioconductor.org/help/course-materials/2002/Summer02Course/Classif/classif.pdf	403	0			text/html		
https://bioconductor.org/help/course-materials/2002/Summer02Course/	403	0			text/html		
https://bioconductor.org/help/course-materials/2002/ShortCourse012302/lectures/lect5.pdf	403	0			text/html		
https://bioconductor.org/help/course-materials/2002/Summer02Course/BioLabTech/BioLabTech.pdf	403	0			text/html		
https://bioconductor.org/help/course-materials/2002/Summer02Course/BioLabTech/BioLabTech4.pdf	403	0			text/html		
https://bioconductor.org/help/course-materials/2002/ShortCourse012302/lectures/lect4.ppt	403	0			text/html		
https://bioconductor.org/help/course-materials/2002/Summer02Course/Classif/classif4.pdf	403	0			text/html		
https://bioconductor.org/help/course-materials/2002/Summer02Course/Cluster/cluster.pdf	403	0			text/html		
https://bioconductor.org/help/course-materials/2002/Summer02Course/Cluster/cluster4.pdf	403	0			text/html		
https://bioconductor.org/help/course-materials/2002/Summer02Course/DesignAnal/DesignAnal.pdf	403	0			text/html		
https://bioconductor.org/help/course-materials/2002/Summer02Course/DesignAnal/DesignAnal4.pdf	403	0			text/html		
https://bioconductor.org/help/course-materials/2002/Summer02Course/Distance/distance.pdf	403	0			text/html		
https://bioconductor.org/help/course-materials/2002/Summer02Course/Distance/distance4.pdf	403	0			text/html		
https://bioconductor.org/help/course-materials/2002/Summer02Course/GenBio/GenBio.pdf	403	0			text/html		
https://bioconductor.org/help/course-materials/2002/Summer02Course/GenBio/GenBio4.pdf	403	0			text/html		
https://bioconductor.org/help/course-materials/2002/Summer02Course/Labs/basics.pdf	403	0			text/html		
https://bioconductor.org/help/course-materials/2002/Summer02Course/Labs/basicsAll.R.txt	403	0			text/html		
https://bioconductor.org/help/course-materials/2002/Summer02Course/Labs/golub/	403	0			text/html		
https://bioconductor.org/help/course-materials/2002/Summer02Course/MarrayTech/MarrayTech.pdf	403	0			text/html		
https://bioconductor.org/help/course-materials/2002/Summer02Course/MarrayTech/MarrayTech4.pdf	403	0			text/html		
https://bioconductor.org/help/course-materials/2002/Summer02Course/MultTest/multtest4.pdf	403	0			text/html		
https://bioconductor.org/help/course-materials/2002/Summer02Course/PreProc/PreProc.pdf	403	0			text/html		
https://bioconductor.org/help/course-materials/2002/Summer02Course/PreProc/PreProc4.pdf	403	0			text/html		
https://bioconductor.org/help/course-materials/2002/Summer02Course/RBioC/RBioC.pdf	403	0			text/html		
https://bioconductor.org/help/course-materials/2002/Summer02Course/RBioC/RBioC4.pdf	403	0			text/html		
https://bioconductor.org/help/course-materials/2002/Wshop/	403	0			text/html		
https://bioconductor.org/help/course-materials/2002/Wshop/lab5.R	403	0			text/html		
https://bioconductor.org/help/course-materials/2002/Wshop/lab2.R	403	0			text/html		
https://bioconductor.org/help/course-materials/2002/Wshop/lab5.pdf	403	0			text/html		
https://bioconductor.org/help/course-materials/2002/Wshop/lect1b.pdf	403	0			text/html		
https://bioconductor.org/help/course-materials/2002/Wshop/lect5.pdf	403	0			text/html		
https://bioconductor.org/help/course-materials/2002/Wshop/lect2.pdf	403	0			text/html		
https://bioconductor.org/help/course-materials/2002/Wshop/lect3.pdf	403	0			text/html		
https://bioconductor.org/help/course-materials/2002/WyethCourse101702/BioLabTech/BioLabTech4.pdf	403	0			text/html		
https://bioconductor.org/help/course-materials/2002/Wshop/lect4lab.doc	403	0			text/html		
https://bioconductor.org/help/course-materials/2002/Wshop/lect1a.pdf	403	0			text/html		
https://bioconductor.org/help/course-materials/2002/WyethCourse101702/	403	0			text/html		
https://bioconductor.org/help/course-materials/2002/WyethCourse101702/BioLabTech/BioLabTech.pdf	403	0			text/html		
https://bioconductor.org/help/course-materials/2002/Wshop/lect4.ppt	403	0			text/html		
https://bioconductor.org/help/course-materials/2002/WyethCourse101702/Classif/classif.pdf	403	0			text/html		
https://bioconductor.org/help/course-materials/2002/WyethCourse101702/Classif/classif4.pdf	403	0			text/html		
https://bioconductor.org/help/course-materials/2002/WyethCourse101702/Cluster/cluster4.pdf	403	0			text/html		
https://bioconductor.org/help/course-materials/2002/WyethCourse101702/Cluster/cluster.pdf	403	0			text/html		
https://bioconductor.org/help/course-materials/2002/WyethCourse101702/DesignAnal/DesignAnal.pdf	403	0			text/html		
https://bioconductor.org/help/course-materials/2002/WyethCourse101702/Distance/distance.pdf	403	0			text/html		
https://bioconductor.org/help/course-materials/2002/WyethCourse101702/DesignAnal/DesignAnal4.pdf	403	0			text/html		
https://bioconductor.org/help/course-materials/2002/WyethCourse101702/Distance/distance4.pdf	403	0			text/html		
https://bioconductor.org/help/course-materials/2002/WyethCourse101702/GenBio/GenBio.pdf	403	0			text/html		
https://bioconductor.org/help/course-materials/2002/WyethCourse101702/MarrayTech/MarrayTech.pdf	403	0			text/html		
https://bioconductor.org/help/course-materials/2002/WyethCourse101702/GenBio/GenBio4.pdf	403	0			text/html		
https://bioconductor.org/help/course-materials/2002/WyethCourse101702/MarrayTech/MarrayTech4.pdf	403	0			text/html		
https://bioconductor.org/help/course-materials/2003/EMBO03/	403	0			text/html		
https://bioconductor.org/help/course-materials/2002/WyethCourse101702/PreProc/PreProc.pdf	403	0			text/html		
https://bioconductor.org/help/course-materials/2002/WyethCourse101702/PreProc/PreProc4.pdf	403	0			text/html		
https://bioconductor.org/help/course-materials/2002/WyethCourse101702/RBioC/RBioC.pdf	403	0			text/html		
https://bioconductor.org/help/course-materials/2002/WyethCourse101702/RBioC/RBioC4.pdf	403	0			text/html		
https://bioconductor.org/help/course-materials/2002/WyethCourse101702/MultTest/multtest4.pdf	403	0			text/html		
https://bioconductor.org/help/course-materials/2003/EMBO03/EMBO03.pdf	403	0			text/html		
https://bioconductor.org/help/course-materials/2003/EMBO03/EMBO03Sup.pdf	403	0			text/html		
https://bioconductor.org/help/course-materials/2003/EMBO03/PDF/lab2Annot.pdf	403	0			text/html		
https://bioconductor.org/help/course-materials/2003/EMBO03/PDF/lab1Basics.pdf	403	0			text/html		
https://bioconductor.org/help/course-materials/2003/EMBO03/PDF/lab3Marray.pdf	403	0			text/html		
https://bioconductor.org/help/course-materials/2003/EMBO03/PDF/lab4Affy.pdf	403	0			text/html		
https://bioconductor.org/help/course-materials/2003/EMBO03/RCode/lab2Annot.R	403	0			text/html		
https://bioconductor.org/help/course-materials/2003/EMBO03/RCode/lab1Basics.R	403	0			text/html		
https://bioconductor.org/help/course-materials/2003/EMBO03/RCode/lab3Marray.R	403	0			text/html		
https://bioconductor.org/help/course-materials/2003/EMBO03/RCode/lab4Affy.R	403	0			text/html		
https://bioconductor.org/help/course-materials/2003/EMBO03/Rnw/lab1Basics.Rnw	403	0			text/html		
https://bioconductor.org/help/course-materials/2003/EMBO03/Rnw/lab2Annot.Rnw	403	0			text/html		
https://bioconductor.org/help/course-materials/2003/EMBO03/Rnw/lab3Marray.Rnw	403	0			text/html		
https://bioconductor.org/help/course-materials/2003/EMBO03/Rnw/lab4Affy.Rnw	403	0			text/html		
https://bioconductor.org/help/course-materials/2003/ENAR03/enar03a.pdf	403	0			text/html		
https://bioconductor.org/help/course-materials/2003/ENAR03/	403	0			text/html		
https://bioconductor.org/help/course-materials/2003/ENAR03/enar03b.pdf	403	0			text/html		
https://bioconductor.org/help/course-materials/2003/MGED6/	403	0			text/html		
https://bioconductor.org/help/course-materials/2003/MGED6/MGED6I.pdf	403	0			text/html		
https://bioconductor.org/help/course-materials/2003/MGED6/MGED6II.pdf	403	0			text/html		
https://bioconductor.org/help/course-materials/2003/MGED6/MGED6IIx6.pdf	403	0			text/html		
https://bioconductor.org/help/course-materials/2003/MGED6/MGED6Ix6.pdf	403	0			text/html		
https://bioconductor.org/help/course-materials/2003/Milan/	403	0			text/html		
https://bioconductor.org/help/course-materials/2003/Milan/Lectures/GenBio.pdf	403	0			text/html		
https://bioconductor.org/help/course-materials/2003/Milan/Lectures/Filtering.pdf	403	0			text/html		
https://bioconductor.org/help/course-materials/2003/Milan/Lectures/MachineLearning.pdf	403	0			text/html		
https://bioconductor.org/help/course-materials/2003/Milan/Lectures/MilanBioC.pdf	403	0			text/html		
https://bioconductor.org/help/course-materials/2003/Milan/Lectures/MilanR.pdf	403	0			text/html		
https://bioconductor.org/help/course-materials/2003/Milan/Lectures/cluster.pdf	403	0			text/html		
https://bioconductor.org/help/course-materials/2003/Milan/Lectures/anestisMilan1.pdf	403	0			text/html		
https://bioconductor.org/help/course-materials/2003/Milan/Lectures/anestisMilan2.pdf	403	0			text/html		
https://bioconductor.org/help/course-materials/2003/Milan/Lectures/anestisMilan3.pdf	403	0			text/html		
https://bioconductor.org/help/course-materials/2003/Milan/Lectures/classif.pdf	403	0			text/html		
https://bioconductor.org/help/course-materials/2003/Milan/PDF/Lab11.pdf	403	0			text/html		
https://bioconductor.org/help/course-materials/2003/Milan/Lectures/OligoArrays.pdf	403	0			text/html		
https://bioconductor.org/help/course-materials/2003/Milan/Lectures/dist.pdf	403	0			text/html		
https://bioconductor.org/help/course-materials/2003/Milan/PDF/EFDR.pdf	403	0			text/html		
https://bioconductor.org/help/course-materials/2003/Milan/PDF/Lab1.pdf	403	0			text/html		
https://bioconductor.org/help/course-materials/2003/Milan/Lectures/anestisMilan4.pdf	403	0			text/html		
https://bioconductor.org/help/course-materials/2003/Milan/PDF/Lab2a.pdf	403	0			text/html		
https://bioconductor.org/help/course-materials/2003/Milan/PDF/Lab12.pdf	403	0			text/html		
https://bioconductor.org/help/course-materials/2003/Milan/PDF/Lab3a.pdf	403	0			text/html		
https://bioconductor.org/help/course-materials/2003/Milan/PDF/Lab2b.pdf	403	0			text/html		
https://bioconductor.org/help/course-materials/2003/Milan/PDF/Lab3b.pdf	403	0			text/html		
https://bioconductor.org/help/course-materials/2003/Milan/PDF/Lab5.pdf	403	0			text/html		
https://bioconductor.org/help/course-materials/2003/Milan/PDF/Lab4.pdf	403	0			text/html		
https://bioconductor.org/help/course-materials/2003/Milan/PDF/Lab6.pdf	403	0			text/html		
https://bioconductor.org/help/course-materials/2003/Milan/PDF/Lab7.pdf	403	0			text/html		
https://bioconductor.org/help/course-materials/2003/Milan/PDF/Lab9.pdf	403	0			text/html		
https://bioconductor.org/help/course-materials/2003/Milan/PDF/SVM.pdf	403	0			text/html		
https://bioconductor.org/help/course-materials/2003/Milan/RCode/Lab3a.R	403	0			text/html		
https://bioconductor.org/help/course-materials/2003/Milan/RCode/Lab1.R	403	0			text/html		
https://bioconductor.org/help/course-materials/2003/Milan/RCode/Lab11.R	403	0			text/html		
https://bioconductor.org/help/course-materials/2003/Milan/RCode/Lab2a.R	403	0			text/html		
https://bioconductor.org/help/course-materials/2003/Milan/RCode/Lab12.R	403	0			text/html		
https://bioconductor.org/help/course-materials/2003/Milan/RCode/Lab2b.R	403	0			text/html		
https://bioconductor.org/help/course-materials/2003/Milan/RCode/Lab9.R	403	0			text/html		
https://bioconductor.org/help/course-materials/2003/Milan/RCode/SVM.R	403	0			text/html		
https://bioconductor.org/help/course-materials/2003/Milan/Rnw/EFDR.Rnw	403	0			text/html		
https://bioconductor.org/help/course-materials/2003/Milan/RCode/Lab5.R	403	0			text/html		
https://bioconductor.org/help/course-materials/2003/Milan/RCode/Lab6.R	403	0			text/html		
https://bioconductor.org/help/course-materials/2003/Milan/RCode/Lab7.R	403	0			text/html		
https://bioconductor.org/help/course-materials/2003/Milan/RCode/Lab3b.R	403	0			text/html		
https://bioconductor.org/help/course-materials/2003/Milan/RCode/EFDR.R	403	0			text/html		
https://bioconductor.org/help/course-materials/2003/Milan/RCode/Lab4.R	403	0			text/html		
https://bioconductor.org/help/course-materials/2003/Milan/Rnw/Lab1.Rnw	403	0			text/html		
https://bioconductor.org/help/course-materials/2003/Milan/Rnw/Lab11.rnw	403	0			text/html		
https://bioconductor.org/help/course-materials/2003/Milan/Rnw/Lab12.rnw	403	0			text/html		
https://bioconductor.org/help/course-materials/2003/Milan/Rnw/Lab6.Rnw	403	0			text/html		
https://bioconductor.org/help/course-materials/2003/Milan/Rnw/Lab7.Rnw	403	0			text/html		
https://bioconductor.org/help/course-materials/2003/Milan/Rnw/Lab3a.Rnw	403	0			text/html		
https://bioconductor.org/help/course-materials/2003/Milan/Rnw/Lab3b.Rnw	403	0			text/html		
https://bioconductor.org/help/course-materials/2003/Milan/Rnw/Lab4.Rnw	403	0			text/html		
https://bioconductor.org/help/course-materials/2003/Milan/Rnw/SVM.Rnw	403	0			text/html		
https://bioconductor.org/help/course-materials/2003/Milan/Rnw/Lab5.Rnw	403	0			text/html		
https://bioconductor.org/help/course-materials/2003/Milan/Rnw/Lab2a.Rnw	403	0			text/html		
https://bioconductor.org/help/course-materials/2003/Milan/Rnw/Lab2b.Rnw	403	0			text/html		
https://bioconductor.org/help/course-materials/2003/Milan/Rnw/Lab9.rnw	403	0			text/html		
https://bioconductor.org/help/course-materials/2003/NGFN03/	403	0			text/html		
https://bioconductor.org/help/course-materials/2003/NGFN03/Exercises_Bootstrap.pdf	403	0			text/html		
https://bioconductor.org/help/course-materials/2003/NGFN03/Exploratory.pdf	403	0			text/html		
https://bioconductor.org/help/course-materials/2003/NGFN03/MolecularDiagnosis.pdf	403	0			text/html		
https://bioconductor.org/help/course-materials/2003/NGFN03/MultipleTesting.pdf	403	0			text/html		
https://bioconductor.org/help/course-materials/2003/NGFN03/R-firststeps.pdf	403	0			text/html		
https://bioconductor.org/help/course-materials/2003/NGFN03/annotation_brors.pdf	403	0			text/html		
https://bioconductor.org/help/course-materials/2003/NGFN03/bioconductor.pdf	403	0			text/html		
https://bioconductor.org/help/course-materials/2003/NGFN03/classif-exercises.pdf	403	0			text/html		
https://bioconductor.org/help/course-materials/2003/NGFN03/estrogen.pdf	403	0			text/html		
https://bioconductor.org/help/course-materials/2003/NGFN03/experimental-design.pdf	403	0			text/html		
https://bioconductor.org/help/course-materials/2003/NGFN03/lymphoma.pdf	403	0			text/html		
https://bioconductor.org/help/course-materials/2003/NGFN03/model-selection.pdf	403	0			text/html		
https://bioconductor.org/help/course-materials/2003/NGFN03/modelsel-exercise.pdf	403	0			text/html		
https://bioconductor.org/help/course-materials/2003/NGFN03/qcnorm.pdf	403	0			text/html		
https://bioconductor.org/help/course-materials/2003/NGFN03/resampling.pdf	403	0			text/html		
https://bioconductor.org/help/course-materials/2003/NGFN03/roc.pdf	403	0			text/html		
https://bioconductor.org/help/course-materials/2003/NGFN03/svm.pdf	403	0			text/html		
https://bioconductor.org/help/course-materials/2003/Tokyo/	403	0			text/html		
https://bioconductor.org/help/course-materials/2003/Tokyo/Lectures/ExpDesPaper.ps	403	0			text/html		
https://bioconductor.org/help/course-materials/2003/Tokyo/Lectures/ExpDesign.pdf	403	0			text/html		
https://bioconductor.org/help/course-materials/2003/UCSC03/	403	0			text/html		
https://bioconductor.org/help/course-materials/2003/UCSC03/lab1Basics.Rnw	403	0			text/html		
https://bioconductor.org/help/course-materials/2003/UCSC03/UCSCtalk.pdf	403	0			text/html		
https://bioconductor.org/help/course-materials/2003/UCSC03/UCSC.pdf	403	0			text/html		
https://bioconductor.org/help/course-materials/2003/UCSC03/lab1Basics.pdf	403	0			text/html		
https://bioconductor.org/help/course-materials/2003/UCSC03/lab2Annot.Rnw	403	0			text/html		
https://bioconductor.org/help/course-materials/2003/UCSC03/lab2Annot.pdf	403	0			text/html		
https://bioconductor.org/help/course-materials/2003/UCSC03/lab3Marray.Rnw	403	0			text/html		
https://bioconductor.org/help/course-materials/2003/UCSC03/lab3Marray.pdf	403	0			text/html		
https://bioconductor.org/help/course-materials/2003/Vienna03/lectures/dist.pdf	403	0			text/html		
https://bioconductor.org/help/course-materials/2003/Vienna03/lectures/GenBio.pdf	403	0			text/html		
https://bioconductor.org/help/course-materials/2003/Vienna03/lectures/OligoArrays.pdf	403	0			text/html		
https://bioconductor.org/help/course-materials/2003/Vienna03/lectures/cluster.pdf	403	0			text/html		
https://bioconductor.org/help/course-materials/2003/Vienna03/	403	0			text/html		
https://bioconductor.org/help/course-materials/2004/Bressanone/Friday/L9/(Phosphotyrosine%20protein)%20phosphatases%20II	403	0			text/html		
https://bioconductor.org/help/course-materials/2004/Bressanone/Friday/L10/BressanoneGraph.pdf	403	0			text/html		
https://bioconductor.org/help/course-materials/2004/Bressanone/Friday/L10/	403	0			text/html		
https://bioconductor.org/help/course-materials/2004/Bressanone/Friday/L9/	403	0			text/html		
https://bioconductor.org/help/course-materials/2004/Bressanone/Friday/L10/BrixenapComp.pdf	403	0			text/html		
https://bioconductor.org/help/course-materials/2004/Bressanone/	403	0			text/html		
https://bioconductor.org/help/course-materials/2004/Bressanone/Friday/L9/(Trans)glycosidases	403	0			text/html		
https://bioconductor.org/help/course-materials/2004/Bressanone/Friday/L9/1-deoxy-D-xylulose-5-phosphate%20reductoisomerase,%20C-terminal%20domain	403	0			text/html		
https://bioconductor.org/help/course-materials/2004/Bressanone/Friday/L9/2Fe-2S%20ferredoxin-like	403	0			text/html		
https://bioconductor.org/help/course-materials/2004/Bressanone/Friday/L9/4	403	0			text/html		
https://bioconductor.org/help/course-materials/2004/Bressanone/Friday/L9/ADC-like	403	0			text/html		
https://bioconductor.org/help/course-materials/2004/Bressanone/Friday/L9/A%20class%20II%20aminoacyl-tRNA%20synthetase%20N-domain	403	0			text/html		
https://bioconductor.org/help/course-materials/2004/Bressanone/Friday/L9/6-phosphogluconate%20dehydrogenase%20C-terminal%20domain-like	403	0			text/html		
https://bioconductor.org/help/course-materials/2004/Bressanone/Friday/L9/5	403	0			text/html		
https://bioconductor.org/help/course-materials/2004/Bressanone/Friday/L9/ACP-like	403	0			text/html		
https://bioconductor.org/help/course-materials/2004/Bressanone/Friday/L9/AICAR%20transformylase%20domain%20of%20bifunctional%20purine%20biosynthesis%20enzyme%20ATIC	403	0			text/html		
https://bioconductor.org/help/course-materials/2004/Bressanone/Friday/L9/Aconitase%20iron-sulfur%20domain	403	0			text/html		
https://bioconductor.org/help/course-materials/2004/Bressanone/Friday/L9/ARM%20repeat	403	0			text/html		
https://bioconductor.org/help/course-materials/2004/Bressanone/Friday/L9/ATPase%20domain%20of%20HSP90%20chaperone/DNA%20topoisomerase%20II/histidine%20kinase	403	0			text/html		
https://bioconductor.org/help/course-materials/2004/Bressanone/Friday/L9/Acid%20proteases	403	0			text/html		
https://bioconductor.org/help/course-materials/2004/Bressanone/Friday/L9/Aconitase	403	0			text/html		
https://bioconductor.org/help/course-materials/2004/Bressanone/Friday/L9/4Fe-4S%20ferredoxins	403	0			text/html		
https://bioconductor.org/help/course-materials/2004/Bressanone/Friday/L9/Actin%20depolymerizing%20proteins	403	0			text/html		
https://bioconductor.org/help/course-materials/2004/Bressanone/Friday/L9/Actin-crosslinking%20proteins	403	0			text/html		
https://bioconductor.org/help/course-materials/2004/Bressanone/Friday/L9/Actin-like%20ATPase%20domain	403	0			text/html		
https://bioconductor.org/help/course-materials/2004/Bressanone/Friday/L9/Acyl-CoA%20N-acyltransferases%20(Nat)	403	0			text/html		
https://bioconductor.org/help/course-materials/2004/Bressanone/Friday/L9/Acyl-CoA%20dehydrogenase%20(flavoprotein),%20C-terminal%20domain	403	0			text/html		
https://bioconductor.org/help/course-materials/2004/Bressanone/Friday/L9/Acyl-CoA%20dehydrogenase%20(flavoprotein),%20N-terminal%20and%20middle%20domains	403	0			text/html		
https://bioconductor.org/help/course-materials/2004/Bressanone/Friday/L9/Alpha-L%20RNA-binding%20motif	403	0			text/html		
https://bioconductor.org/help/course-materials/2004/Bressanone/Friday/L9/Adenylyl%20and%20guanylyl%20cyclase%20catalytic%20domain	403	0			text/html		
https://bioconductor.org/help/course-materials/2004/Bressanone/Friday/L9/Aldehyde%20ferredoxin%20oxidoreductase,%20C-terminal%20domains	403	0			text/html		
https://bioconductor.org/help/course-materials/2004/Bressanone/Friday/L9/Alanine%20racemase-like,%20C-terminal%20domain	403	0			text/html		
https://bioconductor.org/help/course-materials/2004/Bressanone/Friday/L9/Aldehyde%20ferredoxin%20oxidoreductase,%20N-terminal%20domain	403	0			text/html		
https://bioconductor.org/help/course-materials/2004/Bressanone/Friday/L9/Alpha%20subunit%20of%20glutamate%20synthase,%20C-terminal%20domain	403	0			text/html		
https://bioconductor.org/help/course-materials/2004/Bressanone/Friday/L9/Ankyrin%20repeat	403	0			text/html		
https://bioconductor.org/help/course-materials/2004/Bressanone/Friday/L9/Aminoacid%20dehydrogenase-like,%20N-terminal%20domain	403	0			text/html		
https://bioconductor.org/help/course-materials/2004/Bressanone/Friday/L9/Aminoimidazole%20ribonucleotide%20synthetase%20(PurM)%20C-terminal%20domain	403	0			text/html		
https://bioconductor.org/help/course-materials/2004/Bressanone/Friday/L9/Aminoimidazole%20ribonucleotide%20synthetase%20(PurM)%20N-terminal%20domain	403	0			text/html		
https://bioconductor.org/help/course-materials/2004/Bressanone/Friday/L9/An%20anticodon-binding%20domain%20of%20class%20I%20aminoacyl-tRNA%20synthetases	403	0			text/html		
https://bioconductor.org/help/course-materials/2004/Bressanone/Friday/L9/Adenine%20nucleotide%20alpha%20hydrolases	403	0			text/html		
https://bioconductor.org/help/course-materials/2004/Bressanone/Friday/L9/Arginyl-tRNA%20synthetase%20(ArgRS),%20N-terminal%20	403	0			text/html		
https://bioconductor.org/help/course-materials/2004/Bressanone/Friday/L9/Anticodon-binding%20domain%20of%20PheRS	403	0			text/html		
https://bioconductor.org/help/course-materials/2004/Bressanone/Friday/L9/Aspartate/ornithine%20carbamoyltransferase	403	0			text/html		
https://bioconductor.org/help/course-materials/2004/Bressanone/Friday/L9/Archaeosine%20tRNA-guanine%20transglycosylase,%20C-terminal%20additional%20domains	403	0			text/html		
https://bioconductor.org/help/course-materials/2004/Bressanone/Friday/L9/Argininosuccinate%20synthetase,%20C-terminal%20domain	403	0			text/html		
https://bioconductor.org/help/course-materials/2004/Bressanone/Friday/L9/Aspartate/glutamate%20racemase	403	0			text/html		
https://bioconductor.org/help/course-materials/2004/Bressanone/Friday/L9/BRCT%20domain	403	0			text/html		
https://bioconductor.org/help/course-materials/2004/Bressanone/Friday/L9/B-box%20zinc-binding%20domain	403	0			text/html		
https://bioconductor.org/help/course-materials/2004/Bressanone/Friday/L9/Biotin%20carboxylase%20N-terminal%20domain-like	403	0			text/html		
https://bioconductor.org/help/course-materials/2004/Bressanone/Friday/L9/BPTI-like	403	0			text/html		
https://bioconductor.org/help/course-materials/2004/Bressanone/Friday/L9/Blood%20coagulation%20inhibitor%20(disintegrin)	403	0			text/html		
https://bioconductor.org/help/course-materials/2004/Bressanone/Friday/L9/C-terminal%20domain%20of%20RNA%20polymerase%20alpha%20subunit	403	0			text/html		
https://bioconductor.org/help/course-materials/2004/Bressanone/Friday/L9/Anticodon-binding%20domain%20of%20Class%20II%20aaRS	403	0			text/html		
https://bioconductor.org/help/course-materials/2004/Bressanone/Friday/L9/Anticodon-binding%20domain%20of%20a%20subclass%20of%20class%20I%20aminoacyl-tRNA%20synthetases	403	0			text/html		
https://bioconductor.org/help/course-materials/2004/Bressanone/Friday/L9/B3/B4%20domain%20of%20PheRS,%20PheT	403	0			text/html		
https://bioconductor.org/help/course-materials/2004/Bressanone/Friday/L9/Bromodomain	403	0			text/html		
https://bioconductor.org/help/course-materials/2004/Bressanone/Friday/L9/C-terminal%20UvrC-binding%20domain%20of%20UvrB	403	0			text/html		
https://bioconductor.org/help/course-materials/2004/Bressanone/Friday/L9/C-terminal%20effector%20domain%20of%20the%20bipartite%20response%20regulators	403	0			text/html		
https://bioconductor.org/help/course-materials/2004/Bressanone/Friday/L9/C-terminal%20domain%20of%20ProRS	403	0			text/html		
https://bioconductor.org/help/course-materials/2004/Bressanone/Friday/L9/C-terminal%20domain%20of%20arginine%20repressor	403	0			text/html		
https://bioconductor.org/help/course-materials/2004/Bressanone/Friday/L9/C-terminal%20domain%20of%20alpha%20and%20beta%20subunits%20of%20F1%20ATP%20synthase	403	0			text/html		
https://bioconductor.org/help/course-materials/2004/Bressanone/Friday/L9/C-terminal%20domain%20of%20phosphatidylinositol%20transfer%20protein%20sec14p	403	0			text/html		
https://bioconductor.org/help/course-materials/2004/Bressanone/Friday/L9/C-terminal%20domain%20of%20transcriptional%20repressors	403	0			text/html		
https://bioconductor.org/help/course-materials/2004/Bressanone/Friday/L9/Beta-D-glucan%20exohydrolase,%20C-terminal%20domain	403	0			text/html		
https://bioconductor.org/help/course-materials/2004/Bressanone/Friday/L9/CO%20dehydrogenase%20molybdoprotein%20N-domain-like	403	0			text/html		
https://bioconductor.org/help/course-materials/2004/Bressanone/Friday/L9/C2%20domain%20(Calcium/lipid-binding%20domain,%20CaLB)	403	0			text/html		
https://bioconductor.org/help/course-materials/2004/Bressanone/Friday/L9/C2H2%20and%20C2HC%20zinc%20fingers	403	0			text/html		
https://bioconductor.org/help/course-materials/2004/Bressanone/Friday/L9/CBS-domain	403	0			text/html		
https://bioconductor.org/help/course-materials/2004/Bressanone/Friday/L9/CO%20dehydrogenase%20ISP%20C-domain%20like	403	0			text/html		
https://bioconductor.org/help/course-materials/2004/Bressanone/Friday/L9/Carbamoyl%20phosphate%20synthetase,%20large%20subunit%20connection%20domain	403	0			text/html		
https://bioconductor.org/help/course-materials/2004/Bressanone/Friday/L9/C-type%20lectin-like	403	0			text/html		
https://bioconductor.org/help/course-materials/2004/Bressanone/Friday/L9/Cadherin	403	0			text/html		
https://bioconductor.org/help/course-materials/2004/Bressanone/Friday/L9/Calpain%20large%20subunit,%20middle%20domain%20(domain%20III)	403	0			text/html		
https://bioconductor.org/help/course-materials/2004/Bressanone/Friday/L9/Calponin-homology%20domain,%20CH-domain	403	0			text/html		
https://bioconductor.org/help/course-materials/2004/Bressanone/Friday/L9/Carbamate%20kinase-like	403	0			text/html		
https://bioconductor.org/help/course-materials/2004/Bressanone/Friday/L9/Carbamoyl%20phosphate%20synthetase,%20small%20subunit%20N-terminal%20domain	403	0			text/html		
https://bioconductor.org/help/course-materials/2004/Bressanone/Friday/L9/CO%20dehydrogenase%20flavoprotein%20C-terminal%20domain-like	403	0			text/html		
https://bioconductor.org/help/course-materials/2004/Bressanone/Friday/L9/Carboxypeptidase%20D,%20a%20regulatory%20domain	403	0			text/html		
https://bioconductor.org/help/course-materials/2004/Bressanone/Friday/L9/Cdc48%20domain%202-like	403	0			text/html		
https://bioconductor.org/help/course-materials/2004/Bressanone/Friday/L9/Chromo%20domain-like	403	0			text/html		
https://bioconductor.org/help/course-materials/2004/Bressanone/Friday/L9/CheW-like	403	0			text/html		
https://bioconductor.org/help/course-materials/2004/Bressanone/Friday/L9/CheY-like	403	0			text/html		
https://bioconductor.org/help/course-materials/2004/Bressanone/Friday/L9/CoA%20transferase	403	0			text/html		
https://bioconductor.org/help/course-materials/2004/Bressanone/Friday/L9/Clathrin%20coat%20assembly%20domain	403	0			text/html		
https://bioconductor.org/help/course-materials/2004/Bressanone/Friday/L9/Class%20II%20aaRS%20and%20biotin%20synthetases	403	0			text/html		
https://bioconductor.org/help/course-materials/2004/Bressanone/Friday/L9/Class%20I%20glutamine%20amidotransferase-like	403	0			text/html		
https://bioconductor.org/help/course-materials/2004/Bressanone/Friday/L9/Chaperone%20J-domain	403	0			text/html		
https://bioconductor.org/help/course-materials/2004/Bressanone/Friday/L9/Chemotaxis%20receptor%20methyltransferase%20CheR,%20N-terminal%20domain	403	0			text/html		
https://bioconductor.org/help/course-materials/2004/Bressanone/Friday/L9/ClpP/crotonase	403	0			text/html		
https://bioconductor.org/help/course-materials/2004/Bressanone/Friday/L9/CoA-dependent%20acyltransferases	403	0			text/html		
https://bioconductor.org/help/course-materials/2004/Bressanone/Friday/L9/Cobalamin%20(vitamin%20B12)-binding%20domain	403	0			text/html		
https://bioconductor.org/help/course-materials/2004/Bressanone/Friday/L9/Concanavalin%20A-like%20lectins/glucanases	403	0			text/html		
https://bioconductor.org/help/course-materials/2004/Bressanone/Friday/L9/Complement%20control%20module/SCR%20domain	403	0			text/html		
https://bioconductor.org/help/course-materials/2004/Bressanone/Friday/L9/Cysteine%20proteinases	403	0			text/html		
https://bioconductor.org/help/course-materials/2004/Bressanone/Friday/L9/Creatinase/prolidase%20N-terminal%20domain	403	0			text/html		
https://bioconductor.org/help/course-materials/2004/Bressanone/Friday/L9/Culin%20homology%20domain	403	0			text/html		
https://bioconductor.org/help/course-materials/2004/Bressanone/Friday/L9/Cupredoxins	403	0			text/html		
https://bioconductor.org/help/course-materials/2004/Bressanone/Friday/L9/Culin%20repeat	403	0			text/html		
https://bioconductor.org/help/course-materials/2004/Bressanone/Friday/L9/Cyclin-like	403	0			text/html		
https://bioconductor.org/help/course-materials/2004/Bressanone/Friday/L9/Creatinase/aminopeptidase	403	0			text/html		
https://bioconductor.org/help/course-materials/2004/Bressanone/Friday/L9/DNA%20clamp	403	0			text/html		
https://bioconductor.org/help/course-materials/2004/Bressanone/Friday/L9/Cytochrome%20c	403	0			text/html		
https://bioconductor.org/help/course-materials/2004/Bressanone/Friday/L9/DBL%20homology%20domain%20(DH-domain)	403	0			text/html		
https://bioconductor.org/help/course-materials/2004/Bressanone/Friday/L9/D-ribose-5-phosphate%20isomerase%20(RpiA),%20lid%20domain	403	0			text/html		
https://bioconductor.org/help/course-materials/2004/Bressanone/Friday/L9/DHS-like%20NAD/FAD-binding%20domain	403	0			text/html		
https://bioconductor.org/help/course-materials/2004/Bressanone/Friday/L9/DNA%20repair%20protein%20MutS,%20domain%20II	403	0			text/html		
https://bioconductor.org/help/course-materials/2004/Bressanone/Friday/L9/DNA%20breaking-rejoining%20enzymes	403	0			text/html		
https://bioconductor.org/help/course-materials/2004/Bressanone/Friday/L9/DNA%20helicase%20RuvA%20subunit,%20C-terminal%20domain	403	0			text/html		
https://bioconductor.org/help/course-materials/2004/Bressanone/Friday/L9/DNA%20ligase/mRNA%20capping%20enzyme,%20catalytic%20domain	403	0			text/html		
https://bioconductor.org/help/course-materials/2004/Bressanone/Friday/L9/DNA%20primase%20DnaG%20catalytic%20core	403	0			text/html		
https://bioconductor.org/help/course-materials/2004/Bressanone/Friday/L9/DNA-glycosylase	403	0			text/html		
https://bioconductor.org/help/course-materials/2004/Bressanone/Friday/L9/Dihydropteroate%20synthetase-like	403	0			text/html		
https://bioconductor.org/help/course-materials/2004/Bressanone/Friday/L9/Cysteine-rich%20domain	403	0			text/html		
https://bioconductor.org/help/course-materials/2004/Bressanone/Friday/L9/DNA%20repair%20protein%20MutS,%20domain%20III	403	0			text/html		
https://bioconductor.org/help/course-materials/2004/Bressanone/Friday/L9/DNA/RNA%20polymerases	403	0			text/html		
https://bioconductor.org/help/course-materials/2004/Bressanone/Friday/L9/DNA%20polymerase%20III%20clamp%20loader%20subunits,%20C-terminal%20domain	403	0			text/html		
https://bioconductor.org/help/course-materials/2004/Bressanone/Friday/L9/Diaminopimelate%20epimerase	403	0			text/html		
https://bioconductor.org/help/course-materials/2004/Bressanone/Friday/L9/DNA%20repair%20protein%20MutS,%20domain%20I	403	0			text/html		
https://bioconductor.org/help/course-materials/2004/Bressanone/Friday/L9/Elongation%20factor%20G%20(EF-G),%20domains%20III%20and%20V	403	0			text/html		
https://bioconductor.org/help/course-materials/2004/Bressanone/Friday/L9/EF-Tu/eEF-1alpha/eIF2-gamma%20C-terminal%20domain	403	0			text/html		
https://bioconductor.org/help/course-materials/2004/Bressanone/Friday/L9/EF-hand	403	0			text/html		
https://bioconductor.org/help/course-materials/2004/Bressanone/Friday/L9/EGF/Laminin	403	0			text/html		
https://bioconductor.org/help/course-materials/2004/Bressanone/Friday/L9/ETFP%20adenine%20nucleotide-binding%20domain-like	403	0			text/html		
https://bioconductor.org/help/course-materials/2004/Bressanone/Friday/L9/Effector%20domain%20of%20the%20protein%20kinase%20pkn/prk1	403	0			text/html		
https://bioconductor.org/help/course-materials/2004/Bressanone/Friday/L9/FAD-binding%20(C-terminal)%20domain%20of%20DNA%20photolyase	403	0			text/html		
https://bioconductor.org/help/course-materials/2004/Bressanone/Friday/L9/Elongation%20factor%20Ts%20(EF-Ts),%20dimerisation%20domain	403	0			text/html		
https://bioconductor.org/help/course-materials/2004/Bressanone/Friday/L9/Enolase%20C-terminal%20domain-like	403	0			text/html		
https://bioconductor.org/help/course-materials/2004/Bressanone/Friday/L9/Enzyme%20I%20of%20the%20PEP:sugar%20phosphotransferase%20system%20HPr-binding%20(sub)domain	403	0			text/html		
https://bioconductor.org/help/course-materials/2004/Bressanone/Friday/L9/Enolase%20N-terminal%20domain-like	403	0			text/html		
https://bioconductor.org/help/course-materials/2004/Bressanone/Friday/L9/Eukaryotic%20type%20KH-domain%20(eKH-domain)	403	0			text/html		
https://bioconductor.org/help/course-materials/2004/Bressanone/Friday/L9/FIS-like	403	0			text/html		
https://bioconductor.org/help/course-materials/2004/Bressanone/Friday/L9/FAD-binding%20domain	403	0			text/html		
https://bioconductor.org/help/course-materials/2004/Bressanone/Friday/L9/FAD/NAD(P)-binding%20domain	403	0			text/html		
https://bioconductor.org/help/course-materials/2004/Bressanone/Friday/L9/FAD-linked%20oxidases,%20C-terminal%20domain	403	0			text/html		
https://bioconductor.org/help/course-materials/2004/Bressanone/Friday/L9/FYVE/PHD%20zinc%20finger	403	0			text/html		
https://bioconductor.org/help/course-materials/2004/Bressanone/Friday/L9/Domain%20of%20the%20SRP/SRP%20receptor%20G-proteins	403	0			text/html		
https://bioconductor.org/help/course-materials/2004/Bressanone/Friday/L9/FKBP-like	403	0			text/html		
https://bioconductor.org/help/course-materials/2004/Bressanone/Friday/L9/FMN-linked%20oxidoreductases	403	0			text/html		
https://bioconductor.org/help/course-materials/2004/Bressanone/Friday/L9/FMT%20C-terminal%20domain-like	403	0			text/html		
https://bioconductor.org/help/course-materials/2004/Bressanone/Friday/L9/Fe,Mn%20superoxide%20dismutase%20(SOD),%20C-terminal%20domain	403	0			text/html		
https://bioconductor.org/help/course-materials/2004/Bressanone/Friday/L9/FAD/NAD-linked%20reductases,%20dimerisation%20(C-terminal)%20domain	403	0			text/html		
https://bioconductor.org/help/course-materials/2004/Bressanone/Friday/L9/Fe,Mn%20superoxide%20dismutase%20(SOD),%20N-terminal%20domain	403	0			text/html		
https://bioconductor.org/help/course-materials/2004/Bressanone/Friday/L9/Formate%20dehydrogenase/DMSO%20reductase,%20domains%201-3	403	0			text/html		
https://bioconductor.org/help/course-materials/2004/Bressanone/Friday/L9/Fibronectin%20type%20I%20module	403	0			text/html		
https://bioconductor.org/help/course-materials/2004/Bressanone/Friday/L9/Firefly%20luciferase-like	403	0			text/html		
https://bioconductor.org/help/course-materials/2004/Bressanone/Friday/L9/Fibronectin%20type%20III	403	0			text/html		
https://bioconductor.org/help/course-materials/2004/Bressanone/Friday/L9/Flavoproteins	403	0			text/html		
https://bioconductor.org/help/course-materials/2004/Bressanone/Friday/L9/Ferredoxin%20reductase-like,%20C-terminal%20NADP-linked%20domain	403	0			text/html		
https://bioconductor.org/help/course-materials/2004/Bressanone/Friday/L9/Formate/glycerate%20dehydrogenase%20catalytic%20domain-like	403	0			text/html		
https://bioconductor.org/help/course-materials/2004/Bressanone/Friday/L9/Formyltransferase	403	0			text/html		
https://bioconductor.org/help/course-materials/2004/Bressanone/Friday/L9/GAF%20domain-like	403	0			text/html		
https://bioconductor.org/help/course-materials/2004/Bressanone/Friday/L9/Glutamine%20synthase/guanidino%20kinase%20catalytic%20domain	403	0			text/html		
https://bioconductor.org/help/course-materials/2004/Bressanone/Friday/L9/GMP%20synthetase%20C-terminal%20dimerisation%20domain	403	0			text/html		
https://bioconductor.org/help/course-materials/2004/Bressanone/Friday/L9/Glutamyl%20tRNA-reductase%20dimerization%20domain	403	0			text/html		
https://bioconductor.org/help/course-materials/2004/Bressanone/Friday/L9/GTPase%20activation%20domain,%20GAP	403	0			text/html		
https://bioconductor.org/help/course-materials/2004/Bressanone/Friday/L9/Glucocorticoid%20receptor-like%20(DNA-binding%20domain)	403	0			text/html		
https://bioconductor.org/help/course-materials/2004/Bressanone/Friday/L9/GHMP%20Kinase	403	0			text/html		
https://bioconductor.org/help/course-materials/2004/Bressanone/Friday/L9/Glutamine%20synthetase,%20N-terminal%20domain	403	0			text/html		
https://bioconductor.org/help/course-materials/2004/Bressanone/Friday/L9/Glutamyl%20tRNA-reductase%20catalytic,%20N-terminal%20domain	403	0			text/html		
https://bioconductor.org/help/course-materials/2004/Bressanone/Friday/L9/Growth%20factor%20receptor%20domain	403	0			text/html		
https://bioconductor.org/help/course-materials/2004/Bressanone/Friday/L9/Galactose-binding%20domain-like	403	0			text/html		
https://bioconductor.org/help/course-materials/2004/Bressanone/Friday/L9/Glutathione%20synthetase%20ATP-binding%20domain-like	403	0			text/html		
https://bioconductor.org/help/course-materials/2004/Bressanone/Friday/L9/Glyoxalase/Bleomycin%20resistance%20protein/Dihydroxybiphenyl%20dioxygenase	403	0			text/html		
https://bioconductor.org/help/course-materials/2004/Bressanone/Friday/L9/Glyceraldehyde-3-phosphate%20dehydrogenase-like,%20C-terminal%20domain	403	0			text/html		
https://bioconductor.org/help/course-materials/2004/Bressanone/Friday/L9/GreA%20transcript%20cleavage%20protein,%20N-terminal%20domain	403	0			text/html		
https://bioconductor.org/help/course-materials/2004/Bressanone/Friday/L9/Heat%20shock%20protein%2070kD%20(HSP70),%20C-terminal%20substrate-binding%20fragment	403	0			text/html		
https://bioconductor.org/help/course-materials/2004/Bressanone/Friday/L9/GroES-like	403	0			text/html		
https://bioconductor.org/help/course-materials/2004/Bressanone/Friday/L9/Guanido%20kinases	403	0			text/html		
https://bioconductor.org/help/course-materials/2004/Bressanone/Friday/L9/HMG-box	403	0			text/html		
https://bioconductor.org/help/course-materials/2004/Bressanone/Friday/L9/HSP40/DnaJ%20peptide-binding%20domain	403	0			text/html		
https://bioconductor.org/help/course-materials/2004/Bressanone/Friday/L9/Hairpin%20loop%20containing%20domain-like	403	0			text/html		
https://bioconductor.org/help/course-materials/2004/Bressanone/Friday/L9/Glutathione%20S-transferases,%20C-terminal%20domain	403	0			text/html		
https://bioconductor.org/help/course-materials/2004/Bressanone/Friday/L9/Immunoglobulin	403	0			text/html		
https://bioconductor.org/help/course-materials/2004/Bressanone/Friday/L9/Hemopexin-like%20domain	403	0			text/html		
https://bioconductor.org/help/course-materials/2004/Bressanone/Friday/L9/Homeodomain-like	403	0			text/html		
https://bioconductor.org/help/course-materials/2004/Bressanone/Friday/L9/Histidine-containing%20phosphotransfer%20domain,%20HPT%20domain	403	0			text/html		
https://bioconductor.org/help/course-materials/2004/Bressanone/Friday/L9/Homodimeric%20domain%20of%20signal%20transducing%20histidine%20kinase	403	0			text/html		
https://bioconductor.org/help/course-materials/2004/Bressanone/Friday/L9/Helix-loop-helix%20DNA-binding%20domain	403	0			text/html		
https://bioconductor.org/help/course-materials/2004/Bressanone/Friday/L9/Invasin/intimin%20cell-adhesion%20fragments	403	0			text/html		
https://bioconductor.org/help/course-materials/2004/Bressanone/Friday/L9/Integrin%20A%20(or%20I)%20domain	403	0			text/html		
https://bioconductor.org/help/course-materials/2004/Bressanone/Friday/L9/Integrin%20alpha%20N-terminal%20domain	403	0			text/html		
https://bioconductor.org/help/course-materials/2004/Bressanone/Friday/L9/Integrin%20beta%20tail%20domain	403	0			text/html		
https://bioconductor.org/help/course-materials/2004/Bressanone/Friday/L9/Integrin%20domains	403	0			text/html		
https://bioconductor.org/help/course-materials/2004/Bressanone/Friday/L9/Interferon-induced%20guanylate-binding%20protein%201%20(GBP1),%20C-terminal%20domain	403	0			text/html		
https://bioconductor.org/help/course-materials/2004/Bressanone/Friday/L9/L9a.pdf	403	0			text/html		
https://bioconductor.org/help/course-materials/2004/Bressanone/Friday/L9/Iron-dependent%20represor%20protein,%20dimerization%20domain	403	0			text/html		
https://bioconductor.org/help/course-materials/2004/Bressanone/Friday/L9/L%20domain-like	403	0			text/html		
https://bioconductor.org/help/course-materials/2004/Bressanone/Friday/L9/Kringle-like	403	0			text/html		
https://bioconductor.org/help/course-materials/2004/Bressanone/Friday/L9/L30e-like	403	0			text/html		
https://bioconductor.org/help/course-materials/2004/Bressanone/Friday/L9/Leukotriene%20A4%20hydrolase%20N-terminal%20domain	403	0			text/html		
https://bioconductor.org/help/course-materials/2004/Bressanone/Friday/L9/Initiation%20factor%20IF2/eIF5b,%20domain%203	403	0			text/html		
https://bioconductor.org/help/course-materials/2004/Bressanone/Friday/L9/L9b.pdf	403	0			text/html		
https://bioconductor.org/help/course-materials/2004/Bressanone/Friday/L9/Lactate%20&amp;%20malate%20dehydrogenases,%20C-terminal%20domain	403	0			text/html		
https://bioconductor.org/help/course-materials/2004/Bressanone/Friday/L9/Leucine%20aminopeptidase%20(Aminopeptidase%20A),%20N-terminal%20domain	403	0			text/html		
https://bioconductor.org/help/course-materials/2004/Bressanone/Friday/L9/LDL%20receptor-like%20module	403	0			text/html		
https://bioconductor.org/help/course-materials/2004/Bressanone/Friday/L9/Lipase/lipooxygenase%20domain%20(PLAT/LH2%20domain)	403	0			text/html		
https://bioconductor.org/help/course-materials/2004/Bressanone/Friday/L9/L9%20N-domain-like	403	0			text/html		
https://bioconductor.org/help/course-materials/2004/Bressanone/Friday/L9/Lipoxigenase	403	0			text/html		
https://bioconductor.org/help/course-materials/2004/Bressanone/Friday/L9/Mannose%206-phosphate%20receptor%20domain	403	0			text/html		
https://bioconductor.org/help/course-materials/2004/Bressanone/Friday/L9/LuxS/MPP-like%20metallohydrolase	403	0			text/html		
https://bioconductor.org/help/course-materials/2004/Bressanone/Friday/L9/Lrp/AsnC-like%20transcriptional%20regulator%20C-terminal%20domain	403	0			text/html		
https://bioconductor.org/help/course-materials/2004/Bressanone/Friday/L9/LysM%20domain	403	0			text/html		
https://bioconductor.org/help/course-materials/2004/Bressanone/Friday/L9/MHC%20antigen-recognition%20domain	403	0			text/html		
https://bioconductor.org/help/course-materials/2004/Bressanone/Friday/L9/MOP-like	403	0			text/html		
https://bioconductor.org/help/course-materials/2004/Bressanone/Friday/L9/Mannose-binding%20lectins	403	0			text/html		
https://bioconductor.org/help/course-materials/2004/Bressanone/Friday/L9/Low%20density%20lipoprotein%20(LDL)%20reseptor%20YWTD%20domain	403	0			text/html		
https://bioconductor.org/help/course-materials/2004/Bressanone/Friday/L9/Membrane%20all-alpha	403	0			text/html		
https://bioconductor.org/help/course-materials/2004/Bressanone/Friday/L9/Metal-binding%20domain	403	0			text/html		
https://bioconductor.org/help/course-materials/2004/Bressanone/Friday/L9/Metallo-dependent%20phosphatases	403	0			text/html		
https://bioconductor.org/help/course-materials/2004/Bressanone/Friday/L9/Metallo-hydrolase/oxidoreductase	403	0			text/html		
https://bioconductor.org/help/course-materials/2004/Bressanone/Friday/L9/Methionine%20synthase%20domain	403	0			text/html		
https://bioconductor.org/help/course-materials/2004/Bressanone/Friday/L9/Metalloproteases%20(	403	0			text/html		
https://bioconductor.org/help/course-materials/2004/Bressanone/Friday/L9/Methylated%20DNA-protein%20cysteine%20methyltransferase%20domain	403	0			text/html		
https://bioconductor.org/help/course-materials/2004/Bressanone/Friday/L9/Methylated%20DNA-protein%20cysteine%20methyltransferase,%20C-terminal%20domain	403	0			text/html		
https://bioconductor.org/help/course-materials/2004/Bressanone/Friday/L9/MurD-like%20peptide%20ligases,%20peptide-binding%20domain	403	0			text/html		
https://bioconductor.org/help/course-materials/2004/Bressanone/Friday/L9/Molybdemum%20cofactor-binding%20domain	403	0			text/html		
https://bioconductor.org/help/course-materials/2004/Bressanone/Friday/L9/Molybdenum%20cofactor%20biosynthesis%20protein%20MoeA,%20C-terminal%20domain	403	0			text/html		
https://bioconductor.org/help/course-materials/2004/Bressanone/Friday/L9/N-terminal%20domain%20of%20DNA%20photolyase	403	0			text/html		
https://bioconductor.org/help/course-materials/2004/Bressanone/Friday/L9/Molybdenum%20cofactor%20biosynthesis%20proteins	403	0			text/html		
https://bioconductor.org/help/course-materials/2004/Bressanone/Friday/L9/MurD-like%20peptide%20ligases,%20catalytic%20domain	403	0			text/html		
https://bioconductor.org/help/course-materials/2004/Bressanone/Friday/L9/Methylglyoxal%20synthase-like	403	0			text/html		
https://bioconductor.org/help/course-materials/2004/Bressanone/Friday/L9/MurE/MurF%20N-terminal%20domain	403	0			text/html		
https://bioconductor.org/help/course-materials/2004/Bressanone/Friday/L9/Molybdenum%20cofactor%20biosynthesis%20protein%20MoeA,%20N-terminal%20and%20linker%20domains	403	0			text/html		
https://bioconductor.org/help/course-materials/2004/Bressanone/Friday/L9/N-terminal%20domain%20of%20alpha%20and%20beta%20subunits%20of%20F1%20ATP%20synthase	403	0			text/html		
https://bioconductor.org/help/course-materials/2004/Bressanone/Friday/L9/N-terminal%20domain%20of%20eukaryotic%20peptide%20chain%20release%20factor%20subunit%201,%20ERF1	403	0			text/html		
https://bioconductor.org/help/course-materials/2004/Bressanone/Friday/L9/N-terminal%20domain%20of%20phosphatidylinositol%20transfer%20protein%20sec14p	403	0			text/html		
https://bioconductor.org/help/course-materials/2004/Bressanone/Friday/L9/N-terminal%20nucleophile%20aminohydrolases%20(Ntn%20hydrolases)	403	0			text/html		
https://bioconductor.org/help/course-materials/2004/Bressanone/Friday/L9/NAD(P)-binding%20Rossmann-fold%20domains	403	0			text/html		
https://bioconductor.org/help/course-materials/2004/Bressanone/Friday/L9/Nuclear%20receptor%20ligand-binding%20domain	403	0			text/html		
https://bioconductor.org/help/course-materials/2004/Bressanone/Friday/L9/Nucleic%20acid-binding%20proteins	403	0			text/html		
https://bioconductor.org/help/course-materials/2004/Bressanone/Friday/L9/Nucleotide-binding%20domain	403	0			text/html		
https://bioconductor.org/help/course-materials/2004/Bressanone/Friday/L9/Nucleotide-diphospho-sugar%20transferases	403	0			text/html		
https://bioconductor.org/help/course-materials/2004/Bressanone/Friday/L9/Nucleotidylyl%20transferase	403	0			text/html		
https://bioconductor.org/help/course-materials/2004/Bressanone/Friday/L9/Ovomucoid/PCI-1%20like%20inhibitors	403	0			text/html		
https://bioconductor.org/help/course-materials/2004/Bressanone/Friday/L9/P-loop%20containing%20nucleotide%20triphosphate%20hydrolases	403	0			text/html		
https://bioconductor.org/help/course-materials/2004/Bressanone/Friday/L9/PEP%20carboxykinase%20N-terminal%20domain	403	0			text/html		
https://bioconductor.org/help/course-materials/2004/Bressanone/Friday/L9/PDZ%20domain-like	403	0			text/html		
https://bioconductor.org/help/course-materials/2004/Bressanone/Friday/L9/PEP%20carboxykinase-like	403	0			text/html		
https://bioconductor.org/help/course-materials/2004/Bressanone/Friday/L9/PFL-like%20glycyl%20radical%20enzymes	403	0			text/html		
https://bioconductor.org/help/course-materials/2004/Bressanone/Friday/L9/PGBD-like	403	0			text/html		
https://bioconductor.org/help/course-materials/2004/Bressanone/Friday/L9/PH%20domain-like	403	0			text/html		
https://bioconductor.org/help/course-materials/2004/Bressanone/Friday/L9/PHM/PNGase%20F	403	0			text/html		
https://bioconductor.org/help/course-materials/2004/Bressanone/Friday/L9/PK%20beta-barrel%20domain-like	403	0			text/html		
https://bioconductor.org/help/course-materials/2004/Bressanone/Friday/L9/PKD%20domain	403	0			text/html		
https://bioconductor.org/help/course-materials/2004/Bressanone/Friday/L9/PLP-binding%20barrel	403	0			text/html		
https://bioconductor.org/help/course-materials/2004/Bressanone/Friday/L9/PLP-dependent%20transferases	403	0			text/html		
https://bioconductor.org/help/course-materials/2004/Bressanone/Friday/L9/POZ%20domain	403	0			text/html		
https://bioconductor.org/help/course-materials/2004/Bressanone/Friday/L9/PRTase-like	403	0			text/html		
https://bioconductor.org/help/course-materials/2004/Bressanone/Friday/L9/PTS-regulatory%20domain,%20PRD	403	0			text/html		
https://bioconductor.org/help/course-materials/2004/Bressanone/Friday/L9/PYP-like%20sensor%20domain	403	0			text/html		
https://bioconductor.org/help/course-materials/2004/Bressanone/Friday/L9/Penicillin-binding%20protein%202x%20(pbp-2x),%20N-terminal%20domain	403	0			text/html		
https://bioconductor.org/help/course-materials/2004/Bressanone/Friday/L9/PapD-like	403	0			text/html		
https://bioconductor.org/help/course-materials/2004/Bressanone/Friday/L9/Penicillin-binding%20protein%205,%20C-terminal%20domain	403	0			text/html		
https://bioconductor.org/help/course-materials/2004/Bressanone/Friday/L9/Peripheral%20subunit-binding%20domain%20of%202-oxo%20acid%20dehydrogenase%20complex	403	0			text/html		
https://bioconductor.org/help/course-materials/2004/Bressanone/Friday/L9/Periplasmic%20binding%20protein-like%20I	403	0			text/html		
https://bioconductor.org/help/course-materials/2004/Bressanone/Friday/L9/Periplasmic%20binding%20protein-like%20II	403	0			text/html		
https://bioconductor.org/help/course-materials/2004/Bressanone/Friday/L9/Phosphatidylinositol-specific%20phospholipase%20C%20(PI-PLC)	403	0			text/html		
https://bioconductor.org/help/course-materials/2004/Bressanone/Friday/L9/Periplasmic%20chaperone%20C-domain	403	0			text/html		
https://bioconductor.org/help/course-materials/2004/Bressanone/Friday/L9/Phosphoglucomutase,%20first%203%20domains	403	0			text/html		
https://bioconductor.org/help/course-materials/2004/Bressanone/Friday/L9/Pheromone-binding%20domain%20of%20LuxR-like%20quorum-sensing%20transcription%20factors	403	0			text/html		
https://bioconductor.org/help/course-materials/2004/Bressanone/Friday/L9/Phosphoenolpyruvate/pyruvate%20domain	403	0			text/html		
https://bioconductor.org/help/course-materials/2004/Bressanone/Friday/L9/Phosphoglycerate%20mutase-like	403	0			text/html		
https://bioconductor.org/help/course-materials/2004/Bressanone/Friday/L9/Phosphohistidine%20domain	403	0			text/html		
https://bioconductor.org/help/course-materials/2004/Bressanone/Friday/L9/Phospholipase%20D/nuclease	403	0			text/html		
https://bioconductor.org/help/course-materials/2004/Bressanone/Friday/L9/Polynucleotide%20phosphorylase/guanosine%20pentaphosphate%20synthase%20(PNPase/GPSI),%20domain%203	403	0			text/html		
https://bioconductor.org/help/course-materials/2004/Bressanone/Friday/L9/Polynucleotide%20phosphorylase/guanosine%20pentaphosphate%20synthase%20(PNPase/GPSI),%20domains%202%20and%205	403	0			text/html		
https://bioconductor.org/help/course-materials/2004/Bressanone/Friday/L9/Prolyl%20oligopeptidase,%20N-terminal%20domain	403	0			text/html		
https://bioconductor.org/help/course-materials/2004/Bressanone/Friday/L9/Prokaryotic%20type%20KH%20domain%20(pKH-domain)	403	0			text/html		
https://bioconductor.org/help/course-materials/2004/Bressanone/Friday/L9/Purple%20acid%20phosphatase,%20N-terminal%20domain	403	0			text/html		
https://bioconductor.org/help/course-materials/2004/Bressanone/Friday/L9/Protease%20propeptides/inhibitors	403	0			text/html		
https://bioconductor.org/help/course-materials/2004/Bressanone/Friday/L9/Phosphosugar%20isomerase	403	0			text/html		
https://bioconductor.org/help/course-materials/2004/Bressanone/Friday/L9/Protein%20kinase-like%20(PK-like)	403	0			text/html		
https://bioconductor.org/help/course-materials/2004/Bressanone/Friday/L9/Pseudouridine%20synthase	403	0			text/html		
https://bioconductor.org/help/course-materials/2004/Bressanone/Friday/L9/Porphobilinogen%20deaminase%20(hydroxymethylbilane%20synthase),%20C-terminal%20domain	403	0			text/html		
https://bioconductor.org/help/course-materials/2004/Bressanone/Friday/L9/Putative%20DNA-binding%20domain	403	0			text/html		
https://bioconductor.org/help/course-materials/2004/Bressanone/Friday/L9/Pyrimidine%20nucleoside%20phosphorylase%20C-terminal%20domain	403	0			text/html		
https://bioconductor.org/help/course-materials/2004/Bressanone/Friday/L9/Pyrimidine%20nucleoside%20phosphorylase%20N-terminal%20domain	403	0			text/html		
https://bioconductor.org/help/course-materials/2004/Bressanone/Friday/L9/Quinolinic%20acid%20phosphoribosyltransferase,%20C-terminal%20domain	403	0			text/html		
https://bioconductor.org/help/course-materials/2004/Bressanone/Friday/L9/Pyrimidine%20nucleoside%20phosphorylase%20central%20domain	403	0			text/html		
https://bioconductor.org/help/course-materials/2004/Bressanone/Friday/L9/Pyruvate%20kinase,%20C-terminal%20domain	403	0			text/html		
https://bioconductor.org/help/course-materials/2004/Bressanone/Friday/L9/Quinolinic%20acid%20phosphoribosyltransferase,%20N-terminal%20domain	403	0			text/html		
https://bioconductor.org/help/course-materials/2004/Bressanone/Friday/L9/R1%20subunit%20of%20ribonucleotide%20reductase,%20N-terminal%20domain	403	0			text/html		
https://bioconductor.org/help/course-materials/2004/Bressanone/Friday/L9/RBP11-like%20subunits%20of%20RNA%20polymerase	403	0			text/html		
https://bioconductor.org/help/course-materials/2004/Bressanone/Friday/L9/RNA-binding%20domain,%20RBD	403	0			text/html		
https://bioconductor.org/help/course-materials/2004/Bressanone/Friday/L9/RING%20finger%20domain,%20C3HC4	403	0			text/html		
https://bioconductor.org/help/course-materials/2004/Bressanone/Friday/L9/RNI-like	403	0			text/html		
https://bioconductor.org/help/course-materials/2004/Bressanone/Friday/L9/RecA%20protein,%20C-terminal%20domain	403	0			text/html		
https://bioconductor.org/help/course-materials/2004/Bressanone/Friday/L9/RNase%20III%20endonuclease%20domain	403	0			text/html		
https://bioconductor.org/help/course-materials/2004/Bressanone/Friday/L9/Regulator%20of%20G-protein%20signalling,%20RGS	403	0			text/html		
https://bioconductor.org/help/course-materials/2004/Bressanone/Friday/L9/Resolvase-like	403	0			text/html		
https://bioconductor.org/help/course-materials/2004/Bressanone/Friday/L9/Regulatory%20domain%20in%20the%20aminoacid%20metabolism	403	0			text/html		
https://bioconductor.org/help/course-materials/2004/Bressanone/Friday/L9/Retrovirus%20zinc%20finger-like%20domains	403	0			text/html		
https://bioconductor.org/help/course-materials/2004/Bressanone/Friday/L9/Riboflavin%20synthase%20domain-like	403	0			text/html		
https://bioconductor.org/help/course-materials/2004/Bressanone/Friday/L9/Rhodanese/Cell%20cycle%20control%20phosphatase	403	0			text/html		
https://bioconductor.org/help/course-materials/2004/Bressanone/Friday/L9/Ribokinase-like	403	0			text/html		
https://bioconductor.org/help/course-materials/2004/Bressanone/Friday/L9/Ribosomal%20protein%20L11,%20C-terminal%20domain	403	0			text/html		
https://bioconductor.org/help/course-materials/2004/Bressanone/Friday/L9/Ribonuclease%20H-like	403	0			text/html		
https://bioconductor.org/help/course-materials/2004/Bressanone/Friday/L9/Ribosomal%20protein%20L11,%20N-terminal%20domain	403	0			text/html		
https://bioconductor.org/help/course-materials/2004/Bressanone/Friday/L9/Ribosomal%20protein%20L25-like	403	0			text/html		
https://bioconductor.org/help/course-materials/2004/Bressanone/Friday/L9/Ribosomal%20protein%20L7/12,%20C-terminal%20domain	403	0			text/html		
https://bioconductor.org/help/course-materials/2004/Bressanone/Friday/L9/Ribosomal%20protein%20L6	403	0			text/html		
https://bioconductor.org/help/course-materials/2004/Bressanone/Friday/L9/Ribosomal%20protein%20L7/12,%20oligomerisation%20(N-terminal)%20domain	403	0			text/html		
https://bioconductor.org/help/course-materials/2004/Bressanone/Friday/L9/Ribosomal%20protein%20L9%20C-domain	403	0			text/html		
https://bioconductor.org/help/course-materials/2004/Bressanone/Friday/L9/Ribosomal%20protein%20S3%20C-terminal%20domain	403	0			text/html		
https://bioconductor.org/help/course-materials/2004/Bressanone/Friday/L9/Ribosomal%20protein%20S5%20domain%202-like	403	0			text/html		
https://bioconductor.org/help/course-materials/2004/Bressanone/Friday/L9/RmlC-like%20cupins	403	0			text/html		
https://bioconductor.org/help/course-materials/2004/Bressanone/Friday/L9/Ricin%20B-like%20lectins	403	0			text/html		
https://bioconductor.org/help/course-materials/2004/Bressanone/Friday/L9/RuvA%20domain%202-like	403	0			text/html		
https://bioconductor.org/help/course-materials/2004/Bressanone/Friday/L9/Rudiment%20single%20hybrid%20motif	403	0			text/html		
https://bioconductor.org/help/course-materials/2004/Bressanone/Friday/L9/S-adenosyl-L-methionine-dependent%20methyltransferases	403	0			text/html		
https://bioconductor.org/help/course-materials/2004/Bressanone/Friday/L9/S-adenosylmethionine%20synthetase	403	0			text/html		
https://bioconductor.org/help/course-materials/2004/Bressanone/Friday/L9/SH2%20domain	403	0			text/html		
https://bioconductor.org/help/course-materials/2004/Bressanone/Friday/L9/Sec7%20domain	403	0			text/html		
https://bioconductor.org/help/course-materials/2004/Bressanone/Friday/L9/SH3-domain	403	0			text/html		
https://bioconductor.org/help/course-materials/2004/Bressanone/Friday/L9/SIS%20domain	403	0			text/html		
https://bioconductor.org/help/course-materials/2004/Bressanone/Friday/L9/STAT	403	0			text/html		
https://bioconductor.org/help/course-materials/2004/Bressanone/Friday/L9/Saposin	403	0			text/html		
https://bioconductor.org/help/course-materials/2004/Bressanone/Friday/L9/Scavenger%20receptor%20cysteine-rich%20(SRCR)%20domain	403	0			text/html		
https://bioconductor.org/help/course-materials/2004/Bressanone/Friday/L9/SAM/Pointed%20domain	403	0			text/html		
https://bioconductor.org/help/course-materials/2004/Bressanone/Friday/L9/Serine%20proteinase%20inhibitor%20lekti,%20domain%20one	403	0			text/html		
https://bioconductor.org/help/course-materials/2004/Bressanone/Friday/L9/Second%20domain%20of%20Mu2%20adaptin%20subunit%20(ap50)%20of%20ap2%20adaptor	403	0			text/html		
https://bioconductor.org/help/course-materials/2004/Bressanone/Friday/L9/Second%20domain%20of%20FERM	403	0			text/html		
https://bioconductor.org/help/course-materials/2004/Bressanone/Friday/L9/Serine%20proterase%20inhibitors	403	0			text/html		
https://bioconductor.org/help/course-materials/2004/Bressanone/Friday/L9/Signal%20peptide-binding%20domain	403	0			text/html		
https://bioconductor.org/help/course-materials/2004/Bressanone/Friday/L9/Single%20hybrid%20motif	403	0			text/html		
https://bioconductor.org/help/course-materials/2004/Bressanone/Friday/L9/Spectrin%20repeat	403	0			text/html		
https://bioconductor.org/help/course-materials/2004/Bressanone/Friday/L9/Skp1-Skp2%20dimerisation%20domains	403	0			text/html		
https://bioconductor.org/help/course-materials/2004/Bressanone/Friday/L9/Spermadhesin,%20CUB%20domain	403	0			text/html		
https://bioconductor.org/help/course-materials/2004/Bressanone/Friday/L9/Staphylococcal%20nuclease	403	0			text/html		
https://bioconductor.org/help/course-materials/2004/Bressanone/Friday/L9/TATA-box%20binding%20protein-like	403	0			text/html		
https://bioconductor.org/help/course-materials/2004/Bressanone/Friday/L9/TB%20module/8-cys%20domain	403	0			text/html		
https://bioconductor.org/help/course-materials/2004/Bressanone/Friday/L9/Sulfite%20reductase%20hemoprotein%20(SiRHP),%20domains%202%20and%204	403	0			text/html		
https://bioconductor.org/help/course-materials/2004/Bressanone/Friday/L9/Succinyl-CoA%20synthetase%20domains	403	0			text/html		
https://bioconductor.org/help/course-materials/2004/Bressanone/Friday/L9/Succinate%20dehydrogenase/fumarate%20reductase%20C-terminal%20domain	403	0			text/html		
https://bioconductor.org/help/course-materials/2004/Bressanone/Friday/L9/TNF%20receptor-like	403	0			text/html		
https://bioconductor.org/help/course-materials/2004/Bressanone/Friday/L9/Sulfite%20reductase,%20domains%201%20and%203	403	0			text/html		
https://bioconductor.org/help/course-materials/2004/Bressanone/Friday/L9/Subtilisin-like	403	0			text/html		
https://bioconductor.org/help/course-materials/2004/Bressanone/Friday/L9/TPR-like	403	0			text/html		
https://bioconductor.org/help/course-materials/2004/Bressanone/Friday/L9/TRAF%20domain-like	403	0			text/html		
https://bioconductor.org/help/course-materials/2004/Bressanone/Friday/L9/Tachycitin	403	0			text/html		
https://bioconductor.org/help/course-materials/2004/Bressanone/Friday/L9/Terpenoid%20cylases/Protein%20prenyltransferases	403	0			text/html		
https://bioconductor.org/help/course-materials/2004/Bressanone/Friday/L9/Terpenoid%20synthases	403	0			text/html		
https://bioconductor.org/help/course-materials/2004/Bressanone/Friday/L9/Thiamin%20diphosphate-binding%20fold%20(THDP-binding)	403	0			text/html		
https://bioconductor.org/help/course-materials/2004/Bressanone/Friday/L9/Thiolase-like	403	0			text/html		
https://bioconductor.org/help/course-materials/2004/Bressanone/Friday/L9/Thioesterase/thiol%20ester%20dehydrase-isomerase	403	0			text/html		
https://bioconductor.org/help/course-materials/2004/Bressanone/Friday/L9/Transcription%20factor%20NusA,%20N-terminal%20domain	403	0			text/html		
https://bioconductor.org/help/course-materials/2004/Bressanone/Friday/L9/Threonyl-tRNA%20synthetase%20(ThrRS),%20second%20	403	0			text/html		
https://bioconductor.org/help/course-materials/2004/Bressanone/Friday/L9/Thioredoxin-like	403	0			text/html		
https://bioconductor.org/help/course-materials/2004/Bressanone/Friday/L9/Transferrin%20receptor%20ectodomain,%20C-terminal%20domain	403	0			text/html		
https://bioconductor.org/help/course-materials/2004/Bressanone/Friday/L9/Transglutaminase,%20two%20C-terminal%20domains	403	0			text/html		
https://bioconductor.org/help/course-materials/2004/Bressanone/Friday/L9/Transketolase%20C-terminal%20domain-like	403	0			text/html		
https://bioconductor.org/help/course-materials/2004/Bressanone/Friday/L9/Translation%20initiation%20factor%20IF3,%20C-terminal%20domain	403	0			text/html		
https://bioconductor.org/help/course-materials/2004/Bressanone/Friday/L9/Translation%20initiation%20factor%20IF3,%20N-terminal%20domain	403	0			text/html		
https://bioconductor.org/help/course-materials/2004/Bressanone/Friday/L9/Translation%20proteins	403	0			text/html		
https://bioconductor.org/help/course-materials/2004/Bressanone/Friday/L9/Tryptophan%20synthase%20beta%20subunit-like%20PLP-dependent%20enzymes	403	0			text/html		
https://bioconductor.org/help/course-materials/2004/Bressanone/Friday/L9/Translational%20machinery%20components	403	0			text/html		
https://bioconductor.org/help/course-materials/2004/Bressanone/Friday/L9/Trimeric%20LpxA-like%20enzymes	403	0			text/html		
https://bioconductor.org/help/course-materials/2004/Bressanone/Friday/L9/Tubulin,%20C-terminal%20domain	403	0			text/html		
https://bioconductor.org/help/course-materials/2004/Bressanone/Friday/L9/Translation%20proteins%20SH3-like%20domain	403	0			text/html		
https://bioconductor.org/help/course-materials/2004/Bressanone/Friday/L9/Tubulin,%20GTPase%20domain	403	0			text/html		
https://bioconductor.org/help/course-materials/2004/Bressanone/Friday/L9/Trypsin-like%20serine%20proteases	403	0			text/html		
https://bioconductor.org/help/course-materials/2004/Bressanone/Friday/L9/Type%20II%20DNA%20topoisomerase	403	0			text/html		
https://bioconductor.org/help/course-materials/2004/Bressanone/Friday/L9/UBA-like	403	0			text/html		
https://bioconductor.org/help/course-materials/2004/Bressanone/Friday/L9/UDP-N-acetylmuramoyl-L-alanine:D-glutamate%20ligase%20MurD,%20N-terminal%20domain	403	0			text/html		
https://bioconductor.org/help/course-materials/2004/Bressanone/Friday/L9/Ubiquitin-like	403	0			text/html		
https://bioconductor.org/help/course-materials/2004/Bressanone/Friday/L9/UDP-glucose%20dehydrogenase%20(UDPGDH),%20C-terminal%20(UDP-binding)%20domain	403	0			text/html		
https://bioconductor.org/help/course-materials/2004/Bressanone/Friday/L9/Uridine%20diphospho-N-Acetylenolpyruvylglucosamine%20reductase,%20MurB,%20C-terminal%20domain	403	0			text/html		
https://bioconductor.org/help/course-materials/2004/Bressanone/Friday/L9/Vitelline%20membrane%20outer%20protein-I%20(VMO-I)	403	0			text/html		
https://bioconductor.org/help/course-materials/2004/Bressanone/Friday/L9/WW%20domain	403	0			text/html		
https://bioconductor.org/help/course-materials/2004/Bressanone/Friday/L9/YhbC-like,%20C-terminal%20domain	403	0			text/html		
https://bioconductor.org/help/course-materials/2004/Bressanone/Friday/L9/YhbC-like,%20N-terminal%20domain	403	0			text/html		
https://bioconductor.org/help/course-materials/2004/Bressanone/Friday/L9/alpha-catenin/vinculin	403	0			text/html		
https://bioconductor.org/help/course-materials/2004/Bressanone/Friday/L9/YjeF%20N-terminal%20domain-like	403	0			text/html		
https://bioconductor.org/help/course-materials/2004/Bressanone/Friday/L9/Zinc%20beta-ribbon	403	0			text/html		
https://bioconductor.org/help/course-materials/2004/Bressanone/Friday/L9/Zinc-binding%20domain%20of%20translation%20initiation%20factor%202%20beta	403	0			text/html		
https://bioconductor.org/help/course-materials/2004/Bressanone/Friday/L9/Zn-dependent%20exopeptidases	403	0			text/html		
https://bioconductor.org/help/course-materials/2004/Bressanone/Friday/L9/alpha-Amylases,%20C-terminal%20beta-sheet%20domain	403	0			text/html		
https://bioconductor.org/help/course-materials/2004/Bressanone/Friday/L9/Ypt/Rab-GAP%20domain%20of%20gyp1p	403	0			text/html		
https://bioconductor.org/help/course-materials/2004/Bressanone/Friday/L9/alpha-helical%20ferredoxin	403	0			text/html		
https://bioconductor.org/help/course-materials/2004/Bressanone/Friday/L9/alpha/beta%20knot	403	0			text/html		
https://bioconductor.org/help/course-materials/2004/Bressanone/Friday/L9/alpha/beta-Hydrolases	403	0			text/html		
https://bioconductor.org/help/course-materials/2004/Bressanone/Friday/L9/beta-Galactosidase/glucuronidase%20domain	403	0			text/html		
https://bioconductor.org/help/course-materials/2004/Bressanone/Friday/L9/beta-Lactamase/D-ala%20carboxypeptidase	403	0			text/html		
https://bioconductor.org/help/course-materials/2004/Bressanone/Friday/L9/beta-N-acetylhexosaminidase%20domain	403	0			text/html		
https://bioconductor.org/help/course-materials/2004/Bressanone/Friday/L9/cAMP-binding%20domain-like	403	0			text/html		
https://bioconductor.org/help/course-materials/2004/Bressanone/Friday/L9/dcgr-gif.gif	403	0			text/html		
https://bioconductor.org/help/course-materials/2004/Bressanone/Friday/L9/dcgr-gif.gif/view	403	0			text/html		
https://bioconductor.org/help/course-materials/2004/Bressanone/Friday/L9/dcgr/	403	0			text/html		
https://bioconductor.org/help/course-materials/2004/Bressanone/Friday/L9/dcgr/dcgr-gif.gif	403	0			text/html		
https://bioconductor.org/help/course-materials/2004/Bressanone/Friday/L9/dsRNA-binding%20domain-like	403	0			text/html		
https://bioconductor.org/help/course-materials/2004/Bressanone/Friday/L9/labgraph.R	403	0			text/html		
https://bioconductor.org/help/course-materials/2004/Bressanone/Friday/L9/labgraph.Rnw	403	0			text/html		
https://bioconductor.org/help/course-materials/2004/Bressanone/Monday/L1/MilanR.pdf	403	0			text/html		
https://bioconductor.org/help/course-materials/2004/Bressanone/Friday/L9/lambda%20integrase-like,%20N-terminal%20domain	403	0			text/html		
https://bioconductor.org/help/course-materials/2004/Bressanone/Friday/L9/lambda%20repressor-like%20DNA-binding%20domains	403	0			text/html		
https://bioconductor.org/help/course-materials/2004/Bressanone/Monday/L1/PaulGraphics.pdf	403	0			text/html		
https://bioconductor.org/help/course-materials/2004/Bressanone/Monday/L1/	403	0			text/html		
https://bioconductor.org/help/course-materials/2004/Bressanone/Monday/L1/L1.pdf	403	0			text/html		
https://bioconductor.org/help/course-materials/2004/Bressanone/Friday/L9/labgraph.pdf	403	0			text/html		
https://bioconductor.org/help/course-materials/2004/Bressanone/Friday/L9/p53-like%20transcription%20factors	403	0			text/html		
https://bioconductor.org/help/course-materials/2004/Bressanone/Monday/L1/NewR.pdf	403	0			text/html		
https://bioconductor.org/help/course-materials/2004/Bressanone/Monday/L2/	403	0			text/html		
https://bioconductor.org/help/course-materials/2004/Bressanone/Monday/L2/L2.pdf	403	0			text/html		
https://bioconductor.org/help/course-materials/2004/Bressanone/Monday/Lab1/	403	0			text/html		
https://bioconductor.org/help/course-materials/2004/Bressanone/Monday/Lab1/Lab1.R	403	0			text/html		
https://bioconductor.org/help/course-materials/2004/Bressanone/Monday/Lab1/Lab1.pdf	403	0			text/html		
https://bioconductor.org/help/course-materials/2004/Bressanone/Thursday/L7/	403	0			text/html		
https://bioconductor.org/help/course-materials/2004/Bressanone/Monday/Lab1/Lab1.Rnw	403	0			text/html		
https://bioconductor.org/help/course-materials/2004/Bressanone/Thursday/L7/L7b.pdf	403	0			text/html		
https://bioconductor.org/help/course-materials/2004/Bressanone/Thursday/L7/L7a.pdf	403	0			text/html		
https://bioconductor.org/help/course-materials/2004/Bressanone/Thursday/L8/	403	0			text/html		
https://bioconductor.org/help/course-materials/2004/Bressanone/Thursday/L8/MachineLearning2004.pdf	403	0			text/html		
https://bioconductor.org/help/course-materials/2004/Bressanone/Thursday/L8/classif.pdf	403	0			text/html		
https://bioconductor.org/help/course-materials/2004/Bressanone/Thursday/LabML/	403	0			text/html		
https://bioconductor.org/help/course-materials/2004/Bressanone/Thursday/LabML/MachLearn.R	403	0			text/html		
https://bioconductor.org/help/course-materials/2004/Bressanone/Thursday/LabML/MachLearn.Rnw	403	0			text/html		
https://bioconductor.org/help/course-materials/2004/Bressanone/Thursday/LabML/MachLearn.pdf	403	0			text/html		
https://bioconductor.org/help/course-materials/2004/Bressanone/Tuesday/L3/	403	0			text/html		
https://bioconductor.org/help/course-materials/2004/Bressanone/Tuesday/L3/L3.pdf	403	0			text/html		
https://bioconductor.org/help/course-materials/2004/Bressanone/Tuesday/L3/Naef-riddle.pdf	403	0			text/html		
https://bioconductor.org/help/course-materials/2004/Bressanone/Tuesday/Lab2/Lab2.R	403	0			text/html		
https://bioconductor.org/help/course-materials/2004/Bressanone/Tuesday/L4/BressanoneGO.pdf	403	0			text/html		
https://bioconductor.org/help/course-materials/2004/Bressanone/Tuesday/L4/L4.pdf	403	0			text/html		
https://bioconductor.org/help/course-materials/2004/Bressanone/Tuesday/Lab2/	403	0			text/html		
https://bioconductor.org/help/course-materials/2004/Bressanone/Tuesday/Lab2/Lab2.pdf	403	0			text/html		
https://bioconductor.org/help/course-materials/2004/Bressanone/Tuesday/Lab2/Lab2.Rnw	403	0			text/html		
https://bioconductor.org/help/course-materials/2004/Bressanone/Tuesday/L4/	403	0			text/html		
https://bioconductor.org/help/course-materials/2004/Bressanone/Tuesday/Lab2/arrayMagicVignette.pdf	403	0			text/html		
https://bioconductor.org/help/course-materials/2004/Bressanone/Tuesday/Lab2/arrayMagicManual_1.4.1.pdf	403	0			text/html		
https://bioconductor.org/help/course-materials/2004/Bressanone/Wednesday/L5/	403	0			text/html		
https://bioconductor.org/help/course-materials/2004/Bressanone/Wednesday/L5/DifferentialGenes.pdf	403	0			text/html		
https://bioconductor.org/help/course-materials/2004/Bressanone/Wednesday/L5/L5.pdf	403	0			text/html		
https://bioconductor.org/help/course-materials/2004/Bressanone/Wednesday/L6/	403	0			text/html		
https://bioconductor.org/help/course-materials/2004/Bressanone/Wednesday/L5/tvsroc.Rnw	403	0			text/html		
https://bioconductor.org/help/course-materials/2004/Bressanone/Wednesday/L5/tvsroc.pdf	403	0			text/html		
https://bioconductor.org/help/course-materials/2004/Bressanone/Wednesday/L5/vhhg.pdf	403	0			text/html		
https://bioconductor.org/help/course-materials/2004/Bressanone/Wednesday/L5/roc.pdf	403	0			text/html		
https://bioconductor.org/help/course-materials/2004/Bressanone/Wednesday/L6/L6.pdf	403	0			text/html		
https://bioconductor.org/help/course-materials/2004/Bressanone/Wednesday/LabAnnotate/	403	0			text/html		
https://bioconductor.org/help/course-materials/2004/Bressanone/Wednesday/LabAnnotate/Brixen/	403	0			text/html		
https://bioconductor.org/help/course-materials/2004/Bressanone/Wednesday/LabAnnotate/Brixen/DESCRIPTION	403	0			text/html		
https://bioconductor.org/help/course-materials/2004/Bressanone/Wednesday/LabAnnotate/Brixen/R/percentCor.R	403	0			text/html		
https://bioconductor.org/help/course-materials/2004/Bressanone/Wednesday/LabAnnotate/Brixen/R/GetDepthMat.R	403	0			text/html		
https://bioconductor.org/help/course-materials/2004/Bressanone/Wednesday/LabAnnotate/Brixen/R/	403	0			text/html		
https://bioconductor.org/help/course-materials/2004/Bressanone/Wednesday/LabAnnotate/Brixen/chm/	403	0			text/html		
https://bioconductor.org/help/course-materials/2004/Bressanone/Wednesday/LabAnnotate/Brixen/chm/00Index/	403	0			text/html		
https://bioconductor.org/help/course-materials/2004/Bressanone/Wednesday/LabAnnotate/Brixen/chm/00Index/GetDepthMat/	403	0			text/html		
https://bioconductor.org/help/course-materials/2004/Bressanone/Wednesday/LabAnnotate/Brixen/chm/00Index/logo.jpg	403	0			text/html		
https://bioconductor.org/help/course-materials/2004/Bressanone/Wednesday/LabAnnotate/Brixen/chm/Brixen.chm	403	0			text/html		
https://bioconductor.org/help/course-materials/2004/Bressanone/Wednesday/LabAnnotate/Brixen/chm/Brixen.hhp	403	0			text/html		
https://bioconductor.org/help/course-materials/2004/Bressanone/Wednesday/LabAnnotate/Brixen/chm/Brixen.toc	403	0			text/html		
https://bioconductor.org/help/course-materials/2004/Bressanone/Wednesday/LabAnnotate/Brixen/chm/GetDepthMat/00Index/	403	0			text/html		
https://bioconductor.org/help/course-materials/2004/Bressanone/Wednesday/LabAnnotate/Brixen/data/hgu95av2LOCUSID2PROBE.rda	403	0			text/html		
https://bioconductor.org/help/course-materials/2004/Bressanone/Wednesday/LabAnnotate/Brixen/chm/Rchm.css	403	0			text/html		
https://bioconductor.org/help/course-materials/2004/Bressanone/Wednesday/LabAnnotate/Brixen/chm/logo.jpg	403	0			text/html		
https://bioconductor.org/help/course-materials/2004/Bressanone/Wednesday/LabAnnotate/Brixen/inst/Scripts/	403	0			text/html		
https://bioconductor.org/help/course-materials/2004/Bressanone/Wednesday/LabAnnotate/Brixen/chm/GetDepthMat/	403	0			text/html		
https://bioconductor.org/help/course-materials/2004/Bressanone/Wednesday/LabAnnotate/Brixen/inst/	403	0			text/html		
https://bioconductor.org/help/course-materials/2004/Bressanone/Wednesday/LabAnnotate/Brixen/inst/Scripts/testCor.R	403	0			text/html		
https://bioconductor.org/help/course-materials/2004/Bressanone/Wednesday/LabAnnotate/Brixen/data/	403	0			text/html		
https://bioconductor.org/help/course-materials/2004/Bressanone/Wednesday/LabAnnotate/Brixen/chm/logo.jpg/view	403	0			text/html		
https://bioconductor.org/help/course-materials/2004/Bressanone/Wednesday/LabAnnotate/Brixen/man/	403	0			text/html		
https://bioconductor.org/help/course-materials/2004/Bressanone/Wednesday/LabAnnotate/Brixen/man/GetDepthMat.Rd	403	0			text/html		
https://bioconductor.org/help/course-materials/2004/Bressanone/Wednesday/LabAnnotate/LabAnnotate.R	403	0			text/html		
https://bioconductor.org/help/course-materials/2004/Bressanone/Wednesday/LabAnnotate/LabAnnotate.Rnw	403	0			text/html		
https://bioconductor.org/help/course-materials/2004/Bressanone/Wednesday/LabAnnotate/LabAnnotate.pdf	403	0			text/html		
https://bioconductor.org/help/course-materials/2005/BioC2005/	403	0			text/html		
https://bioconductor.org/help/course-materials/2005/BioC2005/labs/lab01	403	0			text/html		
https://bioconductor.org/help/course-materials/2005/BioC2005/labs/lab01/	403	0			text/html		
https://bioconductor.org/help/course-materials/2005/BioC2005/labs/lab01/ApoAI/	403	0			text/html		
https://bioconductor.org/help/course-materials/2005/BioC2005/labs/lab01/Data/apoai.zip	403	0			text/html		
https://bioconductor.org/help/course-materials/2005/BioC2005/labs/lab01/Data/drosEmbryo_1.0.tar.gz	403	0			text/html		
https://bioconductor.org/help/course-materials/2005/BioC2005/labs/lab01/Data/drosEmbryo_1.0.zip	403	0			text/html		
https://bioconductor.org/help/course-materials/2005/BioC2005/labs/lab01/Data/estrogen.zip	403	0			text/html		
https://bioconductor.org/help/course-materials/2005/BioC2005/labs/lab01/beta7/	403	0			text/html		
https://bioconductor.org/help/course-materials/2005/BioC2005/labs/lab01/drosEmbryo/	403	0			text/html		
https://bioconductor.org/help/course-materials/2005/BioC2005/labs/lab01/Data/integrinbeta7.zip	403	0			text/html		
https://bioconductor.org/help/course-materials/2005/BioC2005/labs/lab01/estrogen/	403	0			text/html		
https://bioconductor.org/help/course-materials/2005/BioC2005/labs/lab01/images-apoest/ApoAIdesign.png	403	0			text/html		
https://bioconductor.org/help/course-materials/2005/BioC2005/labs/lab01/images-apoest/ApoAIdesign.png/view	403	0			text/html		
https://bioconductor.org/help/course-materials/2005/BioC2005/labs/lab01/images-apoest/ApoAIdesignMatrix.png/view	403	0			text/html		
https://bioconductor.org/help/course-materials/2005/BioC2005/labs/lab01/images-apoest/C.png	403	0			text/html		
https://bioconductor.org/help/course-materials/2005/BioC2005/labs/lab01/images-apoest/ApoAIdesignMatrix.png	403	0			text/html		
https://bioconductor.org/help/course-materials/2005/BioC2005/labs/lab01/images-apoest/C.png/view	403	0			text/html		
https://bioconductor.org/help/course-materials/2005/BioC2005/labs/lab01/images-apoest/Contrasts.png	403	0			text/html		
https://bioconductor.org/help/course-materials/2005/BioC2005/labs/lab01/images-apoest/Contrasts.png/view	403	0			text/html		
https://bioconductor.org/help/course-materials/2005/BioC2005/labs/lab01/images-apoest/Ey.png	403	0			text/html		
https://bioconductor.org/help/course-materials/2005/BioC2005/labs/lab01/images-apoest/LinearModel.png	403	0			text/html		
https://bioconductor.org/help/course-materials/2005/BioC2005/labs/lab01/images-apoest/Ey.png/view	403	0			text/html		
https://bioconductor.org/help/course-materials/2005/BioC2005/labs/lab01/images-apoest/LinearModel.png/view	403	0			text/html		
https://bioconductor.org/help/course-materials/2005/BioC2005/labs/lab01/images-apoest/X.png	403	0			text/html		
https://bioconductor.org/help/course-materials/2005/BioC2005/labs/lab01/images-apoest/X.png/view	403	0			text/html		
https://bioconductor.org/help/course-materials/2005/BioC2005/labs/lab01/images-apoest/alpha.png/view	403	0			text/html		
https://bioconductor.org/help/course-materials/2005/BioC2005/labs/lab01/images-apoest/alpha.png	403	0			text/html		
https://bioconductor.org/help/course-materials/2005/BioC2005/labs/lab01/images-apoest/beta.png	403	0			text/html		
https://bioconductor.org/help/course-materials/2005/BioC2005/labs/lab01/images-apoest/beta.png/view	403	0			text/html		
https://bioconductor.org/help/course-materials/2005/BioC2005/labs/lab01/images-apoest/estrogenContrastsMatrix.png	403	0			text/html		
https://bioconductor.org/help/course-materials/2005/BioC2005/labs/lab01/images-apoest/g.png/view	403	0			text/html		
https://bioconductor.org/help/course-materials/2005/BioC2005/labs/lab01/images-apoest/y.png	403	0			text/html		
https://bioconductor.org/help/course-materials/2005/BioC2005/labs/lab01/images-apoest/estrogenDesignMatrix.png/view	403	0			text/html		
https://bioconductor.org/help/course-materials/2005/BioC2005/labs/lab01/images-apoest/g.png	403	0			text/html		
https://bioconductor.org/help/course-materials/2005/BioC2005/labs/lab01/images-apoest/estrogenContrastsMatrix.png/view	403	0			text/html		
https://bioconductor.org/help/course-materials/2005/BioC2005/labs/lab01/images-apoest/estrogenDesignMatrix.png	403	0			text/html		
https://bioconductor.org/help/course-materials/2005/BioC2005/labs/lab01/images-apoest/y.png/view	403	0			text/html		
https://bioconductor.org/help/course-materials/2005/BioC2005/labs/lab01/images/wehilogo.jpg	403	0			text/html		
https://bioconductor.org/help/course-materials/2005/BioC2005/labs/lab01/printing	403	0			text/html		
https://bioconductor.org/help/course-materials/2005/BioC2005/labs/lab01/printing/1.intro.pdf	403	0			text/html		
https://bioconductor.org/help/course-materials/2005/BioC2005/labs/lab01/printing/2.apoai.pdf	403	0			text/html		
https://bioconductor.org/help/course-materials/2005/BioC2005/labs/lab01/printing/3.beta7.pdf	403	0			text/html		
https://bioconductor.org/help/course-materials/2005/BioC2005/labs/lab01/printing/4.estrogen.pdf	403	0			text/html		
https://bioconductor.org/help/course-materials/2005/BioC2005/labs/lab02/abstract/	403	0			text/html		
https://bioconductor.org/help/course-materials/2005/BioC2005/labs/lab01/printing/6.appendix.pdf	403	0			text/html		
https://bioconductor.org/help/course-materials/2005/BioC2005/labs/lab02	403	0			text/html		
https://bioconductor.org/help/course-materials/2005/BioC2005/labs/lab02/	403	0			text/html		
https://bioconductor.org/help/course-materials/2005/BioC2005/labs/lab02/rCode	200	0					
https://bioconductor.org/help/course-materials/2005/BioC2005/labs/lab02/graphLab.ppt	403	0			text/html		
https://bioconductor.org/help/course-materials/2005/BioC2005/labs/lab02/graphLab.pdf	403	0			text/html		
https://bioconductor.org/help/course-materials/2005/BioC2005/labs/lab01/printing/5.drosEmbryo.pdf	403	0			text/html		
https://bioconductor.org/help/course-materials/2005/BioC2005/labs/lab03	403	0			text/html		
https://bioconductor.org/help/course-materials/2005/BioC2005/labs/lab03/	403	0			text/html		
https://bioconductor.org/help/course-materials/2005/BioC2005/labs/lab04/	403	0			text/html		
https://bioconductor.org/help/course-materials/2005/BioC2005/labs/lab04/MLInterfaces_1.1.4.tar.gz	403	0			text/html		
https://bioconductor.org/help/course-materials/2005/BioC2005/labs/lab04	403	0			text/html		
https://bioconductor.org/help/course-materials/2005/BioC2005/labs/lab03/abstract/	403	0			text/html		
https://bioconductor.org/help/course-materials/2005/BioC2005/labs/lab04/MLInterfaces_1.1.4.zip	403	0			text/html		
https://bioconductor.org/help/course-materials/2005/BioC2005/labs/lab04/abstract/	403	0			text/html		
https://bioconductor.org/help/course-materials/2005/BioC2005/labs/lab04/mystCEL_0.0.0.tar.gz	403	0			text/html		
https://bioconductor.org/help/course-materials/2005/BioC2005/labs/lab04/requiredSoftware/	403	0			text/html		
https://bioconductor.org/help/course-materials/2005/BioC2005/labs/lab05	403	0			text/html		
https://bioconductor.org/help/course-materials/2005/BioC2005/labs/lab05/	403	0			text/html		
https://bioconductor.org/help/course-materials/2005/BioC2005/labs/lab06	403	0			text/html		
https://bioconductor.org/help/course-materials/2005/BioC2005/labs/lab06/	403	0			text/html		
https://bioconductor.org/help/course-materials/2005/BioC2005/labs/lab05/abstract/	403	0			text/html		
https://bioconductor.org/help/course-materials/2005/BioC2005/labs/lab06/abstract/	403	0			text/html		
https://bioconductor.org/help/course-materials/2005/BioC2005/labs/lab07/affylab.Rnw	403	0			text/html		
https://bioconductor.org/help/course-materials/2005/BioC2005/labs/lab07/	403	0			text/html		
https://bioconductor.org/help/course-materials/2005/BioC2005/labs/lab07	403	0			text/html		
https://bioconductor.org/help/course-materials/2005/BioC2005/labs/lab07/abstract/	403	0			text/html		
https://bioconductor.org/help/course-materials/2005/BioC2005/labs/lab07/affylab.R	403	0			text/html		
https://bioconductor.org/help/course-materials/2005/BioC2005/labs/lab07/affylab.pdf	403	0			text/html		
https://bioconductor.org/help/course-materials/2005/BioC2005/labs/lab08/document.2005-08-15.1391516548	403	0			text/html		
https://bioconductor.org/help/course-materials/2005/BioC2005/labs/lab08	403	0			text/html		
https://bioconductor.org/help/course-materials/2005/BioC2005/labs/lab08/	403	0			text/html		
https://bioconductor.org/help/course-materials/2005/BioC2005/labs/lab08/abstract/	403	0			text/html		
https://bioconductor.org/help/course-materials/2005/BioC2005/labs/lab08/steffen.pdf	403	0			text/html		
https://bioconductor.org/help/course-materials/2005/BioC2005/labs/lab07/requiredSoftware/	403	0			text/html		
https://bioconductor.org/help/course-materials/2005/BioC2005/labs/lab09/abstract/	403	0			text/html		
https://bioconductor.org/help/course-materials/2005/BioC2005/labs/lab09/	403	0			text/html		
https://bioconductor.org/help/course-materials/2005/BioC2005/labs/lab10	403	0			text/html		
https://bioconductor.org/help/course-materials/2005/BioC2005/labs/lab10/	403	0			text/html		
https://bioconductor.org/help/course-materials/2005/BioC2005/labs/lab11/	403	0			text/html		
https://bioconductor.org/help/course-materials/2005/BioC2005/labs/lab10/abstract/	403	0			text/html		
https://bioconductor.org/help/course-materials/2005/BioC2005/labs/lab11	403	0			text/html		
https://bioconductor.org/help/course-materials/2005/BioC2005/labs/lab11/abstract/	403	0			text/html		
https://bioconductor.org/help/course-materials/2005/BioC2005/talks/MartinMcIntosh/	403	0			text/html		
https://bioconductor.org/help/course-materials/2005/BioC2005/labs/schedule/	403	0			text/html		
https://bioconductor.org/help/course-materials/2005/BioC2005/talks/EricSchadt/	403	0			text/html		
https://bioconductor.org/help/course-materials/2005/BioC2005/talks/EricSchadt/abstract/	403	0			text/html		
https://bioconductor.org/help/course-materials/2005/BioC2005/talks/JohnStorey/	403	0			text/html		
https://bioconductor.org/help/course-materials/2005/BioC2005/talks/JohnStorey/abstract/	403	0			text/html		
https://bioconductor.org/help/course-materials/2005/BioC2005/labs/lab09	403	0			text/html		
https://bioconductor.org/help/course-materials/2005/BioC2005/talks/MartinMcIntosh/Martin.pdf	403	0			text/html		
https://bioconductor.org/help/course-materials/2005/BioC2005/talks/MartinMcIntosh/abstract/	403	0			text/html		
https://bioconductor.org/help/course-materials/2005/BioC2005/talks/MichaelBoutros/	403	0			text/html		
https://bioconductor.org/help/course-materials/2005/BioC2005/talks/MichaelBoutros/abstract/	403	0			text/html		
https://bioconductor.org/help/course-materials/2005/BioC2005/talks/RachelBrem/	403	0			text/html		
https://bioconductor.org/help/course-materials/2005/BioC2005/talks/SridharRamaswamy/	403	0			text/html		
https://bioconductor.org/help/course-materials/2005/BioC2005/talks/RachelBrem/rbrem.pdf	403	0			text/html		
https://bioconductor.org/help/course-materials/2005/BioC2005/talks/RamSamudrala/	403	0			text/html		
https://bioconductor.org/help/course-materials/2005/BioC2005/talks/RamSamudrala/abstract/	403	0			text/html		
https://bioconductor.org/help/course-materials/2005/BioC2005/talks/RamSamudrala/ram.pdf	403	0			text/html		
https://bioconductor.org/help/course-materials/2005/BioC2005/talks/RachelBrem/abstract/	403	0			text/html		
https://bioconductor.org/help/course-materials/2005/BioC2005/talks/WolfgangHuber/abstract/	403	0			text/html		
https://bioconductor.org/help/course-materials/2005/BioC2005/talks/SteveLincoln/abstract/	403	0			text/html		
https://bioconductor.org/help/course-materials/2005/BioC2005/talks/SteveLincoln/	403	0			text/html		
https://bioconductor.org/help/course-materials/2005/BioC2005/talks/WolfgangHuber/	403	0			text/html		
https://bioconductor.org/help/course-materials/2005/BioC2005/talks/biocOverview/	403	0			text/html		
https://bioconductor.org/help/course-materials/2005/seattle-06-2005/	403	0			text/html		
https://bioconductor.org/help/course-materials/2005/seattle-06-2005/lectures/MachineLearning.pdf	403	0			text/html		
https://bioconductor.org/help/course-materials/2005/seattle-06-2005/lab/LabAnnotate.pdf	403	0			text/html		
https://bioconductor.org/help/course-materials/2005/seattle-06-2005/lab/MachineLearning.pdf	403	0			text/html		
https://bioconductor.org/help/course-materials/2005/seattle-06-2005/lectures/L1.pdf	403	0			text/html		
https://bioconductor.org/help/course-materials/2005/BioC2005/talks/SridharRamaswamy/abstract/	403	0			text/html		
https://bioconductor.org/help/course-materials/2005/seattle-06-2005/lectures/MetaData.pdf	403	0			text/html		
https://bioconductor.org/help/course-materials/2006/BioC2006/	403	0			text/html		
https://bioconductor.org/help/course-materials/2006/BioC2006/labs/awilliams/	403	0			text/html		
https://bioconductor.org/help/course-materials/2006/BioC2006/labs/bcarvalho/	403	0			text/html		
https://bioconductor.org/help/course-materials/2006/BioC2006/labs/bcarvalho/advancesMA.tar.gz	403	0			text/html		
https://bioconductor.org/help/course-materials/2006/BioC2006/labs/bcarvalho/advancesMA4Win.zip	403	0			text/html		
https://bioconductor.org/help/course-materials/2006/BioC2006/labs/bcarvalho/tutorial-slides.pdf	403	0			text/html		
https://bioconductor.org/help/course-materials/2006/BioC2006/labs/hmwill/	403	0			text/html		
https://bioconductor.org/help/course-materials/2006/BioC2006/labs/gwarnes/	403	0			text/html		
https://bioconductor.org/help/course-materials/2006/BioC2006/labs/gwarnes/RGeneticsProjectSlides.pdf	403	0			text/html		
https://bioconductor.org/help/course-materials/2006/BioC2006/labs/gwarnes/useR_2006_fmofL.pdf	403	0			text/html		
https://bioconductor.org/help/course-materials/2006/BioC2006/labs/dhenderson/	403	0			text/html		
https://bioconductor.org/help/course-materials/2006/BioC2006/labs/hmwill/ROS_Syllego_DS_final.pdf	403	0			text/html		
https://bioconductor.org/help/course-materials/2006/BioC2006/labs/kdhansen/multtest/	403	0			text/html		
https://bioconductor.org/help/course-materials/2006/BioC2006/labs/jmacdonald/BioC2006_MacDonald.pdf	403	0			text/html		
https://bioconductor.org/help/course-materials/2006/BioC2006/labs/jmacdonald/required_packages_MacDonald.txt	403	0			text/html		
https://bioconductor.org/help/course-materials/2006/BioC2006/labs/mmorgan/	403	0			text/html		
https://bioconductor.org/help/course-materials/2006/BioC2006/labs/kdhansen/multtestPractical.rda	403	0			text/html		
https://bioconductor.org/help/course-materials/2006/BioC2006/labs/kdhansen/required_pkgs.txt	403	0			text/html		
https://bioconductor.org/help/course-materials/2006/BioC2006/labs/mmorgan/ParallelLabs.Rnw	403	0			text/html		
https://bioconductor.org/help/course-materials/2006/BioC2006/labs/jmacdonald/	403	0			text/html		
https://bioconductor.org/help/course-materials/2006/BioC2006/labs/khao/	403	0			text/html		
https://bioconductor.org/help/course-materials/2006/BioC2006/labs/kdhansen/	403	0			text/html		
https://bioconductor.org/help/course-materials/2006/BioC2006/labs/mmorgan/ParallelR.pdf	403	0			text/html		
https://bioconductor.org/help/course-materials/2006/BioC2006/labs/khao/BioConductor_LDCompare_Ke_Hao.zip	403	0			text/html		
https://bioconductor.org/help/course-materials/2006/BioC2006/labs/mmorgan/ParallelLabs.pdf	403	0			text/html		
https://bioconductor.org/help/course-materials/2006/BioC2006/labs/mmorgan/ParallelR.Rnw	403	0			text/html		
https://bioconductor.org/help/course-materials/2006/BioC2006/labs/osklyar/	403	0			text/html		
https://bioconductor.org/help/course-materials/2006/BioC2006/labs/rgentleman/	403	0			text/html		
https://bioconductor.org/help/course-materials/2006/BioC2006/labs/osklyar/BioC2006imagesJPG.tar.gz	403	0			text/html		
https://bioconductor.org/help/course-materials/2006/BioC2006/labs/osklyar/EBImageHOWTO.pdf	403	0			text/html		
https://bioconductor.org/help/course-materials/2006/BioC2006/labs/rgentleman/GSEA.R	403	0			text/html		
https://bioconductor.org/help/course-materials/2006/BioC2006/labs/osklyar/EBImage_Script.pdf	403	0			text/html		
https://bioconductor.org/help/course-materials/2006/BioC2006/labs/osklyar/EBImage_Script_Solutions.pdf	403	0			text/html		
https://bioconductor.org/help/course-materials/2006/BioC2006/labs/osklyar/BioC2006images.tar.gz	403	0			text/html		
https://bioconductor.org/help/course-materials/2006/BioC2006/labs/osklyar/EBImage_1.3.102.tar.gz	403	0			text/html		
https://bioconductor.org/help/course-materials/2006/BioC2006/labs/sdurinck/	403	0			text/html		
https://bioconductor.org/help/course-materials/2006/BioC2006/labs/rgentleman/GSEA.pdf	403	0			text/html		
https://bioconductor.org/help/course-materials/2006/BioC2006/labs/rgentleman/required_pkgs.txt	403	0			text/html		
https://bioconductor.org/help/course-materials/2006/BioC2006/labs/rgentleman/rg-lab-reqs.R	403	0			text/html		
https://bioconductor.org/help/course-materials/2006/BioC2006/labs/rgentleman/GSEA.Rnw	403	0			text/html		
https://bioconductor.org/help/course-materials/2006/BioC2006/labs/sdurinck/BioC2006_biomaRt.pdf	403	0			text/html		
https://bioconductor.org/help/course-materials/2006/BioC2006/labs/vcarey2/semweb.pdf	403	0			text/html		
https://bioconductor.org/help/course-materials/2006/BioC2006/labs/vcarey1/allml06.zip	403	0			text/html		
https://bioconductor.org/help/course-materials/2006/BioC2006/labs/vcarey1/bcmlpack_0.0-0.tar.gz	403	0			text/html		
https://bioconductor.org/help/course-materials/2006/BioC2006/labs/vcarey2/	403	0			text/html		
https://bioconductor.org/help/course-materials/2006/BioC2006/labs/vcarey1/	403	0			text/html		
https://bioconductor.org/help/course-materials/2006/BioC2006/labs/vcarey2/semwebPat.pdf	403	0			text/html		
https://bioconductor.org/help/course-materials/2006/BioC2006/talks/awilliams/	403	0			text/html		
https://bioconductor.org/help/course-materials/2006/BioC2006/talks/awilliams/2006-08-03-BioConductor2006.ppt	403	0			text/html		
https://bioconductor.org/help/course-materials/2006/BioC2006/talks/rgentleman/GSEA06.pdf	403	0			text/html		
https://bioconductor.org/help/course-materials/2006/BioC2006/talks/hmalik/	403	0			text/html		
https://bioconductor.org/help/course-materials/2006/BioC2006/talks/lruzzo/	403	0			text/html		
https://bioconductor.org/help/course-materials/2006/BioC2006/talks/lruzzo/BioC2006-ruzzo.pdf	403	0			text/html		
https://bioconductor.org/help/course-materials/2006/BioC2006/talks/mtewari/	403	0			text/html		
https://bioconductor.org/help/course-materials/2006/BioC2006/talks/rgentleman/	403	0			text/html		
https://bioconductor.org/help/course-materials/2006/BioC2006/talks/jjohnson/	403	0			text/html		
https://bioconductor.org/help/course-materials/2006/BioC2006/talks/ririzarry/	403	0			text/html		
https://bioconductor.org/help/course-materials/2006/BioC2006/talks/ririzarry/bioc2006.pdf	403	0			text/html		
https://bioconductor.org/help/course-materials/2006/BioC2006/talks/slincoln/	403	0			text/html		
https://bioconductor.org/help/course-materials/2006/BioC2006/talks/trichmond/	403	0			text/html		
https://bioconductor.org/help/course-materials/2006/aucklandwksp/	403	0			text/html		
https://bioconductor.org/help/course-materials/2006/BioC2006/talks/vcarey/	403	0			text/html		
https://bioconductor.org/help/course-materials/2006/BioC2006/talks/vcarey/bcp.pdf	403	0			text/html		
https://bioconductor.org/help/course-materials/2006/BioC2006/talks/whuber/	403	0			text/html		
https://bioconductor.org/help/course-materials/2006/BioC2006/talks/trichmond/Richmond_BioC2006.pdf	403	0			text/html		
https://bioconductor.org/help/course-materials/2006/biocintro_april/	403	0			text/html		
https://bioconductor.org/help/course-materials/2006/biocintro_april/fri/	403	0			text/html		
https://bioconductor.org/help/course-materials/2006/biocintro_april/fri/MachineLearning.R	403	0			text/html		
https://bioconductor.org/help/course-materials/2006/biocintro_april/thurs/affy/PrepQC.pdf	403	0			text/html		
https://bioconductor.org/help/course-materials/2006/biocintro_april/links	403	0			text/html		
https://bioconductor.org/help/course-materials/2006/biocintro_april/thurs/	403	0			text/html		
https://bioconductor.org/help/course-materials/2006/biocintro_april/thurs/affy/	403	0			text/html		
https://bioconductor.org/help/course-materials/2006/biocintro_april/thurs/affy/Affy.R	403	0			text/html		
https://bioconductor.org/help/course-materials/2006/biocintro_april/fri/MachineLearning.pdf	403	0			text/html		
https://bioconductor.org/help/course-materials/2006/biocintro_april/thurs/twocolor/M2ColorsAnalysis.pdf	403	0			text/html		
https://bioconductor.org/help/course-materials/2006/biocintro_april/thurs/affy/estrogen.R	403	0			text/html		
https://bioconductor.org/help/course-materials/2006/biocintro_april/thurs/affy/estrogen.pdf	403	0			text/html		
https://bioconductor.org/help/course-materials/2006/biocintro_april/thurs/twocolor/	403	0			text/html		
https://bioconductor.org/help/course-materials/2006/biocintro_april/thurs/twocolor/M2ColorsAnalysis-Lab.pdf	403	0			text/html		
https://bioconductor.org/help/course-materials/2006/biocintro_april/thurs/affy/Affy.pdf	403	0			text/html		
https://bioconductor.org/help/course-materials/2006/biocintro_april/wed/bioc_intro_lab.R	403	0			text/html		
https://bioconductor.org/help/course-materials/2006/biocintro_april/thurs/twocolor/limma.R	403	0			text/html		
https://bioconductor.org/help/course-materials/2006/biocintro_april/wed/	403	0			text/html		
https://bioconductor.org/help/course-materials/2006/biocintro_april/wed/Bioc_Intro_Lab.pdf	403	0			text/html		
https://bioconductor.org/help/course-materials/2006/biocintro_oct/labs/Affy/	403	0			text/html		
https://bioconductor.org/help/course-materials/2006/biocintro_april/wed/R_intro_lecture.pdf	403	0			text/html		
https://bioconductor.org/help/course-materials/2006/biocintro_april/thurs/twocolor/TwoColorPre.R	403	0			text/html		
https://bioconductor.org/help/course-materials/2006/biocintro_oct/	403	0			text/html		
https://bioconductor.org/help/course-materials/2006/biocintro_april/wed/R_intro_lecture.R	403	0			text/html		
https://bioconductor.org/help/course-materials/2006/biocintro_oct/labs/Affy/AffyLab-lab.R	403	0			text/html		
https://bioconductor.org/help/course-materials/2006/biocintro_oct/labs/Affy/AffyLab-lab.pdf	403	0			text/html		
https://bioconductor.org/help/course-materials/2006/biocintro_oct/labs/Affy/AffyLab-solved.R	403	0			text/html		
https://bioconductor.org/help/course-materials/2006/biocintro_oct/labs/Affy/AffyLab-solved.pdf	403	0			text/html		
https://bioconductor.org/help/course-materials/2006/biocintro_oct/labs/Annotation/LabAnnotate.R	403	0			text/html		
https://bioconductor.org/help/course-materials/2006/biocintro_oct/labs/Annotation/	403	0			text/html		
https://bioconductor.org/help/course-materials/2006/biocintro_oct/labs/BasicR/basicr.pdf	403	0			text/html		
https://bioconductor.org/help/course-materials/2006/biocintro_oct/labs/Annotation/LabAnnotate.pdf	403	0			text/html		
https://bioconductor.org/help/course-materials/2006/biocintro_oct/labs/BasicR/	403	0			text/html		
https://bioconductor.org/help/course-materials/2006/biocintro_oct/labs/BasicR/basicr.R	403	0			text/html		
https://bioconductor.org/help/course-materials/2006/biocintro_oct/labs/ExpressionSet/	403	0			text/html		
https://bioconductor.org/help/course-materials/2006/biocintro_oct/labs/Affy/PrepQC.pdf	403	0			text/html		
https://bioconductor.org/help/course-materials/2006/biocintro_oct/labs/ExpressionSet/ExpressionSetIntro-lab.R	403	0			text/html		
https://bioconductor.org/help/course-materials/2006/biocintro_oct/labs/ExpressionSet/ALL-varMeta.txt	403	0			text/html		
https://bioconductor.org/help/course-materials/2006/biocintro_oct/labs/ExpressionSet/ALLmat.rda	403	0			text/html		
https://bioconductor.org/help/course-materials/2006/biocintro_oct/labs/ExpressionSet/ExpressionSetIntro-solved.pdf	403	0			text/html		
https://bioconductor.org/help/course-materials/2006/biocintro_oct/labs/ExpressionSet/ExpressionSetIntro-lab.pdf	403	0			text/html		
https://bioconductor.org/help/course-materials/2006/biocintro_oct/labs/ExpressionSet/ExpressionSetIntro-solved.R	403	0			text/html		
https://bioconductor.org/help/course-materials/2006/biocintro_oct/labs/ExpressionSet/ALL-sample-info.txt	403	0			text/html		
https://bioconductor.org/help/course-materials/2006/biocintro_oct/labs/GSEA/	403	0			text/html		
https://bioconductor.org/help/course-materials/2006/biocintro_oct/labs/GSEA/GSEA.R	403	0			text/html		
https://bioconductor.org/help/course-materials/2006/biocintro_oct/labs/GSEA/GSEA.Rnw	403	0			text/html		
https://bioconductor.org/help/course-materials/2006/biocintro_oct/labs/GSEA/GSEA.pdf	403	0			text/html		
https://bioconductor.org/help/course-materials/2006/biocintro_oct/labs/MachineLearning/	403	0			text/html		
https://bioconductor.org/help/course-materials/2006/biocintro_oct/labs/cDNA/	403	0			text/html		
https://bioconductor.org/help/course-materials/2006/biocintro_oct/labs/MachineLearning/ML-lab.pdf	403	0			text/html		
https://bioconductor.org/help/course-materials/2006/biocintro_oct/labs/MachineLearning/ML-solved.pdf	403	0			text/html		
https://bioconductor.org/help/course-materials/2006/biocintro_oct/labs/MachineLearning/ML-solved.R	403	0			text/html		
https://bioconductor.org/help/course-materials/2006/biocintro_oct/labs/MachineLearning/ML-lab.R	403	0			text/html		
https://bioconductor.org/help/course-materials/2006/biocintro_oct/labs/cDNA/M2ColorsAnalysisOct06-Lab.pdf	403	0			text/html		
https://bioconductor.org/help/course-materials/2006/biocintro_oct/labs/cDNA/M2ColorsAnalysisOct06-Lab.R	403	0			text/html		
https://bioconductor.org/help/course-materials/2006/biocintro_oct/labs/easyDE/	403	0			text/html		
https://bioconductor.org/help/course-materials/2006/biocintro_oct/labs/easyDE/easyDE.R	403	0			text/html		
https://bioconductor.org/help/course-materials/2006/biocintro_oct/lectures/GSEA06.pdf	403	0			text/html		
https://bioconductor.org/help/course-materials/2006/biocintro_oct/labs/easyDE/easyDE.pdf	403	0			text/html		
https://bioconductor.org/help/course-materials/2006/biocintro_oct/lectures/Affy.pdf	403	0			text/html		
https://bioconductor.org/help/course-materials/2006/rforbioinformatics/	403	0			text/html		
https://bioconductor.org/help/course-materials/2006/biocintro_oct/lectures/M2ColorsAnalysis-Oct06.pdf	403	0			text/html		
https://bioconductor.org/help/course-materials/2006/biocintro_oct/lectures/MachineLearning.pdf	403	0			text/html		
https://bioconductor.org/help/course-materials/2006/rforbioinformatics/labs/fri/OOP.R	403	0			text/html		
https://bioconductor.org/help/course-materials/2006/biocintro_oct/lectures/DifferentialGenes.pdf	403	0			text/html		
https://bioconductor.org/help/course-materials/2006/rforbioinformatics/labs/fri/	403	0			text/html		
https://bioconductor.org/help/course-materials/2006/biocintro_oct/lectures/R_intro.pdf	403	0			text/html		
https://bioconductor.org/help/course-materials/2006/rforbioinformatics/labs/fri/example_C_code.tar.gz	403	0			text/html		
https://bioconductor.org/help/course-materials/2006/rforbioinformatics/labs/fri/simplePVect.c	403	0			text/html		
https://bioconductor.org/help/course-materials/2006/rforbioinformatics/labs/fri/simpleRand.c	403	0			text/html		
https://bioconductor.org/help/course-materials/2006/rforbioinformatics/labs/thurs/	403	0			text/html		
https://bioconductor.org/help/course-materials/2006/rforbioinformatics/labs/thurs/AnnotationPkg2Db.R	403	0			text/html		
https://bioconductor.org/help/course-materials/2006/rforbioinformatics/labs/thurs/AnnotationPkg2Db.pdf	403	0			text/html		
https://bioconductor.org/help/course-materials/2006/rforbioinformatics/labs/thurs/DBI-howto.pdf	403	0			text/html		
https://bioconductor.org/help/course-materials/2006/rforbioinformatics/labs/thurs/DBI-howto.R	403	0			text/html		
https://bioconductor.org/help/course-materials/2006/rforbioinformatics/labs/thurs/SQLite-R-howto.pdf	403	0			text/html		
https://bioconductor.org/help/course-materials/2006/rforbioinformatics/labs/thurs/RPackages-lab.R	403	0			text/html		
https://bioconductor.org/help/course-materials/2006/rforbioinformatics/labs/thurs/RPackages-lab.pdf	403	0			text/html		
https://bioconductor.org/help/course-materials/2006/rforbioinformatics/labs/thurs/DNAhelperseth.tar.gz	403	0			text/html		
https://bioconductor.org/help/course-materials/2006/rforbioinformatics/labs/thurs/affy-annotation-schema.sql	403	0			text/html		
https://bioconductor.org/help/course-materials/2006/rforbioinformatics/labs/thurs/hgu95av2-sqlite.zip	403	0			text/html		
https://bioconductor.org/help/course-materials/2006/rforbioinformatics/labs/thurs/hgu95av2-text.zip	403	0			text/html		
https://bioconductor.org/help/course-materials/2006/rforbioinformatics/labs/wed/Lab1.pdf	403	0			text/html		
https://bioconductor.org/help/course-materials/2006/rforbioinformatics/labs/wed/Lab1.R	403	0			text/html		
https://bioconductor.org/help/course-materials/2007/BioC2007/labs/	403	0			text/html		
https://bioconductor.org/help/course-materials/2006/rforbioinformatics/labs/wed/Rdebug.R	403	0			text/html		
https://bioconductor.org/help/course-materials/2006/rforbioinformatics/labs/wed/Rlang.R	403	0			text/html		
https://bioconductor.org/help/course-materials/2007/BioC2007/	403	0			text/html		
https://bioconductor.org/help/course-materials/2006/rforbioinformatics/labs/wed/	403	0			text/html		
https://bioconductor.org/help/course-materials/2007/BioC2007/labs/affycoretools/	403	0			text/html		
https://bioconductor.org/help/course-materials/2007/BioC2007/labs/affycoretools/BioC2007_MacDonald.Rnw	403	0			text/html		
https://bioconductor.org/help/course-materials/2007/BioC2007/labs/affycoretools/BioC2007_MacDonald.bib	403	0			text/html		
https://bioconductor.org/help/course-materials/2007/BioC2007/labs/affycoretools/BioC2007_MacDonald_lab.pdf	403	0			text/html		
https://bioconductor.org/help/course-materials/2007/BioC2007/labs/affycoretools/BioC2007_MacDonald_lab.R	403	0			text/html		
https://bioconductor.org/help/course-materials/2007/BioC2007/labs/affycoretools/BioC2007_MacDonald_presentation.pdf	403	0			text/html		
https://bioconductor.org/help/course-materials/2007/BioC2007/labs/aqm/	403	0			text/html		
https://bioconductor.org/help/course-materials/2007/BioC2007/labs/aroma/BengtssonH_20070807-BioC2007cutnpaste.R	403	0			text/html		
https://bioconductor.org/help/course-materials/2007/BioC2007/labs/aqm/BioC2006_aQM_withSolutions.pdf	403	0			text/html		
https://bioconductor.org/help/course-materials/2007/BioC2007/labs/aroma/	403	0			text/html		
https://bioconductor.org/help/course-materials/2007/BioC2007/labs/beadarray/	403	0			text/html		
https://bioconductor.org/help/course-materials/2007/BioC2007/labs/aroma/BengtssonH_20070807-BioC2007lab.pdf	403	0			text/html		
https://bioconductor.org/help/course-materials/2007/BioC2007/labs/aroma/BengtssonH_20070807-BioC2007sup.pdf	403	0			text/html		
https://bioconductor.org/help/course-materials/2007/BioC2007/labs/aqm/BioC2006_aQM.R	403	0			text/html		
https://bioconductor.org/help/course-materials/2007/BioC2007/labs/beadarray/BioC2007_beadarray_slides.pdf	403	0			text/html		
https://bioconductor.org/help/course-materials/2007/BioC2007/labs/beadarray/beadarrayBioc07.R	403	0			text/html		
https://bioconductor.org/help/course-materials/2007/BioC2007/labs/biomart/	403	0			text/html		
https://bioconductor.org/help/course-materials/2007/BioC2007/labs/beadarray/beadarrayBioc07.pdf	403	0			text/html		
https://bioconductor.org/help/course-materials/2007/BioC2007/labs/biostrings/ABSTRACT.TXT	403	0			text/html		
https://bioconductor.org/help/course-materials/2007/BioC2007/labs/biostrings/	403	0			text/html		
https://bioconductor.org/help/course-materials/2007/BioC2007/labs/biomart/BioC2007-biomaRt.pdf	403	0			text/html		
https://bioconductor.org/help/course-materials/2007/BioC2007/labs/biostrings/Biostrings-lab-2007-ex.R	403	0			text/html		
https://bioconductor.org/help/course-materials/2007/BioC2007/labs/biostrings/ann.Dmelanogaster.FlyBase.r51_0.2.0.tgz	403	0			text/html		
https://bioconductor.org/help/course-materials/2007/BioC2007/labs/biostrings/Biostrings-lab-2007.pdf	403	0			text/html		
https://bioconductor.org/help/course-materials/2007/BioC2007/labs/biostrings/ann.Dmelanogaster.FlyBase.r51_0.2.0.tar.gz	403	0			text/html		
https://bioconductor.org/help/course-materials/2007/BioC2007/labs/biostrings/Biostrings-lab-2007.Rnw	403	0			text/html		
https://bioconductor.org/help/course-materials/2007/BioC2007/labs/biostrings/ann.Dmelanogaster.FlyBase.r51_0.2.0.zip	403	0			text/html		
https://bioconductor.org/help/course-materials/2007/BioC2007/labs/biostrings/plate1_probes.txt	403	0			text/html		
https://bioconductor.org/help/course-materials/2007/BioC2007/labs/distr/	403	0			text/html		
https://bioconductor.org/help/course-materials/2007/BioC2007/labs/de-ma/	403	0			text/html		
https://bioconductor.org/help/course-materials/2007/BioC2007/labs/de-ma/BioC2007_limma_html.zip	403	0			text/html		
https://bioconductor.org/help/course-materials/2007/BioC2007/labs/flowcore1/	403	0			text/html		
https://bioconductor.org/help/course-materials/2007/BioC2007/labs/distr/BioC2007-distR.pdf	403	0			text/html		
https://bioconductor.org/help/course-materials/2007/BioC2007/labs/ebimage/	403	0			text/html		
https://bioconductor.org/help/course-materials/2007/BioC2007/labs/ebimage/BioC2007-EBImage.pdf	403	0			text/html		
https://bioconductor.org/help/course-materials/2007/BioC2007/labs/gaggle/BioC2007_gaggle.pdf	403	0			text/html		
https://bioconductor.org/help/course-materials/2007/BioC2007/labs/flowcore1/flowBasics-solved.pdf	403	0			text/html		
https://bioconductor.org/help/course-materials/2007/BioC2007/labs/flowcore1/flowBasics-talk.pdf	403	0			text/html		
https://bioconductor.org/help/course-materials/2007/BioC2007/labs/flowcore1/flowBasics.R	403	0			text/html		
https://bioconductor.org/help/course-materials/2007/BioC2007/labs/gaggle/	403	0			text/html		
https://bioconductor.org/help/course-materials/2007/BioC2007/labs/gaggle/BioC2007_cribsheet.R	403	0			text/html		
https://bioconductor.org/help/course-materials/2007/BioC2007/labs/de-ma/BioC2007_limma.pdf	403	0			text/html		
https://bioconductor.org/help/course-materials/2007/BioC2007/labs/ml/BioC2007_MLprac_Lab.pdf	403	0			text/html		
https://bioconductor.org/help/course-materials/2007/BioC2007/labs/ml/	403	0			text/html		
https://bioconductor.org/help/course-materials/2007/BioC2007/labs/lumi/Bioc2007-lumi-Lab.R	403	0			text/html		
https://bioconductor.org/help/course-materials/2007/BioC2007/labs/lumi/Bioc2007-lumi-Lab.pdf	403	0			text/html		
https://bioconductor.org/help/course-materials/2007/BioC2007/labs/lumi/Bioc2007_lumi_slides.pdf	403	0			text/html		
https://bioconductor.org/help/course-materials/2007/BioC2007/labs/lumi/	403	0			text/html		
https://bioconductor.org/help/course-materials/2007/BioC2007/labs/gaggle/matrix.tsv	403	0			text/html		
https://bioconductor.org/help/course-materials/2007/BioC2007/labs/oligo/	403	0			text/html		
https://bioconductor.org/help/course-materials/2007/BioC2007/talks/BioC2007_Huber.pdf	403	0			text/html		
https://bioconductor.org/help/course-materials/2007/BioC2007/labs/oligo/BioC2007-oligo.pdf	403	0			text/html		
https://bioconductor.org/help/course-materials/2007/BioC2007/labs/rwebservices/	403	0			text/html		
https://bioconductor.org/help/course-materials/2007/BioC2007/labs/rwebservices/RWebServices.pdf	403	0			text/html		
https://bioconductor.org/help/course-materials/2007/BioC2007/talks/	403	0			text/html		
https://bioconductor.org/help/course-materials/2007/bioc_copenhagen/	403	0			text/html		
https://bioconductor.org/help/course-materials/2007/biocadv/	403	0			text/html		
https://bioconductor.org/help/course-materials/2007/BioC2007/talks/BioC2007_Irizarry.pdf	403	0			text/html		
https://bioconductor.org/help/course-materials/2007/biocadv/Labs/AffyQuality/	403	0			text/html		
https://bioconductor.org/help/course-materials/2007/advrbioc/	403	0			text/html		
https://bioconductor.org/help/course-materials/2007/biocadv/Labs/AffyQuality/AffyQuality.R	403	0			text/html		
https://bioconductor.org/help/course-materials/2007/BioC2007/talks/BioC2007_Carey.pdf	403	0			text/html		
https://bioconductor.org/help/course-materials/2007/biocadv/Labs/AffyQuality/AffyQuality.pdf	403	0			text/html		
https://bioconductor.org/help/course-materials/2007/BioC2007/labs/oligo/BioC2007-oligo.R	403	0			text/html		
https://bioconductor.org/help/course-materials/2007/biocadv/Labs/ComplexAnalysis/ComplexAnalysisLab.pdf	403	0			text/html		
https://bioconductor.org/help/course-materials/2007/biocadv/Labs/GOstats/GOstats.R	403	0			text/html		
https://bioconductor.org/help/course-materials/2007/biocadv/Labs/GOstats/	403	0			text/html		
https://bioconductor.org/help/course-materials/2007/biocadv/Labs/AffyQuality/Dilution.pdf	403	0			text/html		
https://bioconductor.org/help/course-materials/2007/biocadv/Labs/GSEA/GSEA-lab.pdf	403	0			text/html		
https://bioconductor.org/help/course-materials/2007/biocadv/Labs/GOstats/ALL_hgo/	403	0			text/html		
https://bioconductor.org/help/course-materials/2007/biocadv/Labs/GSEA/	403	0			text/html		
https://bioconductor.org/help/course-materials/2007/biocadv/Labs/ComplexAnalysis/	403	0			text/html		
https://bioconductor.org/help/course-materials/2007/biocadv/Labs/M2colors/M2colorsQAQC-Lab.R	403	0			text/html		
https://bioconductor.org/help/course-materials/2007/biocadv/Labs/ComplexAnalysis/ComplexAnalysisLab.R	403	0			text/html		
https://bioconductor.org/help/course-materials/2007/biocadv/Labs/GSEA/GSEA.pdf	403	0			text/html		
https://bioconductor.org/help/course-materials/2007/biocadv/Labs/Synthesis/	403	0			text/html		
https://bioconductor.org/help/course-materials/2007/biocadv/Labs/GSEA/GSEA.R	403	0			text/html		
https://bioconductor.org/help/course-materials/2007/biocadv/Labs/M2colors/	403	0			text/html		
https://bioconductor.org/help/course-materials/2007/biocadv/Lectures/AffyQuality/	403	0			text/html		
https://bioconductor.org/help/course-materials/2007/biocadv/Labs/Synthesis/ER.estimates.RData	403	0			text/html		
https://bioconductor.org/help/course-materials/2007/biocadv/Labs/Synthesis/synthesis.R	403	0			text/html		
https://bioconductor.org/help/course-materials/2007/biocadv/Labs/Synthesis/synthesis.Rnw	403	0			text/html		
https://bioconductor.org/help/course-materials/2007/biocadv/Labs/Synthesis/synthesis.pdf	403	0			text/html		
https://bioconductor.org/help/course-materials/2007/biocadv/Labs/M2colors/M2ColorsQAQC-Lab-Jan2007.pdf	403	0			text/html		
https://bioconductor.org/help/course-materials/2007/biocadv/Lectures/ComplexAnalysis/	403	0			text/html		
https://bioconductor.org/help/course-materials/2007/biocadv/Lectures/ComplexAnalysis/ComplexAnalysisLecture.R	403	0			text/html		
https://bioconductor.org/help/course-materials/2007/biocadv/Lectures/ComplexAnalysis/ComplexAnalysisLecture.pdf	403	0			text/html		
https://bioconductor.org/help/course-materials/2007/biocadv/Lectures/GOstats/	403	0			text/html		
https://bioconductor.org/help/course-materials/2007/biocadv/Lectures/GOstats/images/GOMF-ex.jpg	403	0			text/html		
https://bioconductor.org/help/course-materials/2007/biocadv/Lectures/GOstats/images/empty.jpg	403	0			text/html		
https://bioconductor.org/help/course-materials/2007/biocadv/Lectures/GOstats/images/filter1.jpg	403	0			text/html		
https://bioconductor.org/help/course-materials/2007/biocadv/Lectures/GOstats/images/full1.jpg	403	0			text/html		
https://bioconductor.org/help/course-materials/2007/biocadv/Lectures/GOstats/images/full2.jpg	403	0			text/html		
https://bioconductor.org/help/course-materials/2007/biocadv/Lectures/GOstats/images/full3.jpg	403	0			text/html		
https://bioconductor.org/help/course-materials/2007/biocadv/Lectures/GOstats/images/galaxy1.jpg	403	0			text/html		
https://bioconductor.org/help/course-materials/2007/biocadv/Lectures/GSEA/	403	0			text/html		
https://bioconductor.org/help/course-materials/2007/biocadv/Lectures/GOstats/images/scientist.gif	403	0			text/html		
https://bioconductor.org/help/course-materials/2007/biocadv/Lectures/GSEA/GSEA06.pdf	403	0			text/html		
https://bioconductor.org/help/course-materials/2007/biocadv/Lectures/M2Color/	403	0			text/html		
https://bioconductor.org/help/course-materials/2007/biocadv/Lectures/GOstats/images/pval_vs_size.png	403	0			text/html		
https://bioconductor.org/help/course-materials/2007/biocadv/Lectures/GOstats/images/urn1.jpg	403	0			text/html		
https://bioconductor.org/help/course-materials/2007/biocadv/Lectures/M2Color/M2ColorsQAQC-Jan07.pdf	403	0			text/html		
https://bioconductor.org/help/course-materials/2007/biocdevmeeting/	403	0			text/html		
https://bioconductor.org/help/course-materials/2007/chicago2007/	403	0			text/html		
https://bioconductor.org/help/course-materials/2007/seattle_bioc_intro_nov_07/affy_a_to_z/AffymetrixAtoZ_solutions.pdf	403	0			text/html		
https://bioconductor.org/help/course-materials/2007/seattle_bioc_intro_nov_07/affy_a_to_z/	403	0			text/html		
https://bioconductor.org/help/course-materials/2007/seattle_bioc_intro_nov_07/affy_a_to_z/AffymetrixAtoZ.R	403	0			text/html		
https://bioconductor.org/help/course-materials/2007/seattle_bioc_intro_nov_07/	403	0			text/html		
https://bioconductor.org/help/course-materials/2007/seattle_bioc_intro_nov_07/affy_a_to_z/affyNov07.pdf	403	0			text/html		
https://bioconductor.org/help/course-materials/2007/seattle_bioc_intro_nov_07/easy_de/DiffExpr.pdf	403	0			text/html		
https://bioconductor.org/help/course-materials/2007/seattle_bioc_intro_nov_07/differential_expression/DE.R	403	0			text/html		
https://bioconductor.org/help/course-materials/2007/seattle_bioc_intro_nov_07/easy_de/	403	0			text/html		
https://bioconductor.org/help/course-materials/2007/seattle_bioc_intro_nov_07/differential_expression/DE_solutions.pdf	403	0			text/html		
https://bioconductor.org/help/course-materials/2007/seattle_bioc_intro_nov_07/differential_expression/	403	0			text/html		
https://bioconductor.org/help/course-materials/2007/seattle_bioc_intro_nov_07/gsea/Category.R	403	0			text/html		
https://bioconductor.org/help/course-materials/2007/seattle_bioc_intro_nov_07/easy_de/roc_lecture.pdf	403	0			text/html		
https://bioconductor.org/help/course-materials/2007/seattle_bioc_intro_nov_07/easy_de/easyDE_solutions.pdf	403	0			text/html		
https://bioconductor.org/help/course-materials/2007/seattle_bioc_intro_nov_07/gsea/	403	0			text/html		
https://bioconductor.org/help/course-materials/2007/seattle_bioc_intro_nov_07/easy_de/easyDE.R	403	0			text/html		
https://bioconductor.org/help/course-materials/2007/seattle_bioc_intro_nov_07/gsea/Category_solutions.pdf	403	0			text/html		
https://bioconductor.org/help/course-materials/2007/seattle_bioc_intro_nov_07/gsea/GSEA_Lecture.R	403	0			text/html		
https://bioconductor.org/help/course-materials/2007/seattle_bioc_intro_nov_07/gsea/GSEA_Lecture.pdf	403	0			text/html		
https://bioconductor.org/help/course-materials/2007/seattle_bioc_intro_nov_07/intro_lab/	403	0			text/html		
https://bioconductor.org/help/course-materials/2007/seattle_bioc_intro_nov_07/intro_lab/R_bioc_intro.R	403	0			text/html		
https://bioconductor.org/help/course-materials/2007/seattle_bioc_intro_nov_07/machine_learning/ML1.R	403	0			text/html		
https://bioconductor.org/help/course-materials/2007/seattle_bioc_intro_nov_07/intro_lab/R_bioc_intro_solutions.pdf	403	0			text/html		
https://bioconductor.org/help/course-materials/2007/seattle_bioc_intro_nov_07/machine_learning/	403	0			text/html		
https://bioconductor.org/help/course-materials/2007/seattle_bioc_intro_nov_07/machine_learning/MachineLearning2007.pdf	403	0			text/html		
https://bioconductor.org/help/course-materials/2007/seattle_bioc_intro_nov_07/machine_learning/ML1_solutions.pdf	403	0			text/html		
https://bioconductor.org/help/course-materials/2007/seattle_bioc_intro_nov_07/twocolor/	403	0			text/html		
https://bioconductor.org/help/course-materials/2007/seattle_bioc_intro_nov_07/intro_lab/R_intro_easy.pdf	403	0			text/html		
https://bioconductor.org/help/course-materials/2007/seattle_bioc_intro_nov_07/machine_learning/ML2_solutions.pdf	403	0			text/html		
https://bioconductor.org/help/course-materials/2007/seattle_bioc_intro_nov_07/machine_learning/ML2.R	403	0			text/html		
https://bioconductor.org/help/course-materials/2007/seattle_bioc_intro_nov_07/twocolor/TwocolorNov07.pdf	403	0			text/html		
https://bioconductor.org/help/course-materials/2007/seattle_bioc_intro_nov_07/twocolor/twocolor.R	403	0			text/html		
https://bioconductor.org/help/course-materials/2007/seattle_bioc_intro_nov_07/twocolor/twocolor_solutions.pdf	403	0			text/html		
https://bioconductor.org/help/course-materials/2008/BioC2008/labs/	403	0			text/html		
https://bioconductor.org/help/course-materials/2008/BioC2008/labs/PairwiseSequenceAlignments/	403	0			text/html		
https://bioconductor.org/help/course-materials/2008/BioC2008/labs/GSEA/	403	0			text/html		
https://bioconductor.org/help/course-materials/2008/BioC2008/labs/GSEA/Category.R	403	0			text/html		
https://bioconductor.org/help/course-materials/2008/BioC2008/labs/ShortRead/	403	0			text/html		
https://bioconductor.org/help/course-materials/2008/BioC2008/labs/GSEA/GSEA07.pdf	403	0			text/html		
https://bioconductor.org/help/course-materials/2008/BioC2008/	403	0			text/html		
https://bioconductor.org/help/course-materials/2008/BioC2008/labs/annpacks/annPacksAnswers.pdf	403	0			text/html		
https://bioconductor.org/help/course-materials/2008/BioC2008/labs/GSEA/Category_solutions.pdf	403	0			text/html		
https://bioconductor.org/help/course-materials/2008/BioC2008/labs/ShortRead/Overview.pdf	403	0			text/html		
https://bioconductor.org/help/course-materials/2008/BioC2008/labs/ShortRead/ShortRead_lab.pdf	403	0			text/html		
https://bioconductor.org/help/course-materials/2008/BioC2008/labs/annpacks/	403	0			text/html		
https://bioconductor.org/help/course-materials/2008/BioC2008/labs/annpacks/annPacks.pdf	403	0			text/html		
https://bioconductor.org/help/course-materials/2008/BioC2008/labs/annpres/annotation.R	403	0			text/html		
https://bioconductor.org/help/course-materials/2008/BioC2008/labs/annpres/	403	0			text/html		
https://bioconductor.org/help/course-materials/2008/BioC2008/labs/biostrings/ABSTRACT.TXT	403	0			text/html		
https://bioconductor.org/help/course-materials/2008/BioC2008/labs/annpres/annotation.pdf	403	0			text/html		
https://bioconductor.org/help/course-materials/2008/BioC2008/labs/arrayQA/	403	0			text/html		
https://bioconductor.org/help/course-materials/2008/BioC2008/labs/arrayQA/qaMetrics.R	403	0			text/html		
https://bioconductor.org/help/course-materials/2008/BioC2008/labs/arrayQA/qaMetrics.pdf	403	0			text/html		
https://bioconductor.org/help/course-materials/2008/BioC2008/labs/PairwiseSequenceAlignments/Alignments.pdf	403	0			text/html		
https://bioconductor.org/help/course-materials/2008/BioC2008/labs/biostrings/	403	0			text/html		
https://bioconductor.org/help/course-materials/2008/BioC2008/labs/biostrings/Biostrings-lab-2008-solutions.R	403	0			text/html		
https://bioconductor.org/help/course-materials/2008/BioC2008/labs/biostrings/Biostrings-lab-2008.Rnw	403	0			text/html		
https://bioconductor.org/help/course-materials/2008/BioC2008/labs/biostrings/Biostrings-lab-2008.pdf	403	0			text/html		
https://bioconductor.org/help/course-materials/2008/BioC2008/labs/exonmap/exonmap.R	403	0			text/html		
https://bioconductor.org/help/course-materials/2008/BioC2008/labs/exonmap/	403	0			text/html		
https://bioconductor.org/help/course-materials/2008/BioC2008/labs/exonmap/exonmapHandouts.pdf	403	0			text/html		
https://bioconductor.org/help/course-materials/2008/BioC2008/labs/flowCore/flowBasicsSolutions.pdf	403	0			text/html		
https://bioconductor.org/help/course-materials/2008/BioC2008/labs/flowCore/	403	0			text/html		
https://bioconductor.org/help/course-materials/2008/BioC2008/labs/lattice/	403	0			text/html		
https://bioconductor.org/help/course-materials/2008/BioC2008/labs/lattice/latticeLab.pdf	403	0			text/html		
https://bioconductor.org/help/course-materials/2008/BioC2008/labs/limma/	403	0			text/html		
https://bioconductor.org/help/course-materials/2008/BioC2008/labs/limma/file.2008-08-25.1313337901	403	0			text/html		
https://bioconductor.org/help/course-materials/2008/BioC2008/labs/ml/	403	0			text/html		
https://bioconductor.org/help/course-materials/2008/BioC2008/labs/limma/limma.pdf	403	0			text/html		
https://bioconductor.org/help/course-materials/2008/BioC2008/labs/ml/ML1.pdf	403	0			text/html		
https://bioconductor.org/help/course-materials/2008/BioC2008/labs/ml/ML2.pdf	403	0			text/html		
https://bioconductor.org/help/course-materials/2008/BioC2008/labs/rtracklayer/	403	0			text/html		
https://bioconductor.org/help/course-materials/2008/BioC2008/talks/chipseq/BioC2008ChipSeq.pdf	403	0			text/html		
https://bioconductor.org/help/course-materials/2008/BioC2008/talks/	403	0			text/html		
https://bioconductor.org/help/course-materials/2008/BioC2008/talks/barcode/	403	0			text/html		
https://bioconductor.org/help/course-materials/2008/BioC2008/talks/barcode/bioc2008.pdf	403	0			text/html		
https://bioconductor.org/help/course-materials/2008/BioC2008/talks/chipseq/	403	0			text/html		
https://bioconductor.org/help/course-materials/2008/BioC2008/talks/crossover/	403	0			text/html		
https://bioconductor.org/help/course-materials/2008/BioC2008/labs/rtracklayer/rtracklayer.pdf	403	0			text/html		
https://bioconductor.org/help/course-materials/2008/BioC2008/talks/crossover/crossover_bioc2008.pdf	403	0			text/html		
https://bioconductor.org/help/course-materials/2008/MGED08/BiostringsMGED2008.pdf	403	0			text/html		
https://bioconductor.org/help/course-materials/2008/PHSIntro/IntroRLecture.R	403	0			text/html		
https://bioconductor.org/help/course-materials/2008/PHSIntro/	403	0			text/html		
https://bioconductor.org/help/course-materials/2008/PHSIntro/IntroRLecture.pdf	403	0			text/html		
https://bioconductor.org/help/course-materials/2008/PHSIntro/extdata/	403	0			text/html		
https://bioconductor.org/help/course-materials/2008/PHSIntro/extdata/weights-table.txt	403	0			text/html		
https://bioconductor.org/help/course-materials/2008/PHSIntro/extdata/weights.csv	403	0			text/html		
https://bioconductor.org/help/course-materials/2008/PHSIntro/latticeLab.pdf	403	0			text/html		
https://bioconductor.org/help/course-materials/2008/PHSIntro/lme4Intro-handout-6.pdf	403	0			text/html		
https://bioconductor.org/help/course-materials/2008/SeattleNov08/Annotations/	403	0			text/html		
https://bioconductor.org/help/course-materials/2008/SeattleNov08/BiostringsBasics/BiostringsLab-Nov2008.R	403	0			text/html		
https://bioconductor.org/help/course-materials/2008/SeattleNov08/	403	0			text/html		
https://bioconductor.org/help/course-materials/2008/SeattleNov08/Annotations/annot_seq.R	403	0			text/html		
https://bioconductor.org/help/course-materials/2008/SeattleNov08/ChIP-seq/workflow.R	403	0			text/html		
https://bioconductor.org/help/course-materials/2008/SeattleNov08/BiostringsBasics/	403	0			text/html		
https://bioconductor.org/help/course-materials/2008/SeattleNov08/BiostringsBasics/BiostringsLab-Nov2008.pdf	403	0			text/html		
https://bioconductor.org/help/course-materials/2008/PHSIntro/lme4Lab.pdf	403	0			text/html		
https://bioconductor.org/help/course-materials/2008/SeattleNov08/BiostringsBasics/BiostringsBSgenomeIRangesTour.pdf	403	0			text/html		
https://bioconductor.org/help/course-materials/2008/SeattleNov08/IO_QA/	403	0			text/html		
https://bioconductor.org/help/course-materials/2008/SeattleNov08/Annotations/annot_seq.pdf	403	0			text/html		
https://bioconductor.org/help/course-materials/2008/SeattleNov08/ChIP-seq/workflow.pdf	403	0			text/html		
https://bioconductor.org/help/course-materials/2008/SeattleNov08/ChIP-seq/	403	0			text/html		
https://bioconductor.org/help/course-materials/2008/SeattleNov08/IO_QA/IOQA.R	403	0			text/html		
https://bioconductor.org/help/course-materials/2008/SeattleNov08/IO_QA/IOQA.pdf	403	0			text/html		
https://bioconductor.org/help/course-materials/2008/SeattleNov08/IO_QA/qa_080828_081110.pdf	403	0			text/html		
https://bioconductor.org/help/course-materials/2008/SeattleNov08/IO_QA/qa_solexa.R	403	0			text/html		
https://bioconductor.org/help/course-materials/2008/SeattleNov08/MatchAlign/	403	0			text/html		
https://bioconductor.org/help/course-materials/2008/SeattleNov08/MatchAlign/MatchAlign.R	403	0			text/html		
https://bioconductor.org/help/course-materials/2008/SeattleNov08/MotifFinding/	403	0			text/html		
https://bioconductor.org/help/course-materials/2008/SeattleNov08/MotifFinding/motifs.pdf	403	0			text/html		
https://bioconductor.org/help/course-materials/2008/SeattleNov08/MatchAlign/MatchAlign.pdf	403	0			text/html		
https://bioconductor.org/help/course-materials/2008/SeattleNov08/Overview/	403	0			text/html		
https://bioconductor.org/help/course-materials/2008/SeattleNov08/Overview/BiocSeqWorkshop.pdf	403	0			text/html		
https://bioconductor.org/help/course-materials/2008/SeattleNov08/RNASeq/	403	0			text/html		
https://bioconductor.org/help/course-materials/2008/SeattleNov08/RNASeq/BioCChipSeq_RNASeq_14nov2008.pdf	403	0			text/html		
https://bioconductor.org/help/course-materials/2008/advanced_R/BiostringsLab-Feb-2008/BiostringsLab-Feb-2008.pdf	403	0			text/html		
https://bioconductor.org/help/course-materials/2008/advanced_R/BiostringsLab-Feb-2008/original/	403	0			text/html		
https://bioconductor.org/help/course-materials/2008/advanced_R/	403	0			text/html		
https://bioconductor.org/help/course-materials/2008/SeattleNov08/rtracklayer/rtracklayer.pdf	403	0			text/html		
https://bioconductor.org/help/course-materials/2008/advanced_R/BiostringsLab-Feb-2008/	403	0			text/html		
https://bioconductor.org/help/course-materials/2008/SeattleNov08/rtracklayer/	403	0			text/html		
https://bioconductor.org/help/course-materials/2008/SeattleNov08/rtracklayer/rtracklayer.R	403	0			text/html		
https://bioconductor.org/help/course-materials/2008/advanced_R/BiostringsLab-Feb-2008/BiostringsLab-Feb-2008.Rnw	403	0			text/html		
https://bioconductor.org/help/course-materials/2008/advanced_R/BiostringsLab-Feb-2008/original/BiostringsLab-Feb-2008.Rnw	403	0			text/html		
https://bioconductor.org/help/course-materials/2008/advanced_R/Capi_Lecture.pdf	403	0			text/html		
https://bioconductor.org/help/course-materials/2008/advanced_R/BiostringsLab-Feb-2008/original/simpleMatchPWM.stub_0.0.1.tar.gz	403	0			text/html		
https://bioconductor.org/help/course-materials/2008/advanced_R/BiostringsLab-Feb-2008/simpleMatchPWM_0.99.1.tar.gz	403	0			text/html		
https://bioconductor.org/help/course-materials/2008/advanced_R/BiostringsLab-Feb-2008/simpleMatchPWM.stub_0.0.2.tar.gz	403	0			text/html		
https://bioconductor.org/help/course-materials/2008/advanced_R/BiostringsLab-Feb-2008/original/simpleMatchPWM_0.99.0.tar.gz	403	0			text/html		
https://bioconductor.org/help/course-materials/2008/advanced_R/DBInteractions.pdf	403	0			text/html		
https://bioconductor.org/help/course-materials/2008/advanced_R/BiostringsLab-Feb-2008/original/BiostringsLab-Feb-2008.pdf	403	0			text/html		
https://bioconductor.org/help/course-materials/2008/advanced_R/OOP2008.pdf	403	0			text/html		
https://bioconductor.org/help/course-materials/2008/advanced_R/R_adv.pdf	403	0			text/html		
https://bioconductor.org/help/course-materials/2008/advanced_R/code_chunks	403	0			text/html		
https://bioconductor.org/help/course-materials/2008/advanced_R/S4_Lecture.pdf	403	0			text/html		
https://bioconductor.org/help/course-materials/2008/advanced_R/packages.pdf	403	0			text/html		
https://bioconductor.org/help/course-materials/2008/advanced_R/latticeSlides.pdf	403	0			text/html		
https://bioconductor.org/help/course-materials/2008/advanced_R/latticeLab.pdf	403	0			text/html		
https://bioconductor.org/help/course-materials/2009/BioC2009/	403	0			text/html		
https://bioconductor.org/help/course-materials/2008/advanced_R/pkg_install	403	0			text/html		
https://bioconductor.org/help/course-materials/2009/BioC2009/Agenda_BioC2009.pdf	403	0			text/html		
https://bioconductor.org/help/course-materials/2009/BioC2009/devday/	403	0			text/html		
https://bioconductor.org/help/course-materials/2009/BioC2009/devday/Biostrings_directions.pdf	403	0			text/html		
https://bioconductor.org/help/course-materials/2009/BioC2009/labs/Biostrings/	403	0			text/html		
https://bioconductor.org/help/course-materials/2009/BioC2009/labs/ArrayExpress/	403	0			text/html		
https://bioconductor.org/help/course-materials/2009/BioC2009/labs/	403	0			text/html		
https://bioconductor.org/help/course-materials/2009/BioC2009/labs/ArrayExpress/ArrayExpress_Intro.pdf	403	0			text/html		
https://bioconductor.org/help/course-materials/2009/BioC2009/labs/ArrayExpress/ArrayExpress_lab.R	403	0			text/html		
https://bioconductor.org/help/course-materials/2009/BioC2009/labs/Biostrings/BiostringsBSgenomeIntroduction.pdf	403	0			text/html		
https://bioconductor.org/help/course-materials/2009/BioC2009/devday/IRangesDesignOverview.pdf	403	0			text/html		
https://bioconductor.org/help/course-materials/2009/BioC2009/labs/Biostrings/BiostringsBSgenomeLab-2009-solutions.R	403	0			text/html		
https://bioconductor.org/help/course-materials/2009/BioC2009/labs/Biostrings/BiostringsBSgenomeLab-2009.pdf	403	0			text/html		
https://bioconductor.org/help/course-materials/2009/BioC2009/labs/Biostrings/MatchAlign.R	403	0			text/html		
https://bioconductor.org/help/course-materials/2009/BioC2009/labs/EBImage/	403	0			text/html		
https://bioconductor.org/help/course-materials/2009/BioC2009/labs/Biostrings/topReads.rda	403	0			text/html		
https://bioconductor.org/help/course-materials/2009/BioC2009/labs/Biostrings/MatchAlign.pdf	403	0			text/html		
https://bioconductor.org/help/course-materials/2009/BioC2009/labs/EBImage/090611-ebimage-pau-2.ppt	403	0			text/html		
https://bioconductor.org/help/course-materials/2009/BioC2009/labs/EBImage/EBImage-tutorial.R	403	0			text/html		
https://bioconductor.org/help/course-materials/2009/BioC2009/labs/EBImage/EBImage-tutorial.pdf	403	0			text/html		
https://bioconductor.org/help/course-materials/2009/BioC2009/labs/EBImage/images.tgz	403	0			text/html		
https://bioconductor.org/help/course-materials/2009/BioC2009/labs/GGtools/	403	0			text/html		
https://bioconductor.org/help/course-materials/2009/BioC2009/labs/GGtools/gglab09.pdf	403	0			text/html		
https://bioconductor.org/help/course-materials/2009/BioC2009/labs/ShortRead/qa_080828_081110.rda	403	0			text/html		
https://bioconductor.org/help/course-materials/2009/BioC2009/labs/ShortRead/IOQA.R	403	0			text/html		
https://bioconductor.org/help/course-materials/2009/BioC2009/labs/ShortRead/barcode.R	403	0			text/html		
https://bioconductor.org/help/course-materials/2009/BioC2009/labs/ShortRead/IOQA.pdf	403	0			text/html		
https://bioconductor.org/help/course-materials/2009/BioC2009/labs/ShortRead/	403	0			text/html		
https://bioconductor.org/help/course-materials/2009/BioC2009/labs/annotations/AnnotationDbi.Demo.R	403	0			text/html		
https://bioconductor.org/help/course-materials/2009/BioC2009/labs/annotations/	403	0			text/html		
https://bioconductor.org/help/course-materials/2009/BioC2009/labs/annotations/AnnotationDbi.Answers.R	403	0			text/html		
https://bioconductor.org/help/course-materials/2009/BioC2009/labs/ShortRead/qa_solexa.R	403	0			text/html		
https://bioconductor.org/help/course-materials/2009/BioC2009/labs/arrayQualityMetrics/arrayQualityMetrics_Intro.pdf	403	0			text/html		
https://bioconductor.org/help/course-materials/2009/BioC2009/labs/arrayQualityMetrics/	403	0			text/html		
https://bioconductor.org/help/course-materials/2009/BioC2009/labs/biomaRtGenomeGraphs/BioC2009_biomaRt.ppt	200	0			application/vnd.ms-powerpoint		
https://bioconductor.org/help/course-materials/2009/BioC2009/labs/annotations/AnnotationDbi.pdf	403	0			text/html		
https://bioconductor.org/help/course-materials/2009/BioC2009/labs/arrayQualityMetrics/arrayQualityMetrics_lab.R	403	0			text/html		
https://bioconductor.org/help/course-materials/2009/BioC2009/labs/biomaRtGenomeGraphs/	403	0			text/html		
https://bioconductor.org/help/course-materials/2009/BioC2009/labs/biomaRtGenomeGraphs/BioC2009_biomaRt.R	403	0			text/html		
https://bioconductor.org/help/course-materials/2009/BioC2009/labs/biomaRtGenomeGraphs/Bioc2009_biomaRt.pdf	403	0			text/html		
https://bioconductor.org/help/course-materials/2009/BioC2009/labs/cellHTS2/	403	0			text/html		
https://bioconductor.org/help/course-materials/2009/BioC2009/labs/biomaRtGenomeGraphs/GenomeGraphs.R	403	0			text/html		
https://bioconductor.org/help/course-materials/2009/BioC2009/labs/biomaRtGenomeGraphs/GenomeGraphs.pdf	403	0			text/html		
https://bioconductor.org/help/course-materials/2009/BioC2009/labs/biomaRtGenomeGraphs/yeast_anno_4.csv	403	0			text/html		
https://bioconductor.org/help/course-materials/2009/BioC2009/labs/cellHTS2/cellHTS2BiocConf.pdf	403	0			text/html		
https://bioconductor.org/help/course-materials/2009/BioC2009/labs/chipseq/	403	0			text/html		
https://bioconductor.org/help/course-materials/2009/BioC2009/labs/flowcytometry/flowdata.tar.gz	403	0			text/html		
https://bioconductor.org/help/course-materials/2009/BioC2009/labs/flowcytometry/	403	0			text/html		
https://bioconductor.org/help/course-materials/2009/BioC2009/labs/chipseq/Workflow.pdf	403	0			text/html		
https://bioconductor.org/help/course-materials/2009/BioC2009/labs/flowcytometry/Bioc2009Flow.pdf	403	0			text/html		
https://bioconductor.org/help/course-materials/2009/BioC2009/labs/chipseq/Workflow.R	403	0			text/html		
https://bioconductor.org/help/course-materials/2009/BioC2009/labs/flowcytometry/workFlow.R	403	0			text/html		
https://bioconductor.org/help/course-materials/2009/BioC2009/labs/gwas/BiocWorkshop.tar.gz	403	0			text/html		
https://bioconductor.org/help/course-materials/2009/BioC2009/labs/gwas/BiocWorkshop.pdf	403	0			text/html		
https://bioconductor.org/help/course-materials/2009/BioC2009/labs/gwas/	403	0			text/html		
https://bioconductor.org/help/course-materials/2009/BioC2009/labs/limma/	403	0			text/html		
https://bioconductor.org/help/course-materials/2009/BioC2009/labs/limma/limma.pdf	403	0			text/html		
https://bioconductor.org/help/course-materials/2009/BioC2009/labs/parallelR/	403	0			text/html		
https://bioconductor.org/help/course-materials/2009/BioC2009/labs/parallelR/BioC2009_ParallelR.pdf	403	0			text/html		
https://bioconductor.org/help/course-materials/2009/BioC2009/labs/parallelR/BioC-demo.R	403	0			text/html		
https://bioconductor.org/help/course-materials/2009/BioC2009/talks/ChipSeqBioC2009.pdf	403	0			text/html		
https://bioconductor.org/help/course-materials/2009/BioC2009/talks/Bioc-accomplishments-opportunities.pdf	403	0			text/html		
https://bioconductor.org/help/course-materials/2009/BioC2009/talks/Bioc_7_09.pdf	403	0			text/html		
https://bioconductor.org/help/course-materials/2009/BioC2009/talks/	403	0			text/html		
https://bioconductor.org/help/course-materials/2009/BioC2009/talks/Inference_for_SNPchip_Data.pdf	403	0			text/html		
https://bioconductor.org/help/course-materials/2009/BioC2009/talks/Independent_filters_and_multiple_testing.pdf	403	0			text/html		
https://bioconductor.org/help/course-materials/2009/BioC2009/talks/modeling%20and%20inference%20of%20transcriptional%20regulatory%20networks%20--%20Bioconductor%2009.pdf	403	0			text/html		
https://bioconductor.org/help/course-materials/2009/BioC2009/talks/sciarg.pdf	403	0			text/html		
https://bioconductor.org/help/course-materials/2009/BioC2009/talks/sgseq.pdf	403	0			text/html		
https://bioconductor.org/help/course-materials/2009/BioC2009/talks/wrap_bioc_shareb.pdf	403	0			text/html		
https://bioconductor.org/help/course-materials/2009/EMBLJune09/	403	0			text/html		
https://bioconductor.org/help/course-materials/2009/EMBLJune09/Practicals/	403	0			text/html		
https://bioconductor.org/help/course-materials/2009/EMBLJune09/Practicals/Biostrings/	403	0			text/html		
https://bioconductor.org/help/course-materials/2009/EMBLJune09/Practicals/Biostrings/BiostringsLab.R	403	0			text/html		
https://bioconductor.org/help/course-materials/2009/EMBLJune09/Practicals/ShortRead/IOQA.pdf	403	0			text/html		
https://bioconductor.org/help/course-materials/2009/EMBLJune09/Practicals/Biostrings/BiostringsLab.pdf	403	0			text/html		
https://bioconductor.org/help/course-materials/2009/EMBLJune09/Practicals/ShortRead/	403	0			text/html		
https://bioconductor.org/help/course-materials/2009/EMBLJune09/Practicals/ShortRead/IOQA.R	403	0			text/html		
https://bioconductor.org/help/course-materials/2009/EMBLJune09/Practicals/ShortRead/IOQA.Rnw	403	0			text/html		
https://bioconductor.org/help/course-materials/2009/EMBLJune09/Practicals/Biostrings/BiostringsLab.Rnw	403	0			text/html		
https://bioconductor.org/help/course-materials/2009/EMBLJune09/Practicals/TSS/TSS_plot.R	403	0			text/html		
https://bioconductor.org/help/course-materials/2009/EMBLJune09/Practicals/TSS/	403	0			text/html		
https://bioconductor.org/help/course-materials/2009/EMBLJune09/Practicals/TSS/TSS_plot.Rnw	403	0			text/html		
https://bioconductor.org/help/course-materials/2009/EMBLJune09/Practicals/ShortRead/qa_080828_081110.pdf	403	0			text/html		
https://bioconductor.org/help/course-materials/2009/EMBLJune09/Talks/Annotation-Wolfgang.pdf	403	0			text/html		
https://bioconductor.org/help/course-materials/2009/EMBLJune09/Practicals/chipseq/	403	0			text/html		
https://bioconductor.org/help/course-materials/2009/EMBLJune09/Practicals/chipseq/BasicChipSeq.pdf	403	0			text/html		
https://bioconductor.org/help/course-materials/2009/EMBLJune09/Practicals/chipseq/BasicChipSeq.Rnw	403	0			text/html		
https://bioconductor.org/help/course-materials/2009/EMBLJune09/Talks/	403	0			text/html		
https://bioconductor.org/help/course-materials/2009/EMBLJune09/Practicals/chipseq/BasicChipSeq.R	403	0			text/html		
https://bioconductor.org/help/course-materials/2009/EMBLJune09/Talks/RNAseq-Paul.pdf	403	0			text/html		
https://bioconductor.org/help/course-materials/2009/EMBLJune09/Talks/BioconductorOverview-Martin.pdf	403	0			text/html		
https://bioconductor.org/help/course-materials/2009/EMBLJune09/Talks/ChipSeqInBioc-Martin.pdf	403	0			text/html		
https://bioconductor.org/help/course-materials/2009/EMBLJune09/Talks/IRanges-Wolfgang.pdf	403	0			text/html		
https://bioconductor.org/help/course-materials/2009/EMBLJune09/Talks/NGS_Overview_Simon_Nicolas.pdf	403	0			text/html		
https://bioconductor.org/help/course-materials/2009/EMBLJune09/Talks/QualityAssessment-Martin.pdf	403	0			text/html		
https://bioconductor.org/help/course-materials/2009/EMBLJune09/Talks/de-novo_assembly_Nicolas.pdf	403	0			text/html		
https://bioconductor.org/help/course-materials/2009/EMBLJune09/Talks/Visualization-Simon.pdf	403	0			text/html		
https://bioconductor.org/help/course-materials/2009/EMBLJune09/Talks/basecalling-AYB-Tim.pdf	403	0			text/html		
https://bioconductor.org/help/course-materials/2009/EMBLJune09/Practicals/TSS/TSS_plot.pdf	403	0			text/html		
https://bioconductor.org/help/course-materials/2009/GenentechNov2009/	403	0			text/html		
https://bioconductor.org/help/course-materials/2009/GenentechNov2009/GettingStarted	403	0			text/html		
https://bioconductor.org/help/course-materials/2009/GenentechNov2009/Module2/	403	0			text/html		
https://bioconductor.org/help/course-materials/2009/GenentechNov2009/IntroBioC/module1.R	403	0			text/html		
https://bioconductor.org/help/course-materials/2009/GenentechNov2009/IntroR/module0-R-intro-easy.pdf	403	0			text/html		
https://bioconductor.org/help/course-materials/2009/GenentechNov2009/IntroBioC/	403	0			text/html		
https://bioconductor.org/help/course-materials/2009/GenentechNov2009/IntroR/R_bioc_intro.R	403	0			text/html		
https://bioconductor.org/help/course-materials/2009/GenentechNov2009/IntroBioC/module1.pdf	403	0			text/html		
https://bioconductor.org/help/course-materials/2009/GenentechNov2009/Module2/module2-affy-preprocess.pdf	403	0			text/html		
https://bioconductor.org/help/course-materials/2009/GenentechNov2009/Module2/AffymetrixAtoZ.R	403	0			text/html		
https://bioconductor.org/help/course-materials/2009/GenentechNov2009/Module3/module3.R	403	0			text/html		
https://bioconductor.org/help/course-materials/2009/GenentechNov2009/IntroR/	403	0			text/html		
https://bioconductor.org/help/course-materials/2009/GenentechNov2009/Module3/	403	0			text/html		
https://bioconductor.org/help/course-materials/2009/GenentechNov2009/Module3/module3.pdf	403	0			text/html		
https://bioconductor.org/help/course-materials/2009/GenentechNov2009/Module2/module2-affy-preprocess.R	403	0			text/html		
https://bioconductor.org/help/course-materials/2009/GenentechNov2009/Module5/module5.pdf	403	0			text/html		
https://bioconductor.org/help/course-materials/2009/GenentechNov2009/Module4/module4-machine-learning.R	403	0			text/html		
https://bioconductor.org/help/course-materials/2009/GenentechNov2009/Module4/ML2.R	403	0			text/html		
https://bioconductor.org/help/course-materials/2009/GenentechNov2009/Module4/module4-machine-learning.pdf	403	0			text/html		
https://bioconductor.org/help/course-materials/2009/GenentechNov2009/Module6/	403	0			text/html		
https://bioconductor.org/help/course-materials/2009/GenentechNov2009/Module5/module5.R	403	0			text/html		
https://bioconductor.org/help/course-materials/2009/GenentechNov2009/Module4/	403	0			text/html		
https://bioconductor.org/help/course-materials/2009/GenentechNov2009/Module5/	403	0			text/html		
https://bioconductor.org/help/course-materials/2009/GenentechNov2009/Module6/module6-short-read-overview.R	403	0			text/html		
https://bioconductor.org/help/course-materials/2009/GenentechNov2009/Module6/module6-short-read-overview.pdf	403	0			text/html		
https://bioconductor.org/help/course-materials/2009/GenentechNov2009/Module6/module6-short-read.pdf	403	0			text/html		
https://bioconductor.org/help/course-materials/2009/GenentechNov2009/Module7/	403	0			text/html		
https://bioconductor.org/help/course-materials/2009/GenentechNov2009/Module7/IRanges.R	403	0			text/html		
https://bioconductor.org/help/course-materials/2009/GenentechNov2009/Module7/IRanges.pdf	403	0			text/html		
https://bioconductor.org/help/course-materials/2009/SSCMay09/IRanges/	403	0			text/html		
https://bioconductor.org/help/course-materials/2009/SSCMay09/ShortRead/IOQA.R	403	0			text/html		
https://bioconductor.org/help/course-materials/2009/SSCMay09/	403	0			text/html		
https://bioconductor.org/help/course-materials/2009/GenentechNov2009/Module7/rtracklayer.R	403	0			text/html		
https://bioconductor.org/help/course-materials/2009/SSCMay09/IRanges/IRanges.R	403	0			text/html		
https://bioconductor.org/help/course-materials/2009/SSCMay09/chipseq/Workflow.pdf	403	0			text/html		
https://bioconductor.org/help/course-materials/2009/SSCMay09/IRanges/IRanges.pdf	403	0			text/html		
https://bioconductor.org/help/course-materials/2009/GenentechNov2009/Module7/rtracklayer.pdf	403	0			text/html		
https://bioconductor.org/help/course-materials/2009/SSCMay09/chipseq/Workflow.R	403	0			text/html		
https://bioconductor.org/help/course-materials/2009/SSCMay09/ShortRead/qa_080828_081110.pdf	403	0			text/html		
https://bioconductor.org/help/course-materials/2009/SSCMay09/chipseq/	403	0			text/html		
https://bioconductor.org/help/course-materials/2009/SSCMay09/ShortRead/IOQA.pdf	403	0			text/html		
https://bioconductor.org/help/course-materials/2009/SSCMay09/gsea/HyperG_Lecture.pdf	403	0			text/html		
https://bioconductor.org/help/course-materials/2009/SSCMay09/gsea/	403	0			text/html		
https://bioconductor.org/help/course-materials/2009/SSCMay09/ShortRead/	403	0			text/html		
https://bioconductor.org/help/course-materials/2009/SSCMay09/gsea/GSEA_Lecture.pdf	403	0			text/html		
https://bioconductor.org/help/course-materials/2009/SSCMay09/gsea/HyperG_Lecture.R	403	0			text/html		
https://bioconductor.org/help/course-materials/2009/SSCMay09/gsea/GSEA_Lecture.R	403	0			text/html		
https://bioconductor.org/help/course-materials/2009/SSCMay09/rtracklayer/	403	0			text/html		
https://bioconductor.org/help/course-materials/2009/SSCMay09/rtracklayer/rtracklayer.R	403	0			text/html		
https://bioconductor.org/help/course-materials/2009/SSCMay09/rtracklayer/rtracklayer.pdf	403	0			text/html		
https://bioconductor.org/help/course-materials/2009/SeattleApr09/	403	0			text/html		
https://bioconductor.org/help/course-materials/2009/SeattleApr09/AffyAtoZ/	403	0			text/html		
https://bioconductor.org/help/course-materials/2009/SeattleApr09/AffyAtoZ/AffymetrixAtoZSlides.R	403	0			text/html		
https://bioconductor.org/help/course-materials/2009/SeattleApr09/DiffExpr/DiffExpr.pdf	403	0			text/html		
https://bioconductor.org/help/course-materials/2009/SeattleApr09/annotate/annotationBasics.R	403	0			text/html		
https://bioconductor.org/help/course-materials/2009/SeattleApr09/AffyAtoZ/AffymetrixAtoZSlides.pdf	403	0			text/html		
https://bioconductor.org/help/course-materials/2009/SeattleApr09/annotate/	403	0			text/html		
https://bioconductor.org/help/course-materials/2009/SeattleApr09/explorase/explorase-canned-user.pdf	403	0			text/html		
https://bioconductor.org/help/course-materials/2009/SeattleApr09/annotate/annotationBasics.pdf	403	0			text/html		
https://bioconductor.org/help/course-materials/2009/SeattleApr09/explorase/	403	0			text/html		
https://bioconductor.org/help/course-materials/2009/SeattleApr09/DiffExpr/	403	0			text/html		
https://bioconductor.org/help/course-materials/2009/SeattleApr09/explorase/explorase_workshop.pdf	403	0			text/html		
https://bioconductor.org/help/course-materials/2009/SeattleApr09/graph/	403	0			text/html		
https://bioconductor.org/help/course-materials/2009/SeattleApr09/gsea/GSEA_Lecture.pdf	403	0			text/html		
https://bioconductor.org/help/course-materials/2009/SeattleApr09/gsea/HyperG_Lecture.R	403	0			text/html		
https://bioconductor.org/help/course-materials/2009/SeattleApr09/gsea/HyperG_Lecture.pdf	403	0			text/html		
https://bioconductor.org/help/course-materials/2009/SeattleApr09/graph/biocGraphs.pdf	403	0			text/html		
https://bioconductor.org/help/course-materials/2009/SeattleApr09/gsea/	403	0			text/html		
https://bioconductor.org/help/course-materials/2009/SeattleApr09/gsea/GSEA_Lecture.R	403	0			text/html		
https://bioconductor.org/help/course-materials/2009/SeattleApr09/mlearn/	403	0			text/html		
https://bioconductor.org/help/course-materials/2009/SeattleJan09/	403	0			text/html		
https://bioconductor.org/help/course-materials/2009/SeattleJan09/ChIP-seq/ChipSeqWorkflow.pdf	403	0			text/html		
https://bioconductor.org/help/course-materials/2009/SeattleJan09/ChIP-seq/	403	0			text/html		
https://bioconductor.org/help/course-materials/2009/SeattleJan09/ChIP-seq/ChipSeqWorkflow.R	403	0			text/html		
https://bioconductor.org/help/course-materials/2009/SeattleApr09/mlearn/ML2009.pdf	403	0			text/html		
https://bioconductor.org/help/course-materials/2009/SeattleJan09/ChIP-seq/motifs.R	403	0			text/html		
https://bioconductor.org/help/course-materials/2009/SeattleJan09/ChIP-seq/motifs.pdf	403	0			text/html		
https://bioconductor.org/help/course-materials/2009/SeattleJan09/GOstats/	403	0			text/html		
https://bioconductor.org/help/course-materials/2009/SeattleJan09/GOstats/GOstats.R	403	0			text/html		
https://bioconductor.org/help/course-materials/2009/SeattleJan09/Microarray/	403	0			text/html		
https://bioconductor.org/help/course-materials/2009/SeattleJan09/GSEA/Category.R	403	0			text/html		
https://bioconductor.org/help/course-materials/2009/SeattleJan09/GSEA/	403	0			text/html		
https://bioconductor.org/help/course-materials/2009/SeattleJan09/Microarray/DE.R	403	0			text/html		
https://bioconductor.org/help/course-materials/2009/SeattleJan09/Microarray/AffymetrixAtoZ.R	403	0			text/html		
https://bioconductor.org/help/course-materials/2009/SeattleJan09/Microarray/easyDE.R	403	0			text/html		
https://bioconductor.org/help/course-materials/2009/SeattleJan09/Overview/BioCOverview2008.pdf	403	0			text/html		
https://bioconductor.org/help/course-materials/2009/SeattleJan09/Sequence/	403	0			text/html		
https://bioconductor.org/help/course-materials/2009/SeattleJan09/Microarray/huber.pdf	403	0			text/html		
https://bioconductor.org/help/course-materials/2009/SeattleJan09/Sequence/MatchAlign.R	403	0			text/html		
https://bioconductor.org/help/course-materials/2009/SeattleJan09/Sequence/BiostringsLab.pdf	403	0			text/html		
https://bioconductor.org/help/course-materials/2009/SeattleJan09/Sequence/BiostringsLab.R	403	0			text/html		
https://bioconductor.org/help/course-materials/2009/SeattleJan09/Sequence/IRangesBiostringsBSgenomeTour-Jan09.pdf	403	0			text/html		
https://bioconductor.org/help/course-materials/2009/SeattleJan09/Overview/	403	0			text/html		
https://bioconductor.org/help/course-materials/2009/SeattleJan09/Sequence/MatchAlign.pdf	403	0			text/html		
https://bioconductor.org/help/course-materials/2009/SeattleJan09/ShortRead/IOQA.R	403	0			text/html		
https://bioconductor.org/help/course-materials/2009/SeattleJan09/ShortRead/	403	0			text/html		
https://bioconductor.org/help/course-materials/2009/SeattleJan09/ShortRead/IOQA.pdf	403	0			text/html		
https://bioconductor.org/help/course-materials/2009/SeattleJan09/ShortRead/qa_080828_081110.pdf	403	0			text/html		
https://bioconductor.org/help/course-materials/2009/SeattleJan09/ShortRead/qa_solexa.R	403	0			text/html		
https://bioconductor.org/help/course-materials/2009/SeattleJan09/biomaRt/biomart.R	403	0			text/html		
https://bioconductor.org/help/course-materials/2009/SeattleJan09/biomaRt/	403	0			text/html		
https://bioconductor.org/help/course-materials/2009/SeattleJan09/annotate/	403	0			text/html		
https://bioconductor.org/help/course-materials/2009/SeattleJan09/biomaRt/biomart.pdf	403	0			text/html		
https://bioconductor.org/help/course-materials/2009/SeattleJan09/annotate/annotate.R	403	0			text/html		
https://bioconductor.org/help/course-materials/2009/SeattleJan09/rtracklayer/	403	0			text/html		
https://bioconductor.org/help/course-materials/2009/SeattleNov09/	403	0			text/html		
https://bioconductor.org/help/course-materials/2009/SeattleJan09/rtracklayer/rtracklayer.pdf	403	0			text/html		
https://bioconductor.org/help/course-materials/2009/SeattleJan09/rtracklayer/rtracklayer.R	403	0			text/html		
https://bioconductor.org/help/course-materials/2009/SeattleNov09/Biostrings/	403	0			text/html		
https://bioconductor.org/help/course-materials/2009/SeattleNov09/ChIP-seq/	403	0			text/html		
https://bioconductor.org/help/course-materials/2009/SeattleNov09/Biostrings/BiostringsBSgenomeBasics.pdf	403	0			text/html		
https://bioconductor.org/help/course-materials/2009/SeattleNov09/Biostrings/BiostringsBSgenomeOverview.pdf	403	0			text/html		
https://bioconductor.org/help/course-materials/2009/SeattleNov09/Biostrings/MatchAlign.R	403	0			text/html		
https://bioconductor.org/help/course-materials/2009/SeattleNov09/Biostrings/BiostringsBSgenomeBasics-solutions.R	403	0			text/html		
https://bioconductor.org/help/course-materials/2009/SeattleNov09/ChIP-seq/BasicChipSeq.R	403	0			text/html		
https://bioconductor.org/help/course-materials/2009/SeattleNov09/Biostrings/MatchAlign.pdf	403	0			text/html		
https://bioconductor.org/help/course-materials/2009/SeattleNov09/ChIP-seq/BasicChipSeq.pdf	403	0			text/html		
https://bioconductor.org/help/course-materials/2009/SeattleNov09/ChIP-seq/ChIPseq.pdf	403	0			text/html		
https://bioconductor.org/help/course-materials/2009/SeattleNov09/ChIP-seq/LabOverview.pdf	403	0			text/html		
https://bioconductor.org/help/course-materials/2009/SeattleNov09/IRanges/	403	0			text/html		
https://bioconductor.org/help/course-materials/2009/SeattleNov09/IRanges/IRangesOverview.R	403	0			text/html		
https://bioconductor.org/help/course-materials/2009/SeattleNov09/IRanges/IRangesOverview.pdf	403	0			text/html		
https://bioconductor.org/help/course-materials/2009/SeattleNov09/RNASeq/	403	0			text/html		
https://bioconductor.org/help/course-materials/2009/SeattleNov09/RNASeq/BioCSeq_RNASeq_20nov2009.pdf	403	0			text/html		
https://bioconductor.org/help/course-materials/2009/SeattleNov09/ShortRead/	403	0			text/html		
https://bioconductor.org/help/course-materials/2009/SeattleNov09/RareVariants/	403	0			text/html		
https://bioconductor.org/help/course-materials/2009/SeattleNov09/RareVariants/nov09rv.pdf	403	0			text/html		
https://bioconductor.org/help/course-materials/2009/SeattleNov09/RareVariants/nov09sol.pdf	403	0			text/html		
https://bioconductor.org/help/course-materials/2009/SeattleNov09/RNASeq/RNASeqTools.pdf	403	0			text/html		
https://bioconductor.org/help/course-materials/2009/SeattleNov09/RareVariants/rarev.pdf	403	0			text/html		
https://bioconductor.org/help/course-materials/2009/SeattleNov09/RNASeq/RNASeqTools.R	403	0			text/html		
https://bioconductor.org/help/course-materials/2009/SeattleNov09/ShortRead/IOQA.R	403	0			text/html		
https://bioconductor.org/help/course-materials/2009/SeattleNov09/ShortRead/IOQA.pdf	403	0			text/html		
https://bioconductor.org/help/course-materials/2009/SeattleNov09/StructuralVariants/	403	0			text/html		
https://bioconductor.org/help/course-materials/2009/SeattleNov09/StructuralVariants/SV.R	403	0			text/html		
https://bioconductor.org/help/course-materials/2010/AdvancedR/AdvancedR_0.0.3.tar.gz	403	0			text/html		
https://bioconductor.org/help/course-materials/2009/SeattleNov09/intro/	403	0			text/html		
https://bioconductor.org/help/course-materials/2009/SeattleNov09/intro/Intro.R	403	0			text/html		
https://bioconductor.org/help/course-materials/2009/SeattleNov09/intro/RIntro.pdf	403	0			text/html		
https://bioconductor.org/help/course-materials/2010/AdvBioinfGenom/BioconductorPresentation.pdf	403	0			text/html		
https://bioconductor.org/help/course-materials/2009/SeattleNov09/intro/Intro.pdf	403	0			text/html		
https://bioconductor.org/help/course-materials/2009/SeattleNov09/StructuralVariants/SV.pdf	403	0			text/html		
https://bioconductor.org/help/course-materials/2010/AdvancedR/BuildPackage.pdf	403	0			text/html		
https://bioconductor.org/help/course-materials/2010/AdvancedR/Database.pdf	403	0			text/html		
https://bioconductor.org/help/course-materials/2010/AdvancedR/HighPerformanceComputing.pdf	403	0			text/html		
https://bioconductor.org/help/course-materials/2010/BioC2010/001-02-C03-actin.tif	403	0			text/html		
https://bioconductor.org/help/course-materials/2010/AdvancedR/S4InBioconductor.pdf	403	0			text/html		
https://bioconductor.org/help/course-materials/2010/AdvancedR/dot-call-basics.mov	403	0			text/html		
https://bioconductor.org/help/course-materials/2010/AdvancedR/niExercises.pdf	403	0			text/html		
https://bioconductor.org/help/course-materials/2010/AdvancedR/unitTestExcercises.pdf	403	0			text/html		
https://bioconductor.org/help/course-materials/2010/AdvancedR/NativeInterfaces.pdf	403	0			text/html		
https://bioconductor.org/help/course-materials/2010/AdvancedR/using-gdb-with-R.mov	403	0			text/html		
https://bioconductor.org/help/course-materials/2010/BioC2010/001-02-C03-dna.tif	403	0			text/html		
https://bioconductor.org/help/course-materials/2010/BioC2010/001-02-C03-tubulin.tif	403	0			text/html		
https://bioconductor.org/help/course-materials/2010/BioC2010/100730-seattle-huber.pdf	403	0			text/html		
https://bioconductor.org/help/course-materials/2010/BioC2010/2010-07-29_DESeq_Bioc-Meeting_Seattle.pdf	403	0			text/html		
https://bioconductor.org/help/course-materials/2010/BioC2010/AnalyzingFlowData.pdf	403	0			text/html		
https://bioconductor.org/help/course-materials/2010/BioC2010/EfficientRProgrammingExercises.pdf	403	0			text/html		
https://bioconductor.org/help/course-materials/2010/BioC2010/BioC2010_ChIPpeakAnno.pdf	403	0			text/html		
https://bioconductor.org/help/course-materials/2010/BioC2010/BioC2010_biomaRt.pdf	403	0			text/html		
https://bioconductor.org/help/course-materials/2010/BioC2010/ClassicAnnotations.pdf	403	0			text/html		
https://bioconductor.org/help/course-materials/2010/BioC2010/EBImage-seglab.R	403	0			text/html		
https://bioconductor.org/help/course-materials/2010/BioC2010/Basic_Lattice_SOLUTIONS.pdf	403	0			text/html		
https://bioconductor.org/help/course-materials/2010/BioC2010/EfficientRProgramming.pdf	403	0			text/html		
https://bioconductor.org/help/course-materials/2010/BioC2010/Exercises-Rsamtools.pdf	403	0			text/html		
https://bioconductor.org/help/course-materials/2010/BioC2010/Exercises-ShortRead.pdf	403	0			text/html		
https://bioconductor.org/help/course-materials/2010/BioC2010/Exercises-SimpleChIPSeq.pdf	403	0			text/html		
https://bioconductor.org/help/course-materials/2010/BioC2010/First_Steps_With_R_SOLUTIONS.pdf	403	0			text/html		
https://bioconductor.org/help/course-materials/2010/BioC2010/Exercises-SimpleRNAseqUseCase.pdf	403	0			text/html		
https://bioconductor.org/help/course-materials/2010/BioC2010/Flicek_20100730.pdf	403	0			text/html		
https://bioconductor.org/help/course-materials/2010/BioC2010/FlowClustFlowMerge.pdf	403	0			text/html		
https://bioconductor.org/help/course-materials/2010/BioC2010/FlowClustFlowMergeSlides.pdf	403	0			text/html		
https://bioconductor.org/help/course-materials/2010/BioC2010/GenomicFeaturesAndSequences.pdf	403	0			text/html		
https://bioconductor.org/help/course-materials/2010/BioC2010/FourSeqExercises.pdf	403	0			text/html		
https://bioconductor.org/help/course-materials/2010/BioC2010/GenomicFeatures.pdf	403	0			text/html		
https://bioconductor.org/help/course-materials/2010/BioC2010/FlowCytometry_SOLUTIONS.pdf	403	0			text/html		
https://bioconductor.org/help/course-materials/2010/BioC2010/Friend0729.pdf	403	0			text/html		
https://bioconductor.org/help/course-materials/2010/BioC2010/IntroToR.pdf	403	0			text/html		
https://bioconductor.org/help/course-materials/2010/BioC2010/Workflow.pdf	403	0			text/html		
https://bioconductor.org/help/course-materials/2010/BioC2010/Tavare-BioC2010.pdf	403	0			text/html		
https://bioconductor.org/help/course-materials/2010/BioC2010/TheHumanMicrobiome.pdf	403	0			text/html		
https://bioconductor.org/help/course-materials/2010/BioC2010/Shendure_20100729.pdf	403	0			text/html		
https://bioconductor.org/help/course-materials/2010/BioC2010/Robinson_McCarthy_BioC2010.zip	403	0			text/html		
https://bioconductor.org/help/course-materials/2010/BioC2010/intro.pdf	403	0			text/html		
https://bioconductor.org/help/course-materials/2010/BioC2010/lab2010.R	403	0			text/html		
https://bioconductor.org/help/course-materials/2010/BioC2010/lab2010.pdf	403	0			text/html		
https://bioconductor.org/help/course-materials/2010/BioC2010/limma2.pdf	403	0			text/html		
https://bioconductor.org/help/course-materials/2010/BioC2010/seqGating.pdf	403	0			text/html		
https://bioconductor.org/help/course-materials/2010/BioC2010/robinson_mccarthy_bioc2010.pdf	403	0			text/html		
https://bioconductor.org/help/course-materials/2010/CSAMA10/100609-multtestindepfilt-huber.pdf	403	0			text/html		
https://bioconductor.org/help/course-materials/2010/CSAMA10/100614-microarrays-huber.pdf	403	0			text/html		
https://bioconductor.org/help/course-materials/2010/CSAMA10/100617-pau-brixen-ebimage-2.pdf	403	0			text/html		
https://bioconductor.org/help/course-materials/2010/CSAMA10/100618-pau-brixen-clustering-9.pdf	403	0			text/html		
https://bioconductor.org/help/course-materials/2010/CSAMA10/2010-06-14__HTS_introduction__Brixen__Bioc_course.pdf	403	0			text/html		
https://bioconductor.org/help/course-materials/2010/CSAMA10/2010-06-17__DESeq__Brixen__Bioc_Course.pdf	403	0			text/html		
https://bioconductor.org/help/course-materials/2010/CSAMA10/2010-06-16__HTS_introduction_2__Brixen__Bioc_course.pdf	403	0			text/html		
https://bioconductor.org/help/course-materials/2010/CSAMA10/GenomicRanges.pdf	403	0			text/html		
https://bioconductor.org/help/course-materials/2010/CSAMA10/CSAMA10_0.0.3.tar.gz	403	0			text/html		
https://bioconductor.org/help/course-materials/2010/CSAMA10/ChIP-Seq.pdf	403	0			text/html		
https://bioconductor.org/help/course-materials/2010/CSAMA10/GenomicFeatures.pdf	403	0			text/html		
https://bioconductor.org/help/course-materials/2010/CSAMA10/BioconductorIntroduction.pdf	403	0			text/html		
https://bioconductor.org/help/course-materials/2010/CSAMA10/L6_aqm.pdf	403	0			text/html		
https://bioconductor.org/help/course-materials/2010/CSAMA10/Lab-3-ShortRead.pdf	403	0			text/html		
https://bioconductor.org/help/course-materials/2010/CSAMA10/Lab-4-Rsamtools.pdf	403	0			text/html		
https://bioconductor.org/help/course-materials/2010/CSAMA10/Lab-7-ChIPSeq.pdf	403	0			text/html		
https://bioconductor.org/help/course-materials/2010/EMBL2010/100609-hilbertcurve-huber.pdf	403	0			text/html		
https://bioconductor.org/help/course-materials/2010/CSAMA10/R_intro.pdf	403	0			text/html		
https://bioconductor.org/help/course-materials/2010/CSAMA10/Rsamtools.pdf	403	0			text/html		
https://bioconductor.org/help/course-materials/2010/EMBL2010/ChipSeq_June2010_Peak_Disco_public-version.pdf	403	0			text/html		
https://bioconductor.org/help/course-materials/2010/EMBL2010/100609-multtestindepfilt-huber.pdf	403	0			text/html		
https://bioconductor.org/help/course-materials/2010/EMBL2010/BioconductorIntroduction.pdf	403	0			text/html		
https://bioconductor.org/help/course-materials/2010/CSAMA10/Lab-8-RNAseqUseCase.pdf	403	0			text/html		
https://bioconductor.org/help/course-materials/2010/EMBL2010/EMBL2010_0.0.11.tar.gz	403	0			text/html		
https://bioconductor.org/help/course-materials/2010/EMBL2010/DESeq.pdf	403	0			text/html		
https://bioconductor.org/help/course-materials/2010/EMBL2010/Chip-seq.SWEMBL.pdf	403	0			text/html		
https://bioconductor.org/help/course-materials/2010/EMBL2010/GenomicRanges.pdf	403	0			text/html		
https://bioconductor.org/help/course-materials/2010/EMBL2010/GenomicFeatures.pdf	403	0			text/html		
https://bioconductor.org/help/course-materials/2010/EMBL2010/Practical-3-ChIPSeq.pdf	403	0			text/html		
https://bioconductor.org/help/course-materials/2010/EMBL2010/Practical-1-ShortRead.pdf	403	0			text/html		
https://bioconductor.org/help/course-materials/2010/EMBL2010/Practical-4-StructuralVariants.pdf	403	0			text/html		
https://bioconductor.org/help/course-materials/2010/HeidelbergNovember2010/Bacterial-Collado.pdf	403	0			text/html		
https://bioconductor.org/help/course-materials/2010/HeidelbergNovember2010/101117-pau-imageHTS-bioc-1.pdf	403	0			text/html		
https://bioconductor.org/help/course-materials/2010/EMBL2010/rna_seq.pdf	403	0			text/html		
https://bioconductor.org/help/course-materials/2010/EMBL2010/ShortRead.pdf	403	0			text/html		
https://bioconductor.org/help/course-materials/2010/HeidelbergNovember2010/MSintro_LaurentGatto.pdf	403	0			text/html		
https://bioconductor.org/help/course-materials/2010/HeidelbergNovember2010/BioconductorDevelopments-Morgan.pdf	403	0			text/html		
https://bioconductor.org/help/course-materials/2010/HeidelbergNovember2010/DNAcopynumber-Ruczinski.pdf	403	0			text/html		
https://bioconductor.org/help/course-materials/2010/HeidelbergNovember2010/ExonSeq-Anders.pdf	403	0			text/html		
https://bioconductor.org/help/course-materials/2010/HeidelbergNovember2010/HighPerformanceR-Morgan.pdf	403	0			text/html		
https://bioconductor.org/help/course-materials/2010/HeidelbergNovember2010/BioNet-Beisser.pdf	403	0			text/html		
https://bioconductor.org/help/course-materials/2010/HeidelbergNovember2010/MSnbase_LaurentGatto.pdf	403	0			text/html		
https://bioconductor.org/help/course-materials/2010/HeidelbergNovember2010/SVG-XHTML-Huber.pdf	403	0			text/html		
https://bioconductor.org/help/course-materials/2010/HeidelbergNovember2010/QPgraph-Castelo.pdf	403	0			text/html		
https://bioconductor.org/help/course-materials/2010/HeidelbergNovember2010/Qt-Lawrence.pdf	403	0			text/html		
https://bioconductor.org/help/course-materials/2010/HeidelbergNovember2010/digeR-YueFan.pdf	403	0			text/html		
https://bioconductor.org/help/course-materials/2010/HeidelbergNovember2010/SSPA-vanIterson.pdf	403	0			text/html		
https://bioconductor.org/help/course-materials/2010/HeidelbergNovember2010/RNASeq-MichalAnna.pdf	403	0			text/html		
https://bioconductor.org/help/course-materials/2010/HeidelbergNovember2010/pRoloc_LaurentGatto.pdf	403	0			text/html		
https://bioconductor.org/help/course-materials/2010/HeidelbergNovember2010/les-Gehring.pdf	403	0			text/html		
https://bioconductor.org/help/course-materials/2010/HeidelbergNovember2010/gxTools-Raffelsberger.pdf	403	0			text/html		
https://bioconductor.org/help/course-materials/2010/HeidelbergNovember2010/jesper-ryge.pdf	403	0			text/html		
https://bioconductor.org/help/course-materials/2010/HeidelbergNovember2010/htSeqTools-OscarReina.pdf	403	0			text/html		
https://bioconductor.org/help/course-materials/2010/HeidelbergNovember2010/ReferenceClasses-Morgan.pdf	403	0			text/html		
https://bioconductor.org/help/course-materials/2010/HeidelbergNovember2010/Proteomics_MIAPE-bioCdevel_hdlbg-BreitwieserFlorian.pdf	403	0			text/html		
https://bioconductor.org/help/course-materials/2010/SeattleIntro/Annotation.pdf	403	0			text/html		
https://bioconductor.org/help/course-materials/2010/HeidelbergNovember2010/reproExpPack.pdf	403	0			text/html		
https://bioconductor.org/help/course-materials/2010/HeidelbergNovember2010/vjcOverviewHeid.pdf	403	0			text/html		
https://bioconductor.org/help/course-materials/2010/SeattleIntro/Bioconductor-Introduction.pdf	403	0			text/html		
https://bioconductor.org/help/course-materials/2010/HeidelbergNovember2010/phenoDist-XianZhang.pdf	403	0			text/html		
https://bioconductor.org/help/course-materials/2010/SeattleIntro/Bioconductor-Introduction-lab.pdf	403	0			text/html		
https://bioconductor.org/help/course-materials/2010/HeidelbergNovember2010/snpMatrix2-Clayton.pdf	403	0			text/html		
https://bioconductor.org/help/course-materials/2010/SeattleIntro/DNAStringsAndRanges.pdf	403	0			text/html		
https://bioconductor.org/help/course-materials/2010/SeattleIntro/Differential-Representation-Workflow.pdf	403	0			text/html		
https://bioconductor.org/help/course-materials/2010/SeattleIntro/GenomicFeatures.pdf	403	0			text/html		
https://bioconductor.org/help/course-materials/2010/SeattleIntro/IntroToR_Lab.pdf	403	0			text/html		
https://bioconductor.org/help/course-materials/2010/SeattleIntro/IntroToR_Slides.pdf	403	0			text/html		
https://bioconductor.org/help/course-materials/2010/SeattleIntro/SequenceAnalysis-lab.pdf	403	0			text/html		
https://bioconductor.org/help/course-materials/2010/SeattleIntro/MicroarrayAnalysis.pdf	403	0			text/html		
https://bioconductor.org/help/course-materials/2010/SeattleIntro/SequenceAnalysis.pdf	403	0			text/html		
https://bioconductor.org/help/course-materials/2010/SeattleIntro/MicroarrayAnalysis-lab.pdf	403	0			text/html		
https://bioconductor.org/help/course-materials/2010/SeattleJan10/day1/Basic_Lattice.pdf	403	0			text/html		
https://bioconductor.org/help/course-materials/2010/SeattleJan10/day1/ALL_Dataset.pdf	403	0			text/html		
https://bioconductor.org/help/course-materials/2010/SeattleJan10/day1/Basic_Lattice_SOLUTIONS.pdf	403	0			text/html		
https://bioconductor.org/help/course-materials/2010/SeattleJan10/day1/First_Steps_With_R.pdf	403	0			text/html		
https://bioconductor.org/help/course-materials/2010/SeattleJan10/day2/AffymetrixAtoZ_solutions.pdf	403	0			text/html		
https://bioconductor.org/help/course-materials/2010/SeattleJan10/day1/day1_0.0.1.tar.gz	403	0			text/html		
https://bioconductor.org/help/course-materials/2010/SeattleJan10/day1/Package_Building_SOLUTIONS.pdf	403	0			text/html		
https://bioconductor.org/help/course-materials/2010/SeattleJan10/day1/Package_Building.pdf	403	0			text/html		
https://bioconductor.org/help/course-materials/2010/SeattleJan10/day2/DifferentialExpression.pdf	403	0			text/html		
https://bioconductor.org/help/course-materials/2010/SeattleJan10/day2/Annotation.pdf	403	0			text/html		
https://bioconductor.org/help/course-materials/2010/SeattleJan10/day1/First_Steps_With_R_SOLUTIONS.pdf	403	0			text/html		
https://bioconductor.org/help/course-materials/2010/SeattleJan10/day2/GeneSetEnrichment.pdf	403	0			text/html		
https://bioconductor.org/help/course-materials/2010/SeattleJan10/day2/PreProcessing.pdf	403	0			text/html		
https://bioconductor.org/help/course-materials/2010/SeattleJan10/day2/PreProcessingLab.pdf	403	0			text/html		
https://bioconductor.org/help/course-materials/2010/SeattleJan10/day2/PreProcessingLab_SOLUTIONS.pdf	403	0			text/html		
https://bioconductor.org/help/course-materials/2010/SeattleJan10/day2/day2_0.0.11.tar.gz	403	0			text/html		
https://bioconductor.org/help/course-materials/2010/SeattleJan10/day3/ChIPSeq.pdf	403	0			text/html		
https://bioconductor.org/help/course-materials/2010/SeattleJan10/day3/CoverageEDA.pdf	403	0			text/html		
https://bioconductor.org/help/course-materials/2010/SeattleJan10/day3/FindingRNASeqHotSpots.pdf	403	0			text/html		
https://bioconductor.org/help/course-materials/2010/SeattleJan10/day3/SequenceAnnotation.pdf	403	0			text/html		
https://bioconductor.org/help/course-materials/2010/SeattleJan10/day3/ShortReadLab_SOLUTIONS.pdf	403	0			text/html		
https://bioconductor.org/help/course-materials/2010/SeattleJan10/day3/ShortReadLab.pdf	403	0			text/html		
https://bioconductor.org/help/course-materials/2010/SeattleJan10/day3/ShortRead.pdf	403	0			text/html		
https://bioconductor.org/help/course-materials/2010/SeattleJan10/day3/String_Basics.pdf	403	0			text/html		
https://bioconductor.org/help/course-materials/2010/SeattleJan10/day3/SimpleRNASeqExprs.pdf	403	0			text/html		
https://bioconductor.org/help/course-materials/2010/SeattleJan10/day3/String_Basics_SOLUTIONS.pdf	403	0			text/html		
https://bioconductor.org/help/course-materials/2010/SeattleJan10/day3/day3_0.0.3.tar.gz	403	0			text/html		
https://bioconductor.org/help/course-materials/2011/AdvancedRFeb2011Seattle/BuildPackage-lab.R	403	0			text/html		
https://bioconductor.org/help/course-materials/2011/AdvancedRFeb2011Seattle/BuildPackage.R	403	0			text/html		
https://bioconductor.org/help/course-materials/2011/AdvancedRFeb2011Seattle/CourseIntroduction.pdf	403	0			text/html		
https://bioconductor.org/help/course-materials/2011/AdvancedRFeb2011Seattle/BuildPackage.pdf	403	0			text/html		
https://bioconductor.org/help/course-materials/2011/AdvancedRFeb2011Seattle/CourseIntroduction.R	403	0			text/html		
https://bioconductor.org/help/course-materials/2011/AdvancedRFeb2011Seattle/DotCallInterface.pdf	403	0			text/html		
https://bioconductor.org/help/course-materials/2011/AdvancedRFeb2011Seattle/DotCallInterface.R	403	0			text/html		
https://bioconductor.org/help/course-materials/2011/AdvancedRFeb2011Seattle/BuildPackage-lab.pdf	403	0			text/html		
https://bioconductor.org/help/course-materials/2011/AdvancedRFeb2011Seattle/EfficientR-lab.R	403	0			text/html		
https://bioconductor.org/help/course-materials/2011/AdvancedRFeb2011Seattle/EfficientR-lab.pdf	403	0			text/html		
https://bioconductor.org/help/course-materials/2011/AdvancedRFeb2011Seattle/EfficientR.R	403	0			text/html		
https://bioconductor.org/help/course-materials/2011/AdvancedRFeb2011Seattle/ForeignLanguage-lab.pdf	403	0			text/html		
https://bioconductor.org/help/course-materials/2011/AdvancedRFeb2011Seattle/ForeignLanguage-lab.R	403	0			text/html		
https://bioconductor.org/help/course-materials/2011/AdvancedRFeb2011Seattle/ImplementingS4Objects-lab.pdf	403	0			text/html		
https://bioconductor.org/help/course-materials/2011/AdvancedRFeb2011Seattle/ForeignLanguage.R	403	0			text/html		
https://bioconductor.org/help/course-materials/2011/AdvancedRFeb2011Seattle/ForeignLanguage.pdf	403	0			text/html		
https://bioconductor.org/help/course-materials/2011/AdvancedRFeb2011Seattle/ImplementingS4Objects-lab.R	403	0			text/html		
https://bioconductor.org/help/course-materials/2011/AdvancedRFeb2011Seattle/EfficientR.pdf	403	0			text/html		
https://bioconductor.org/help/course-materials/2011/AdvancedRFeb2011Seattle/Integration-lab.R	403	0			text/html		
https://bioconductor.org/help/course-materials/2011/AdvancedRFeb2011Seattle/NetCDF-lab.pdf	403	0			text/html		
https://bioconductor.org/help/course-materials/2011/AdvancedRFeb2011Seattle/NetCDF-lab.R	403	0			text/html		
https://bioconductor.org/help/course-materials/2011/AdvancedRFeb2011Seattle/NetCDFSlides.R	403	0			text/html		
https://bioconductor.org/help/course-materials/2011/AdvancedRFeb2011Seattle/Integration-lab.pdf	403	0			text/html		
https://bioconductor.org/help/course-materials/2011/AdvancedRFeb2011Seattle/SQLiteInRExercises.R	403	0			text/html		
https://bioconductor.org/help/course-materials/2011/AdvancedRFeb2011Seattle/S4Overview-slides.R	403	0			text/html		
https://bioconductor.org/help/course-materials/2011/AdvancedRFeb2011Seattle/NetCDFSlides.pdf	403	0			text/html		
https://bioconductor.org/help/course-materials/2011/AdvancedRFeb2011Seattle/S4Overview-slides.pdf	403	0			text/html		
https://bioconductor.org/help/course-materials/2011/AdvancedRFeb2011Seattle/UsingSQLiteInR.R	403	0			text/html		
https://bioconductor.org/help/course-materials/2011/AdvancedRFeb2011Seattle/SQLiteInRExercises.pdf	403	0			text/html		
https://bioconductor.org/help/course-materials/2011/AdvancedRFeb2011Seattle/UsingSQLiteInR.pdf	403	0			text/html		
https://bioconductor.org/help/course-materials/2011/BioC2011/LabStuff/110629_brixen_deseq_huber.pdf	403	0			text/html		
https://bioconductor.org/help/course-materials/2011/BioC2011/LabStuff/AnnotationExercisesBioc2011.pdf	403	0			text/html		
https://bioconductor.org/help/course-materials/2011/BioC2011/LabStuff/AnnotationExercisesBioc2011.R	403	0			text/html		
https://bioconductor.org/help/course-materials/2011/BioC2011/LabStuff/BioC2011_Biostrings_lab_exercises.pdf	403	0			text/html		
https://bioconductor.org/help/course-materials/2011/BioC2011/LabStuff/AnnotationSlidesBioc2011.pdf	403	0			text/html		
https://bioconductor.org/help/course-materials/2011/BioC2011/LabStuff/BasicFlowWorkshop.pdf	403	0			text/html		
https://bioconductor.org/help/course-materials/2011/BioC2011/LabStuff/BioC2011_Biostrings_lab_solutions.R	403	0			text/html		
https://bioconductor.org/help/course-materials/2011/BioC2011/LabStuff/Bioc2011_ChIPpeakAnno.R	403	0			text/html		
https://bioconductor.org/help/course-materials/2011/BioC2011/LabStuff/BiostringsBSgenomeOverview.pdf	403	0			text/html		
https://bioconductor.org/help/course-materials/2011/BioC2011/LabStuff/Bioc2011_Arnaud.pdf	403	0			text/html		
https://bioconductor.org/help/course-materials/2011/BioC2011/LabStuff/CountAndMeasure-lab.R	403	0			text/html		
https://bioconductor.org/help/course-materials/2011/BioC2011/LabStuff/ChIPpeakAnno-BioC2011.pdf	403	0			text/html		
https://bioconductor.org/help/course-materials/2011/BioC2011/LabStuff/CountAndMeasure-lab.pdf	403	0			text/html		
https://bioconductor.org/help/course-materials/2011/BioC2011/LabStuff/DESeq.pdf	403	0			text/html		
https://bioconductor.org/help/course-materials/2011/BioC2011/LabStuff/Michael_script.R	403	0			text/html		
https://bioconductor.org/help/course-materials/2011/BioC2011/LabStuff/DEXSeq.pdf	403	0			text/html		
https://bioconductor.org/help/course-materials/2011/BioC2011/LabStuff/Michael_tutorial.pdf	403	0			text/html		
https://bioconductor.org/help/course-materials/2011/BioC2011/LabStuff/publicDataTutorial.pdf	403	0			text/html		
https://bioconductor.org/help/course-materials/2011/BioC2011/LabStuff/careyGGtutslides.pdf	403	0			text/html		
https://bioconductor.org/help/course-materials/2011/BioC2011/LabStuff/extras.pdf	403	0			text/html		
https://bioconductor.org/help/course-materials/2011/BioC2011/LabStuff/genoset.pdf	403	0			text/html		
https://bioconductor.org/help/course-materials/2011/BioC2011/LabStuff/publicDataTutorial.R	403	0			text/html		
https://bioconductor.org/help/course-materials/2011/BioC2011/LabStuff/publicDataTutorialOverview.pdf	200	0			application/pdf		
https://bioconductor.org/help/course-materials/2011/BioC2011/LabStuff/PracticalConsiderations.pdf	403	0			text/html		
https://bioconductor.org/help/course-materials/2011/BioC2011/LabStuff/rcyTutorial.R	403	0			text/html		
https://bioconductor.org/help/course-materials/2011/BioC2011/MorningTalks/BioC2011_Gordon.pdf	403	0			text/html		
https://bioconductor.org/help/course-materials/2011/BioC2011/MorningTalks/BengtssonH_20110728-BioC2011.pdf	403	0			text/html		
https://bioconductor.org/help/course-materials/2011/BioC2011/MorningTalks/CompleteGenomics.pdf	403	0			text/html		
https://bioconductor.org/help/course-materials/2011/BioC2011/RInstall/R-2.14.0dev-win.exe	403	0			text/html		
https://bioconductor.org/help/course-materials/2011/BioC2011/RInstall/R-2.14.r56301.tgz	403	0			text/html		
https://bioconductor.org/help/course-materials/2011/RNASeqChIPSeq/Lectures/Marioni_ChIPseq_course.pdf	403	0			text/html		
https://bioconductor.org/help/course-materials/2011/RNASeqChIPSeq/Labs/Annotation-lab.pdf	403	0			text/html		
https://bioconductor.org/help/course-materials/2011/RNASeqChIPSeq/Labs/QA-lab.pdf	403	0			text/html		
https://bioconductor.org/help/course-materials/2011/RNASeqChIPSeq/Labs/README.txt	403	0			text/html		
https://bioconductor.org/help/course-materials/2011/RNASeqChIPSeq/Lectures/GeneCore-MPS-June2011.pdf	403	0			text/html		
https://bioconductor.org/help/course-materials/2011/RNASeqChIPSeq/Lectures/Annotation-slides.pdf	403	0			text/html		
https://bioconductor.org/help/course-materials/2011/BioC2011/RInstall/R-devel-leopard-universal-2011-07-06.tar.gz	403	0			text/html		
https://bioconductor.org/help/course-materials/2011/RNASeqChIPSeq/Lectures/Nicolas-Delhomme_EMBL-Advanced-Course-RNA-Seq-ChIP-Seq-Data-Analysis_June-2011.pdf	403	0			text/html		
https://bioconductor.org/help/course-materials/2011/RNASeqChIPSeq/Lectures/RNASeq-DifferentialExpression-SimonAnders.pdf	403	0			text/html		
https://bioconductor.org/help/course-materials/2011/RNASeqChIPSeq/Lectures/QA-slides.pdf	403	0			text/html		
https://bioconductor.org/help/course-materials/2011/RNASeqChIPSeq/Package/EMBL2011_0.2.0.tar.gz	403	0			text/html		
https://bioconductor.org/help/course-materials/2011/RNASeqChIPSeq/Lectures/SequenceAnalysis-slides.pdf	403	0			text/html		
https://bioconductor.org/help/course-materials/2011/RNASeqChIPSeq/Photos/Bioconductor-RNASeqChIPSeq-2011_9426.jpg	403	0			text/html		
https://bioconductor.org/help/course-materials/2011/SeattleIntro2011/Bioconductor-tutorial.pdf	403	0			text/html		
https://bioconductor.org/help/course-materials/2011/SeattleIntro2011/AnnotationSlides.pdf	403	0			text/html		
https://bioconductor.org/help/course-materials/2011/intl-workshop-bioc/presentation-slides/Annotation-Lab.pdf	403	0			text/html		
https://bioconductor.org/help/course-materials/2011/intl-workshop-bioc/presentation-slides/Annotation.pdf	403	0			text/html		
https://bioconductor.org/help/course-materials/2011/intl-workshop-bioc/presentation-slides/Feature-Address.pdf	403	0			text/html		
https://bioconductor.org/help/course-materials/2011/useR-Bioc-2011/useR2011_0.1.0.zip	403	0			text/html		
https://bioconductor.org/help/course-materials/2011/intl-workshop-bioc/presentation-slides/Introduction.pdf	403	0			text/html		
https://bioconductor.org/help/course-materials/2012/BioC2012/DESeq.pdf	403	0			text/html		
https://bioconductor.org/help/course-materials/2011/intl-workshop-bioc/presentation-slides/R-Introduction.pdf	403	0			text/html		
https://bioconductor.org/help/course-materials/2011/useR-Bioc-2011/useR2011_0.1.0.tar.gz	403	0			text/html		
https://bioconductor.org/help/course-materials/2012/BioC2012/DESeq.R	403	0			text/html		
https://bioconductor.org/help/course-materials/2011/intl-workshop-bioc/presentation-slides/Introduction-Lab.pdf	403	0			text/html		
https://bioconductor.org/help/course-materials/2011/intl-workshop-bioc/presentation-slides/R-Introduction-Lab.pdf	403	0			text/html		
https://bioconductor.org/help/course-materials/2012/BioC2012/DESeq.Rnw	403	0			text/html		
https://bioconductor.org/help/course-materials/2012/BioC2012/DEXSeq.R	403	0			text/html		
https://bioconductor.org/help/course-materials/2012/BioC2012/DEXSeq.Rnw	403	0			text/html		
https://bioconductor.org/help/course-materials/2012/BioC2012/DEXSeq.pdf	403	0			text/html		
https://bioconductor.org/help/course-materials/2012/BioC2012/S4ContainersForHTS_slides.Rnw	403	0			text/html		
https://bioconductor.org/help/course-materials/2012/BioC2012/RBiocForEveryone.Rnw	403	0			text/html		
https://bioconductor.org/help/course-materials/2012/BioC2012/S4ContainersForHTS_slides.R	403	0			text/html		
https://bioconductor.org/help/course-materials/2012/BioC2012/RBiocForEveryone.pdf	403	0			text/html		
https://bioconductor.org/help/course-materials/2012/BioC2012/YeastGG.RData	403	0			text/html		
https://bioconductor.org/help/course-materials/2012/BioC2012/S4ContainersForHTS_slides.pdf	403	0			text/html		
https://bioconductor.org/help/course-materials/2012/BioC2012/ranges.R	403	0			text/html		
https://bioconductor.org/help/course-materials/2012/BioC2012/jeremiah2.R	403	0			text/html		
https://bioconductor.org/help/course-materials/2012/BioC2012/jeremiah_tutorial.R	403	0			text/html		
https://bioconductor.org/help/course-materials/2012/BioC2012/pData.csv	403	0			text/html		
https://bioconductor.org/help/course-materials/2012/BioC2012/qpgraphWorkshop.R	403	0			text/html		
https://bioconductor.org/help/course-materials/2012/BioC2012/qpgraphWorkshop.pdf	403	0			text/html		
https://bioconductor.org/help/course-materials/2012/BioC2012/RBiocForEveryone.R	403	0			text/html		
https://bioconductor.org/help/course-materials/2012/BioC2012/ranges.Rnw	403	0			text/html		
https://bioconductor.org/help/course-materials/2012/BioC2012/ranges.pdf	403	0			text/html		
https://bioconductor.org/help/course-materials/2012/BioC2012/yeastractRegTwoColTable.tsv	403	0			text/html		
https://bioconductor.org/help/course-materials/2012/BiocEurope2012/BengtssonH_20121214-aroma.seq,BiocDevel2012.pdf	403	0			text/html		
https://bioconductor.org/help/course-materials/2012/BiocEurope2012/Benilton_Carvalho_parallel.pdf	403	0			text/html		
https://bioconductor.org/help/course-materials/2012/BiocEurope2012/Julius_Muller_bioconductor_meeting_12_12.pdf	403	0			text/html		
https://bioconductor.org/help/course-materials/2012/BiocEurope2012/ChIPpeakAnno-Zhu.pdf	403	0			text/html		
https://bioconductor.org/help/course-materials/2012/BiocEurope2012/FeatureDB-ArneMueller.pdf	403	0			text/html		
https://bioconductor.org/help/course-materials/2012/BiocEurope2012/GvizEuropeanBioc2012.pdf	403	0			text/html		
https://bioconductor.org/help/course-materials/2012/BiocEurope2012/BiocUpdate.pdf	403	0			text/html		
https://bioconductor.org/help/course-materials/2012/BiocEurope2012/Michael_Love_sparsedata.pdf	403	0			text/html		
https://bioconductor.org/help/course-materials/2012/BiocEurope2012/Nicolas-Delhomme-easyRNAseq-Bioc-developer-meeting-Zurich-December-2012.pdf	403	0			text/html		
https://bioconductor.org/help/course-materials/2012/BiocEurope2012/Przemyslaw_Biecek_BITSEQ.pdf	403	0			text/html		
https://bioconductor.org/help/course-materials/2012/BiocEurope2012/Rejoinder.pdf	403	0			text/html		
https://bioconductor.org/help/course-materials/2012/BiocEurope2012/Rob_Scharpf_CNV_trios.pdf	403	0			text/html		
https://bioconductor.org/help/course-materials/2012/BiocEurope2012/SummarizedExperiment.pdf	403	0			text/html		
https://bioconductor.org/help/course-materials/2012/BiocEurope2012/Simon_Anders__DEXSeq__Zurich.pdf	403	0			text/html		
https://bioconductor.org/help/course-materials/2012/BiocEurope2012/Rory_Stark_DiffBind_Discussion.pdf	403	0			text/html		
https://bioconductor.org/help/course-materials/2012/BiocEurope2012/Tim_Yates_EnsemblREST.pdf	403	0			text/html		
https://bioconductor.org/help/course-materials/2012/BiocEurope2012/Torston_Hothorn_Reproducibility.pdf	403	0			text/html		
https://bioconductor.org/help/course-materials/2012/BiocEurope2012/Valerie_Obenchain_VariantAnnotation_ensemblVEP.pdf	403	0			text/html		
https://bioconductor.org/help/course-materials/2012/BiocEurope2012/Valerie_Obenchain_summarizeOverlaps.pdf	403	0			text/html		
https://bioconductor.org/help/course-materials/2012/BiocEurope2012/Vince_Carey_RPGQTL.pdf	403	0			text/html		
https://bioconductor.org/help/course-materials/2012/BiocEurope2012/andrea_riebler_baymeth.pdf	403	0			text/html		
https://bioconductor.org/help/course-materials/2012/BiocEurope2012/anita_lerch_quasR.pdf	403	0			text/html		
https://bioconductor.org/help/course-materials/2012/BiocEurope2012/chimera.calogero.pdf	403	0			text/html		
https://bioconductor.org/help/course-materials/2012/BiocEurope2012/lenka_Radova_exonarray.pdf	403	0			text/html		
https://bioconductor.org/help/course-materials/2012/BiocEurope2012/julian-gehring-multi-language-environments.pdf	403	0			text/html		
https://bioconductor.org/help/course-materials/2012/BiocEurope2012/mattia_pelizzola_methylPipe.pdf	403	0			text/html		
https://bioconductor.org/help/course-materials/2012/BiocEurope2012/rnaSeqMap.pdf	403	0			text/html		
https://bioconductor.org/help/course-materials/2012/BiocEurope2012/robert_castelo_qpgraph.pdf	403	0			text/html		
https://bioconductor.org/help/course-materials/2012/BiocEurope2012/willem_ligtenberg_reactome.pdf	403	0			text/html		
https://bioconductor.org/help/course-materials/2012/Bressanone2012/2012-07-02-Carey-reproducible-workflows.pdf	403	0			text/html		
https://bioconductor.org/help/course-materials/2012/Bressanone2012/2012-07-02-Gatto-Quick-Package.pdf	403	0			text/html		
https://bioconductor.org/help/course-materials/2012/Bressanone2012/2012-07-02-Gatto-R-Basics.pdf	403	0			text/html		
https://bioconductor.org/help/course-materials/2012/Bressanone2012/2012-07-02-Gentleman-Bioconductor.pdf	403	0			text/html		
https://bioconductor.org/help/course-materials/2012/Bressanone2012/2012-07-02-Huber-Microarrays.pdf	403	0			text/html		
https://bioconductor.org/help/course-materials/2012/Bressanone2012/2012-07-02-Morgan-bioc-for-seq-analysis.pdf	403	0			text/html		
https://bioconductor.org/help/course-materials/2012/Bressanone2012/2012-07-03-Carey-ranges.pdf	403	0			text/html		
https://bioconductor.org/help/course-materials/2012/Bressanone2012/2012-07-03-Anders-Sequencing-alignment.pdf	403	0			text/html		
https://bioconductor.org/help/course-materials/2012/Bressanone2012/2012-07-03-Morgan-reads-sequences-alignments.pdf	403	0			text/html		
https://bioconductor.org/help/course-materials/2012/Bressanone2012/2012-07-04-Anders-DESeq-DEXSeq.pdf	403	0			text/html		
https://bioconductor.org/help/course-materials/2012/Bressanone2012/2012-07-04-Gentleman-Statistics-intro.pdf	403	0			text/html		
https://bioconductor.org/help/course-materials/2012/Bressanone2012/2012-07-04-Huber-Multiple-testing-independent-filtering.pdf	403	0			text/html		
https://bioconductor.org/help/course-materials/2012/Bressanone2012/2012-07-05-Morgan-annotation.pdf	403	0			text/html		
https://bioconductor.org/help/course-materials/2012/Bressanone2012/2012-07-06-Gentleman-GSEA.pdf	403	0			text/html		
https://bioconductor.org/help/course-materials/2012/Bressanone2012/2012-07-06-Gentleman-Variant-calling.pdf	403	0			text/html		
https://bioconductor.org/help/course-materials/2012/Bressanone2012/2012-07-06-Huber-Machine-learning.pdf	403	0			text/html		
https://bioconductor.org/help/course-materials/2012/Bressanone2012/2012-07-06-Morgan-motifs.pdf	403	0			text/html		
https://bioconductor.org/help/course-materials/2012/Bressanone2012/2012-07-06-Morgan-splice-graphs.pdf	403	0			text/html		
https://bioconductor.org/help/course-materials/2012/Bressanone2012/BioCOverview2012.ppt	403	0			text/html		
https://bioconductor.org/help/course-materials/2012/Bressanone2012/EpigenomicsBrixen_Computational.pptx.pdf	403	0			text/html		
https://bioconductor.org/help/course-materials/2012/Bressanone2012/EpigenomicsBrixen_Intro.pptx.pdf	403	0			text/html		
https://bioconductor.org/help/course-materials/2012/Bressanone2012/Statistics101.ppt	403	0			text/html		
https://bioconductor.org/help/course-materials/2012/CSC2012/Bioconductor-tutorial.pdf	403	0			text/html		
https://bioconductor.org/help/course-materials/2012/Evomics2012/Bioconductor-tutorial.pdf	403	0			text/html		
https://bioconductor.org/help/course-materials/2012/Seattle-Oct-2012/AdvancedR.pdf	403	0			text/html		
https://bioconductor.org/help/course-materials/2012/SeattleFeb2012/Annotation.pdf	403	0			text/html		
https://bioconductor.org/help/course-materials/2012/SeattleFeb2012/BiocExomeData.pdf	403	0			text/html		
https://bioconductor.org/help/course-materials/2012/SeattleFeb2012/GenomicRanges_slides.pdf	403	0			text/html		
https://bioconductor.org/help/course-materials/2012/SeattleFeb2012/GenomicRanges_solutions.pdf	403	0			text/html		
https://bioconductor.org/help/course-materials/2012/SeattleFeb2012/Introduction	403	0			text/html		
https://bioconductor.org/help/course-materials/2012/SeattleFeb2012/VariantAnnotation_Slides.pdf	403	0			text/html		
https://bioconductor.org/help/course-materials/2012/SeattleFeb2012/VariantAnnotation_Exercises.pdf	403	0			text/html		
https://bioconductor.org/help/course-materials/2012/SeattleFeb2012/careyGenet.pdf	403	0			text/html		
https://bioconductor.org/help/course-materials/2012/SeattleFeb2012/tutorial.R	403	0			text/html		
https://bioconductor.org/help/course-materials/2013/Akron-Oct-2013/A01_Introduction.R	403	0			text/html		
https://bioconductor.org/help/course-materials/2012/SeattleFeb2012/tutorial.pdf	403	0			text/html		
https://bioconductor.org/help/course-materials/2012/SeattleMay2012/Bioconductor-tutorial.pdf	403	0			text/html		
https://bioconductor.org/help/course-materials/2012/useR2012/Bioconductor-tutorial.pdf	403	0			text/html		
https://bioconductor.org/help/course-materials/2012/SeattleFeb2012/isoformExprTutorial_0.0.5.tar.gz	403	0			text/html		
https://bioconductor.org/help/course-materials/2013/Akron-Oct-2013/A11_R.R	403	0			text/html		
https://bioconductor.org/help/course-materials/2013/Akron-Oct-2013/A12_Bioconductor.R	403	0			text/html		
https://bioconductor.org/help/course-materials/2013/Akron-Oct-2013/A13_LargeData.R	403	0			text/html		
https://bioconductor.org/help/course-materials/2013/Akron-Oct-2013/A21_StatisticalIssues.R	403	0			text/html		
https://bioconductor.org/help/course-materials/2013/Akron-Oct-2013/A22_DESeqWorkflow.R	403	0			text/html		
https://bioconductor.org/help/course-materials/2013/Akron-Oct-2013/StatisticalComputing.pdf	403	0			text/html		
https://bioconductor.org/help/course-materials/2013/Akron-Oct-2013/A23_AnnotationAndVisualization.R	403	0			text/html		
https://bioconductor.org/help/course-materials/2013/Akron-Oct-2013/SequenceAnalysisData_0.1.4.tar.gz	403	0			text/html		
https://bioconductor.org/help/course-materials/2013/Akron-Oct-2013/StatisticalComputing2013_0.3.1.tar.gz	403	0			text/html		
https://bioconductor.org/help/course-materials/2013/BioC2013/BaseSpaceR-BioC2013.pptx	403	0			text/html		
https://bioconductor.org/help/course-materials/2013/BioC2013/BioC2013-spatial-proteomics.pdf	403	0			text/html		
https://bioconductor.org/help/course-materials/2013/BioC2013/DESeq2_parathyroid.R	403	0			text/html		
https://bioconductor.org/help/course-materials/2013/BioC2013/BioC2013StarkDiffBindWorkshop.pdf	403	0			text/html		
https://bioconductor.org/help/course-materials/2013/BioC2013/ChIP-Seq.pdf	403	0			text/html		
https://bioconductor.org/help/course-materials/2013/BioC2013/DiffBindVignette.zip	403	0			text/html		
https://bioconductor.org/help/course-materials/2013/BioC2013/DESeq2_parathyroid.pdf	403	0			text/html		
https://bioconductor.org/help/course-materials/2013/BioC2013/DESeq2_parathyroid.Rnw	403	0			text/html		
https://bioconductor.org/help/course-materials/2013/BioC2013/BioC2013Stark.pdf	403	0			text/html		
https://bioconductor.org/help/course-materials/2013/BioC2013/Martin.pdf	403	0			text/html		
https://bioconductor.org/help/course-materials/2013/BioC2013/Quinlan-BioC-2013-July.pdf	403	0			text/html		
https://bioconductor.org/help/course-materials/2013/BioC2013/Pau.pdf	403	0			text/html		
https://bioconductor.org/help/course-materials/2013/BioC2013/Pau.key	403	0			text/html		
https://bioconductor.org/help/course-materials/2013/BioC2013/Paul.Pyl.pdf	403	0			text/html		
https://bioconductor.org/help/course-materials/2013/BioC2013/McCall.pdf	403	0			text/html		
https://bioconductor.org/help/course-materials/2013/BioC2013/RBiocForEveryone-lab.R	403	0			text/html		
https://bioconductor.org/help/course-materials/2013/BioC2013/ReportingToolsBioC2013.ppt	403	0			text/html		
https://bioconductor.org/help/course-materials/2013/BioC2013/RBiocForEveryone.pdf	403	0			text/html		
https://bioconductor.org/help/course-materials/2013/BioC2013/RStudio-BioC2013.pdf	403	0			text/html		
https://bioconductor.org/help/course-materials/2013/BioC2013/RBiocForEveryone.R	403	0			text/html		
https://bioconductor.org/help/course-materials/2013/BioC2013/S4ContainersForHTS_slides.pdf	403	0			text/html		
https://bioconductor.org/help/course-materials/2013/BioC2013/ReportingToolsWorkshop.zip	403	0			text/html		
https://bioconductor.org/help/course-materials/2013/BioC2013/ReproducibleResearchWorkshop.pdf	403	0			text/html		
https://bioconductor.org/help/course-materials/2013/BioC2013/RBiocForEveryone-lab.pdf	403	0			text/html		
https://bioconductor.org/help/course-materials/2013/BioC2013/ShinyInBioinformatics.pdf	403	0			text/html		
https://bioconductor.org/help/course-materials/2013/BioC2013/Tim.Triche.pdf	403	0			text/html		
https://bioconductor.org/help/course-materials/2013/BioC2013/Urbanek.pdf	403	0			text/html		
https://bioconductor.org/help/course-materials/2013/BioC2013/c-crash.R	403	0			text/html		
https://bioconductor.org/help/course-materials/2013/BioC2013/c-debugging.md	403	0			text/html		
https://bioconductor.org/help/course-materials/2013/BioC2013/c-valgrind.R	403	0			text/html		
https://bioconductor.org/help/course-materials/2013/BioC2013/c-valgrind.c	403	0			text/html		
https://bioconductor.org/help/course-materials/2013/BioC2013/line-profiling.R	403	0			text/html		
https://bioconductor.org/help/course-materials/2013/BioC2013/developer-day-debug	403	0			text/html		
https://bioconductor.org/help/course-materials/2013/BioC2013/developer-day-debug_full	403	0			text/html		
https://bioconductor.org/help/course-materials/2013/BioC2013/lawrence-batchjobs-demo.R	403	0			text/html		
https://bioconductor.org/help/course-materials/2013/BioC2013/minfiLab.pdf	403	0			text/html		
https://bioconductor.org/help/course-materials/2013/BioC2013/lawrence.pdf	403	0			text/html		
https://bioconductor.org/help/course-materials/2013/BioC2013/developer-day	403	0			text/html		
https://bioconductor.org/help/course-materials/2013/BioC2013/lawrence.R	403	0			text/html		
https://bioconductor.org/help/course-materials/2013/BioC2013/minfiRCode.R	403	0			text/html		
https://bioconductor.org/help/course-materials/2013/BioC2013/profiling.md	403	0			text/html		
https://bioconductor.org/help/course-materials/2013/BioC2013/rr_workshop.tgz	403	0			text/html		
https://bioconductor.org/help/course-materials/2013/BioC2013/shi.R	403	0			text/html		
https://bioconductor.org/help/course-materials/2013/BioC2013/shi.pdf	403	0			text/html		
https://bioconductor.org/help/course-materials/2013/CSAMA2013/friday/afternoon/D4_CalledVariants.R	403	0			text/html		
https://bioconductor.org/help/course-materials/2013/CSAMA2013/friday/afternoon/D1_GeneAnnotations.R	403	0			text/html		
https://bioconductor.org/help/course-materials/2013/CSAMA2013/friday/afternoon/D2_GenomicAnnotations.R	403	0			text/html		
https://bioconductor.org/help/course-materials/2013/CSAMA2013/Morgan2013_1.0.1.tar.gz	403	0			text/html		
https://bioconductor.org/help/course-materials/2013/CSAMA2013/friday/afternoon/D6_RegulatoryVariants.R	403	0			text/html		
https://bioconductor.org/help/course-materials/2013/CSAMA2013/friday/afternoon/D5_StructuralVariants.R	403	0			text/html		
https://bioconductor.org/help/course-materials/2013/CSAMA2013/friday/afternoon/D3_Visualization.R	403	0			text/html		
https://bioconductor.org/help/course-materials/2013/CSAMA2013/friday/afternoon/Morgan2013_0.9.0.tar.gz	403	0			text/html		
https://bioconductor.org/help/course-materials/2013/CSAMA2013/friday/afternoon/QuickPackage.pdf	403	0			text/html		
https://bioconductor.org/help/course-materials/2013/CSAMA2013/friday/afternoon/QuickPackage_1.0.tar.gz	403	0			text/html		
https://bioconductor.org/help/course-materials/2013/CSAMA2013/friday/afternoon/R-programming.R	403	0			text/html		
https://bioconductor.org/help/course-materials/2013/CSAMA2013/friday/afternoon/R-programming.pdf	403	0			text/html		
https://bioconductor.org/help/course-materials/2013/CSAMA2013/friday/afternoon/README	403	0			text/html		
https://bioconductor.org/help/course-materials/2013/CSAMA2013/friday/afternoon/S4-tutorial.R	403	0			text/html		
https://bioconductor.org/help/course-materials/2013/CSAMA2013/friday/afternoon/S4-tutorial.pdf	403	0			text/html		
https://bioconductor.org/help/course-materials/2013/CSAMA2013/friday/afternoon/annotation-visualization-variants.pdf	403	0			text/html		
https://bioconductor.org/help/course-materials/2013/CSAMA2013/friday/afternoon/src/parallel.R	403	0			text/html		
https://bioconductor.org/help/course-materials/2013/CSAMA2013/friday/afternoon/src/parallel_bioc.R	403	0			text/html		
https://bioconductor.org/help/course-materials/2013/CSAMA2013/friday/morning/morgan-pwms.pdf	403	0			text/html		
https://bioconductor.org/help/course-materials/2013/CSAMA2013/friday/morning/130628-brixen-imagephenotyping-huber.pdf	403	0			text/html		
https://bioconductor.org/help/course-materials/2013/CSAMA2013/friday/morning/GSEA2011.pdf	403	0			text/html		
https://bioconductor.org/help/course-materials/2013/CSAMA2013/friday/morning/RGCSAMA.pdf	403	0			text/html		
https://bioconductor.org/help/course-materials/2013/CSAMA2013/monday/afternoon/A1_SequenceAnalysis.R	403	0			text/html		
https://bioconductor.org/help/course-materials/2013/CSAMA2013/friday/morning/reproEmerg.pdf	403	0			text/html		
https://bioconductor.org/help/course-materials/2013/CSAMA2013/monday/afternoon/Data/.csv	403	0			text/html		
https://bioconductor.org/help/course-materials/2013/CSAMA2013/monday/afternoon/BigData.zip	403	0			text/html		
https://bioconductor.org/help/course-materials/2013/CSAMA2013/friday/afternoon/src/parallel_export_sympols.R	403	0			text/html		
https://bioconductor.org/help/course-materials/2013/CSAMA2013/monday/afternoon/A2_ReadsAndStrings.R	403	0			text/html		
https://bioconductor.org/help/course-materials/2013/CSAMA2013/monday/afternoon/A4_LargeData.R	403	0			text/html		
https://bioconductor.org/help/course-materials/2013/CSAMA2013/monday/afternoon/A3_AlignmentsAndRanges.R	403	0			text/html		
https://bioconductor.org/help/course-materials/2013/CSAMA2013/monday/afternoon/sequences-reads-ranges-alignments.pdf	200	0			application/pdf		
https://bioconductor.org/help/course-materials/2013/CSAMA2013/monday/afternoon/RefCards/Short-refcard.pdf	403	0			text/html		
https://bioconductor.org/help/course-materials/2013/CSAMA2013/monday/afternoon/R-Basics.pdf	403	0			text/html		
https://bioconductor.org/help/course-materials/2013/CSAMA2013/monday/afternoon/README	403	0			text/html		
https://bioconductor.org/help/course-materials/2013/CSAMA2013/monday/afternoon/RefCards/Rrefcard.pdf	403	0			text/html		
https://bioconductor.org/help/course-materials/2013/CSAMA2013/monday/afternoon/protocol/protocol.pdf	403	0			text/html		
https://bioconductor.org/help/course-materials/2013/CSAMA2013/monday/morning/130624-brixen-microarrays-huber.pdf	403	0			text/html		
https://bioconductor.org/help/course-materials/2013/CSAMA2013/monday/afternoon/R-Basics.R	403	0			text/html		
https://bioconductor.org/help/course-materials/2013/CSAMA2013/monday/morning/130624-brixen-microarrays-huber.key	403	0			text/html		
https://bioconductor.org/help/course-materials/2013/CSAMA2013/monday/morning/130624-gentleman-statistics-intro.pdf	403	0			text/html		
https://bioconductor.org/help/course-materials/2013/CSAMA2013/thursday/afternoon/DEXSeq.pdf	403	0			text/html		
https://bioconductor.org/help/course-materials/2013/CSAMA2013/monday/morning/Anders__Alignment_Basics.odp	403	0			text/html		
https://bioconductor.org/help/course-materials/2013/CSAMA2013/monday/morning/morgan-r-bioconductor-intro.pdf	403	0			text/html		
https://bioconductor.org/help/course-materials/2013/CSAMA2013/thursday/afternoon/anno.Rdata	403	0			text/html		
https://bioconductor.org/help/course-materials/2013/CSAMA2013/monday/morning/Anders__Alignment_Basics.pdf	403	0			text/html		
https://bioconductor.org/help/course-materials/2013/CSAMA2013/thursday/afternoon/methGR.Rdata	403	0			text/html		
https://bioconductor.org/help/course-materials/2013/CSAMA2013/thursday/afternoon/DEXSeq.R	403	0			text/html		
https://bioconductor.org/help/course-materials/2013/CSAMA2013/thursday/afternoon/chipseq_thurs_pm.pdf	403	0			text/html		
https://bioconductor.org/help/course-materials/2013/CSAMA2013/thursday/afternoon/d.Rdata	403	0			text/html		
https://bioconductor.org/help/course-materials/2013/CSAMA2013/thursday/afternoon/expr.Rdata	403	0			text/html		
https://bioconductor.org/help/course-materials/2013/CSAMA2013/thursday/morning/130627-multtestindepfilt-huber.pdf	403	0			text/html		
https://bioconductor.org/help/course-materials/2013/CSAMA2013/thursday/morning/130627-multtestindepfilt-huber.key	403	0			text/html		
https://bioconductor.org/help/course-materials/2013/CSAMA2013/tuesday/afternoon/DESeq2_parathyroid.R	403	0			text/html		
https://bioconductor.org/help/course-materials/2013/CSAMA2013/thursday/morning/integr.pdf	403	0			text/html		
https://bioconductor.org/help/course-materials/2013/CSAMA2013/thursday/morning/morgan-annotation.pdf	403	0			text/html		
https://bioconductor.org/help/course-materials/2013/CSAMA2013/thursday/morning/morgan-big-data.pdf	403	0			text/html		
https://bioconductor.org/help/course-materials/2013/CSAMA2013/thursday/afternoon/chipseq_thurs_pm.R	403	0			text/html		
https://bioconductor.org/help/course-materials/2013/CSAMA2013/tuesday/afternoon/DESeq_protocol.pdf	403	0			text/html		
https://bioconductor.org/help/course-materials/2013/CSAMA2013/tuesday/afternoon/DESeq2_parathyroid.Rnw	403	0			text/html		
https://bioconductor.org/help/course-materials/2013/CSAMA2013/tuesday/afternoon/DESeq2_parathyroid.pdf	403	0			text/html		
https://bioconductor.org/help/course-materials/2013/CSAMA2013/tuesday/afternoon/library.bib	403	0			text/html		
https://bioconductor.org/help/course-materials/2013/CSAMA2013/tuesday/afternoon/localUcscTable.csv	403	0			text/html		
https://bioconductor.org/help/course-materials/2013/CSAMA2013/tuesday/morning/Anders__DESeq_DEXSeq.pdf	403	0			text/html		
https://bioconductor.org/help/course-materials/2013/CSAMA2013/tuesday/morning/bvis.bib	403	0			text/html		
https://bioconductor.org/help/course-materials/2013/CSAMA2013/tuesday/morning/brixvis2013.Rnw	403	0			text/html		
https://bioconductor.org/help/course-materials/2013/CSAMA2013/tuesday/morning/geneSeg.pdf	403	0			text/html		
https://bioconductor.org/help/course-materials/2013/CSAMA2013/tuesday/morning/karchHilb.pdf	403	0			text/html		
https://bioconductor.org/help/course-materials/2013/CSAMA2013/tuesday/morning/morgan-sequences-reads-ranges-alignments-suppl.txt	403	0			text/html		
https://bioconductor.org/help/course-materials/2013/CSAMA2013/tuesday/morning/vislec.pdf	403	0			text/html		
https://bioconductor.org/help/course-materials/2013/CSAMA2013/tuesday/morning/morgan-sequences-reads-ranges-alignments.pdf	403	0			text/html		
https://bioconductor.org/help/course-materials/2013/CSAMA2013/wednesday/morning/130626-brixen-machinelearn-huber.key	403	0			text/html		
https://bioconductor.org/help/course-materials/2013/CSAMA2013/wednesday/morning/130626-brixen-machinelearn-huber.pdf	403	0			text/html		
https://bioconductor.org/help/course-materials/2013/CSAMA2013/wednesday/morning/Epigenomics_Lecture1.pdf	403	0			text/html		
https://bioconductor.org/help/course-materials/2013/CSAMA2013/wednesday/morning/Epigenomics_Lecture2.pdf	403	0			text/html		
https://bioconductor.org/help/course-materials/2013/EMBOBGI/	403	0			text/html		
https://bioconductor.org/help/course-materials/2013/EMBOBGI/Annotation-and-ranges.R	403	0			text/html		
https://bioconductor.org/help/course-materials/2013/EMBOBGI/131119-bgi-huber-de.pdf	403	0			text/html		
https://bioconductor.org/help/course-materials/2013/EMBOBGI/131121-bgi-huber-multtestindepfilt.pdf	403	0			text/html		
https://bioconductor.org/help/course-materials/2013/EMBOBGI/2013-EMBO-Machine_Learning-GangChen.zip	403	0			text/html		
https://bioconductor.org/help/course-materials/2013/EMBOBGI/2013_11__BGI-HTS-Course__DESeq2_DEXSeq.pdf	403	0			text/html		
https://bioconductor.org/help/course-materials/2013/EMBOBGI/130612-csda-viz-huber.pdf	403	0			text/html		
https://bioconductor.org/help/course-materials/2013/EMBOBGI/Annotation-and-ranges.pdf	403	0			text/html		
https://bioconductor.org/help/course-materials/2013/EMBOBGI/Annotation.R	403	0			text/html		
https://bioconductor.org/help/course-materials/2013/EMBOBGI/Annotation.pdf	403	0			text/html		
https://bioconductor.org/help/course-materials/2013/EMBOBGI/Archiving_NGS_Rustici.pdf	403	0			text/html		
https://bioconductor.org/help/course-materials/2013/EMBOBGI/DESeq2_parathyroid.R	403	0			text/html		
https://bioconductor.org/help/course-materials/2013/EMBOBGI/Morgan-RBioc-intro.pdf	403	0			text/html		
https://bioconductor.org/help/course-materials/2013/EMBOBGI/EMBOBGI_0.0.2.tar.gz	403	0			text/html		
https://bioconductor.org/help/course-materials/2013/EMBOBGI/DESeq2_parathyroid.pdf	403	0			text/html		
https://bioconductor.org/help/course-materials/2013/EMBOBGI/Ensembl_coursebook.pdf	403	0			text/html		
https://bioconductor.org/help/course-materials/2013/EMBOBGI/GeneSetEnrichment.pdf	403	0			text/html		
https://bioconductor.org/help/course-materials/2013/EMBOBGI/R-Basics-Huber/R-Basics.pdf	403	0			text/html		
https://bioconductor.org/help/course-materials/2013/EMBOBGI/NGS_challenges_Rustici.pdf	403	0			text/html		
https://bioconductor.org/help/course-materials/2013/EMBOBGI/Pathway_analysis_Rustici.pdf	403	0			text/html		
https://bioconductor.org/help/course-materials/2013/EMBOBGI/Morgan-Working-with-seq-data.pdf	403	0			text/html		
https://bioconductor.org/help/course-materials/2013/EMBOBGI/Ranges.R	403	0			text/html		
https://bioconductor.org/help/course-materials/2013/EMBOBGI/Ranges.pdf	403	0			text/html		
https://bioconductor.org/help/course-materials/2013/EMBOBGI/R-Basics-Huber/R-Basics.R	403	0			text/html		
https://bioconductor.org/help/course-materials/2013/EMBOBGI/Reactome_Tutorial.pdf	403	0			text/html		
https://bioconductor.org/help/course-materials/2013/EMBOBGI/localUcscTable.csv	403	0			text/html		
https://bioconductor.org/help/course-materials/2013/EMBOBGI/Working-with-sequence-data.R	403	0			text/html		
https://bioconductor.org/help/course-materials/2013/EMBOBGI/reproducible-research.pdf	403	0			text/html		
https://bioconductor.org/help/course-materials/2013/EMBOBGI/reproducible-research.Rmd	403	0			text/html		
https://bioconductor.org/help/course-materials/2013/EMBOBGI/mappingprac.pdf	403	0			text/html		
https://bioconductor.org/help/course-materials/2013/GenentechMay2013/Genentech2013.R	403	0			text/html		
https://bioconductor.org/help/course-materials/2013/GenentechMay2013/Genentech2013.pdf	403	0			text/html		
https://bioconductor.org/help/course-materials/2013/SeattleMay2013/IntermediateSequenceAnalysis2013.R	403	0			text/html		
https://bioconductor.org/help/course-materials/2013/UnderstandingRBioc2013/A_Introduction.Rmd	403	0			text/html		
https://bioconductor.org/help/course-materials/2013/SeattleFeb2013/IntermediateSequenceAnalysis2013.pdf	403	0			text/html		
https://bioconductor.org/help/course-materials/2013/SeattleMay2013/IntermediateSequenceAnalysis2013.pdf	403	0			text/html		
https://bioconductor.org/help/course-materials/2013/UnderstandingRBioc2013/A_Introduction.html	403	0			text/html		
https://bioconductor.org/help/course-materials/2013/UnderstandingRBioc2013/B1_RLanguage.R	403	0			text/html		
https://bioconductor.org/help/course-materials/2013/UnderstandingRBioc2013/B1_RLanguage.Rmd	403	0			text/html		
https://bioconductor.org/help/course-materials/2013/UnderstandingRBioc2013/B1_RLanguage.html	403	0			text/html		
https://bioconductor.org/help/course-materials/2013/UnderstandingRBioc2013/B2_CommonPitfalls.R	403	0			text/html		
https://bioconductor.org/help/course-materials/2013/UnderstandingRBioc2013/B2_CommonPitfalls.Rmd	403	0			text/html		
https://bioconductor.org/help/course-materials/2013/UnderstandingRBioc2013/B2_CommonPitfalls.html	403	0			text/html		
https://bioconductor.org/help/course-materials/2013/UnderstandingRBioc2013/B3_Parallel.R	403	0			text/html		
https://bioconductor.org/help/course-materials/2013/UnderstandingRBioc2013/B3_Parallel.Rmd	403	0			text/html		
https://bioconductor.org/help/course-materials/2013/UnderstandingRBioc2013/B3_Parallel.html	403	0			text/html		
https://bioconductor.org/help/course-materials/2013/UnderstandingRBioc2013/C1_Objects.R	403	0			text/html		
https://bioconductor.org/help/course-materials/2013/UnderstandingRBioc2013/C1_Objects.Rmd	403	0			text/html		
https://bioconductor.org/help/course-materials/2013/UnderstandingRBioc2013/C1_Objects.html	403	0			text/html		
https://bioconductor.org/help/course-materials/2013/UnderstandingRBioc2013/C2_S4Objects.R	403	0			text/html		
https://bioconductor.org/help/course-materials/2013/UnderstandingRBioc2013/C2_S4Objects.Rmd	403	0			text/html		
https://bioconductor.org/help/course-materials/2013/UnderstandingRBioc2013/C2_S4Objects.html	403	0			text/html		
https://bioconductor.org/help/course-materials/2013/UnderstandingRBioc2013/C3_S4InBioc.Rmd	403	0			text/html		
https://bioconductor.org/help/course-materials/2013/UnderstandingRBioc2013/C3_S4InBioc.R	403	0			text/html		
https://bioconductor.org/help/course-materials/2013/UnderstandingRBioc2013/C3_S4InBioc.html	403	0			text/html		
https://bioconductor.org/help/course-materials/2013/UnderstandingRBioc2013/D0_CInterface.R	403	0			text/html		
https://bioconductor.org/help/course-materials/2013/UnderstandingRBioc2013/D0_CInterface.Rmd	403	0			text/html		
https://bioconductor.org/help/course-materials/2013/UnderstandingRBioc2013/D0_CInterface.html	403	0			text/html		
https://bioconductor.org/help/course-materials/2013/UnderstandingRBioc2013/D3_CInterface_Rcpp.R	403	0			text/html		
https://bioconductor.org/help/course-materials/2013/UnderstandingRBioc2013/D3_CInterface_Rcpp.Rmd	403	0			text/html		
https://bioconductor.org/help/course-materials/2013/UnderstandingRBioc2013/D3_CInterface_Rcpp.html	403	0			text/html		
https://bioconductor.org/help/course-materials/2013/UnderstandingRBioc2013/D4_CInterface_Debugging.R	403	0			text/html		
https://bioconductor.org/help/course-materials/2013/UnderstandingRBioc2013/D4_CInterface_Debugging.Rmd	403	0			text/html		
https://bioconductor.org/help/course-materials/2013/UnderstandingRBioc2013/D4_CInterface_Debugging.html	403	0			text/html		
https://bioconductor.org/help/course-materials/2013/UnderstandingRBioc2013/E0_Database_etc.R	403	0			text/html		
https://bioconductor.org/help/course-materials/2013/UnderstandingRBioc2013/E0_Database_etc.Rmd	403	0			text/html		
https://bioconductor.org/help/course-materials/2013/UnderstandingRBioc2013/E0_Database_etc.html	403	0			text/html		
https://bioconductor.org/help/course-materials/2013/UnderstandingRBioc2013/E1_Database.R	403	0			text/html		
https://bioconductor.org/help/course-materials/2013/UnderstandingRBioc2013/E1_Database.Rmd	403	0			text/html		
https://bioconductor.org/help/course-materials/2013/UnderstandingRBioc2013/E1_Database.html	403	0			text/html		
https://bioconductor.org/help/course-materials/2013/UnderstandingRBioc2013/E2_XML.R	403	0			text/html		
https://bioconductor.org/help/course-materials/2013/UnderstandingRBioc2013/E2_XML.Rmd	403	0			text/html		
https://bioconductor.org/help/course-materials/2013/UnderstandingRBioc2013/E2_XML.html	403	0			text/html		
https://bioconductor.org/help/course-materials/2013/UnderstandingRBioc2013/E3_shiny.R	403	0			text/html		
https://bioconductor.org/help/course-materials/2013/UnderstandingRBioc2013/E3_shiny.html	403	0			text/html		
https://bioconductor.org/help/course-materials/2013/UnderstandingRBioc2013/E3_shiny.Rmd	403	0			text/html		
https://bioconductor.org/help/course-materials/2013/UnderstandingRBioc2013/F_Summary.Rmd	403	0			text/html		
https://bioconductor.org/help/course-materials/2014/BioC2014/2014-08-01-McMurdie-BioC-Slides.pdf	403	0			text/html		
https://bioconductor.org/help/course-materials/2013/UnderstandingRBioc2013/UnderstandingRBioc_0.0.2.tar.gz	403	0			text/html		
https://bioconductor.org/help/course-materials/2013/useR2013/Bioconductor-tutorial.R	403	0			text/html		
https://bioconductor.org/help/course-materials/2013/useR2013/Bioconductor-tutorial.pdf	403	0			text/html		
https://bioconductor.org/help/course-materials/2013/UnderstandingRBioc2013/F_Summary.html	403	0			text/html		
https://bioconductor.org/help/course-materials/2013/useR2013/useR2013_0.1.5.tar.gz	403	0			text/html		
https://bioconductor.org/help/course-materials/2014/BioC2014/BCell_Examples.RData	403	0			text/html		
https://bioconductor.org/help/course-materials/2014/BioC2014/BioC2014_edgeR_voom.html	403	0			text/html		
https://bioconductor.org/help/course-materials/2014/BioC2014/BioC2014_edgeR_voom.md	403	0			text/html		
https://bioconductor.org/help/course-materials/2014/BioC2014/Bioc2014_ChIPQC_Practical.pdf	403	0			text/html		
https://bioconductor.org/help/course-materials/2014/BioC2014/Bioc2014_ChIPQC_Practical.R	403	0			text/html		
https://bioconductor.org/help/course-materials/2014/BioC2014/DeveloperDayIntroduction.pdf	403	0			text/html		
https://bioconductor.org/help/course-materials/2014/BioC2014/Bioc2014_Waldron_metaanalysis.R	403	0			text/html		
https://bioconductor.org/help/course-materials/2014/BioC2014/CRISPRdemo.R	403	0			text/html		
https://bioconductor.org/help/course-materials/2014/BioC2014/CRISPRdemo.html	403	0			text/html		
https://bioconductor.org/help/course-materials/2014/BioC2014/CRISPRseek-forBioc2014.pdf	403	0			text/html		
https://bioconductor.org/help/course-materials/2014/BioC2014/ChIPQC_Presentation.pdf	403	0			text/html		
https://bioconductor.org/help/course-materials/2014/BioC2014/CRISPRdemo.Rmd	403	0			text/html		
https://bioconductor.org/help/course-materials/2014/BioC2014/Frazee.pdf	403	0			text/html		
https://bioconductor.org/help/course-materials/2014/BioC2014/Gatto.R	403	0			text/html		
https://bioconductor.org/help/course-materials/2014/BioC2014/Gatto.Rmd	403	0			text/html		
https://bioconductor.org/help/course-materials/2014/BioC2014/Gatto.html	403	0			text/html		
https://bioconductor.org/help/course-materials/2014/BioC2014/GenomicRangesHOWTOs.pdf	403	0			text/html		
https://bioconductor.org/help/course-materials/2014/BioC2014/Homo_sapiens.GRCh37.75.subset.gtf.gz	403	0			text/html		
https://bioconductor.org/help/course-materials/2014/BioC2014/Horan.pdf	403	0			text/html		
https://bioconductor.org/help/course-materials/2014/BioC2014/Lawrence_Tutorial.R	403	0			text/html		
https://bioconductor.org/help/course-materials/2014/BioC2014/IntAnalysis.Rmd	403	0			text/html		
https://bioconductor.org/help/course-materials/2014/BioC2014/IntAnalysis.html	403	0			text/html		
https://bioconductor.org/help/course-materials/2014/BioC2014/IntAnalysis.R	403	0			text/html		
https://bioconductor.org/help/course-materials/2014/BioC2014/Lawrence_Talk.pdf	403	0			text/html		
https://bioconductor.org/help/course-materials/2014/BioC2014/Lawrence_Tutorial.pdf	403	0			text/html		
https://bioconductor.org/help/course-materials/2014/BioC2014/MM_Bioconductor_7-31-14.pptx	403	0			text/html		
https://bioconductor.org/help/course-materials/2014/BioC2014/Meng2014_Figures.zip	403	0			text/html		
https://bioconductor.org/help/course-materials/2014/BioC2014/OpenCytoPracticalComponent.R	403	0			text/html		
https://bioconductor.org/help/course-materials/2014/BioC2014/OpenCytoTutorial.R	403	0			text/html		
https://bioconductor.org/help/course-materials/2014/BioC2014/OpenCytoPracticalComponent.html	403	0			text/html		
https://bioconductor.org/help/course-materials/2014/BioC2014/OpenCytoPracticalComponent.Rmd	403	0			text/html		
https://bioconductor.org/help/course-materials/2014/BioC2014/OpenCytoTutorial.Rmd	403	0			text/html		
https://bioconductor.org/help/course-materials/2014/BioC2014/OpenCytoTutorial.html	403	0			text/html		
https://bioconductor.org/help/course-materials/2014/BioC2014/ParallelBioc-solutions.R	403	0			text/html		
https://bioconductor.org/help/course-materials/2014/BioC2014/ParallelBioc.R	403	0			text/html		
https://bioconductor.org/help/course-materials/2014/BioC2014/ParallelBioc.pdf	403	0			text/html		
https://bioconductor.org/help/course-materials/2014/BioC2014/RBiocForEveryone-lab.R	403	0			text/html		
https://bioconductor.org/help/course-materials/2014/BioC2014/RBiocForEveryone-lab.pdf	403	0			text/html		
https://bioconductor.org/help/course-materials/2014/BioC2014/RBiocForEveryone.pdf	403	0			text/html		
https://bioconductor.org/help/course-materials/2014/BioC2014/RNA-Seq-Analysis-Lab.R	403	0			text/html		
https://bioconductor.org/help/course-materials/2014/BioC2014/RNA-Seq-Analysis-Lab.Rnw	403	0			text/html		
https://bioconductor.org/help/course-materials/2014/BioC2014/VariantCallingTutorial_1.0.0.tar.gz	403	0			text/html		
https://bioconductor.org/help/course-materials/2014/BioC2014/Sonali_bioc_beamer.pdf	403	0			text/html		
https://bioconductor.org/help/course-materials/2014/BioC2014/dmrs_B1000_c02.rda	403	0			text/html		
https://bioconductor.org/help/course-materials/2014/BioC2014/background_MCIA.pdf	403	0			text/html		
https://bioconductor.org/help/course-materials/2014/BioC2014/eqtl2014.html	403	0			text/html		
https://bioconductor.org/help/course-materials/2014/BioC2014/RNA-Seq-Analysis-Lab.pdf	403	0			text/html		
https://bioconductor.org/help/course-materials/2014/BioC2014/edgeR_voom_lecture.pdf	403	0			text/html		
https://bioconductor.org/help/course-materials/2014/BioC2014/eqtl2014.R	403	0			text/html		
https://bioconductor.org/help/course-materials/2014/BioC2014/eqtl2014.Rmd	403	0			text/html		
https://bioconductor.org/help/course-materials/2014/BioC2014/Yuan_GC_Bioconductor.pptx	403	0			text/html		
https://bioconductor.org/help/course-materials/2014/BioC2014/references.zip	403	0			text/html		
https://bioconductor.org/help/course-materials/2014/BioC2014/minfi_BioC2014.Rnw	403	0			text/html		
https://bioconductor.org/help/course-materials/2014/BioC2014/minfi_BioC2014.pdf	403	0			text/html		
https://bioconductor.org/help/course-materials/2014/BioC2014/minfi_BioC2014.R	403	0			text/html		
https://bioconductor.org/help/course-materials/2014/BioC2014/sampleTable.csv	403	0			text/html		
https://bioconductor.org/help/course-materials/2014/CSAMA2014/1_Monday/labs/IntermediateR.R	403	0			text/html		
https://bioconductor.org/help/course-materials/2014/CSAMA2014/1_Monday/labs/R-Basics.zip	403	0			text/html		
https://bioconductor.org/help/course-materials/2014/CSAMA2014/1_Monday/labs/IntermediateR.html	403	0			text/html		
https://bioconductor.org/help/course-materials/2014/CSAMA2014/1_Monday/labs/IntermediateR1_1.0.0.tar.gz	403	0			text/html		
https://bioconductor.org/help/course-materials/2014/CSAMA2014/1_Monday/labs/CSAMA2014ScalableComputingLab_0.0.1.tar.gz	403	0			text/html		
https://bioconductor.org/help/course-materials/2014/CSAMA2014/1_Monday/labs/ScalableComputing.pdf	403	0			text/html		
https://bioconductor.org/help/course-materials/2014/CSAMA2014/1_Monday/labs/solutionsToVizlab.pdf	403	0			text/html		
https://bioconductor.org/help/course-materials/2014/CSAMA2014/1_Monday/labs/vizlab14.R	403	0			text/html		
https://bioconductor.org/help/course-materials/2014/CSAMA2014/1_Monday/labs/vizlab14.pdf	403	0			text/html		
https://bioconductor.org/help/course-materials/2014/CSAMA2014/1_Monday/lectures/140623-brixen-huber-multtestindepfilt.pdf	403	0			text/html		
https://bioconductor.org/help/course-materials/2014/CSAMA2014/1_Monday/lectures/140623-gentleman-statistics-intro.pdf	403	0			text/html		
https://bioconductor.org/help/course-materials/2014/CSAMA2014/2_Tuesday/labs/Homo_sapiens.GRCh37.75.subset.gtf.gz	403	0			text/html		
https://bioconductor.org/help/course-materials/2014/CSAMA2014/2_Tuesday/labs/RNA-Seq-Analysis-Lab.Rnw	403	0			text/html		
https://bioconductor.org/help/course-materials/2014/CSAMA2014/2_Tuesday/labs/DESeq2_result_table.RData	403	0			text/html		
https://bioconductor.org/help/course-materials/2014/CSAMA2014/1_Monday/lectures/140623-morgan-introduction.pdf	403	0			text/html		
https://bioconductor.org/help/course-materials/2014/CSAMA2014/2_Tuesday/labs/RNA-Seq-Analysis-Lab.R	403	0			text/html		
https://bioconductor.org/help/course-materials/2014/CSAMA2014/1_Monday/lectures/HTS_intro__Anders.pdf	403	0			text/html		
https://bioconductor.org/help/course-materials/2014/CSAMA2014/2_Tuesday/labs/RNA-Seq-Analysis-Lab.bib	403	0			text/html		
https://bioconductor.org/help/course-materials/2014/CSAMA2014/2_Tuesday/labs/RNA-Seq-Analysis-Lab.pdf	403	0			text/html		
https://bioconductor.org/help/course-materials/2014/CSAMA2014/2_Tuesday/lectures/DESeq2-Anders.pdf	403	0			text/html		
https://bioconductor.org/help/course-materials/2014/CSAMA2014/2_Tuesday/lectures/Ranges_Sequences_and_Alignments-Lawrence.pdf	403	0			text/html		
https://bioconductor.org/help/course-materials/2014/CSAMA2014/2_Tuesday/lectures/Visualization_in_Statistical_Genomics-Carey.pdf	403	0			text/html		
https://bioconductor.org/help/course-materials/2014/CSAMA2014/3_Wednesday/labs/Tutorial.pdf	403	0			text/html		
https://bioconductor.org/help/course-materials/2014/CSAMA2014/3_Wednesday/lectures/Annotation_slides.pdf	403	0			text/html		
https://bioconductor.org/help/course-materials/2014/CSAMA2014/3_Wednesday/labs/Tutorial.R	403	0			text/html		
https://bioconductor.org/help/course-materials/2014/CSAMA2014/3_Wednesday/labs/ExampleData.zip	403	0			text/html		
https://bioconductor.org/help/course-materials/2014/CSAMA2014/3_Wednesday/lectures/GSEA2014.pdf	403	0			text/html		
https://bioconductor.org/help/course-materials/2014/CSAMA2014/3_Wednesday/lectures/Annotation_slides_script.R	403	0			text/html		
https://bioconductor.org/help/course-materials/2014/CSAMA2014/3_Wednesday/lectures/CSAMA2014.variant.visualisation.and.qc.pdf	403	0			text/html		
https://bioconductor.org/help/course-materials/2014/CSAMA2014/4_Thursday/labs/Annotation_lab.pdf	403	0			text/html		
https://bioconductor.org/help/course-materials/2014/CSAMA2014/3_Wednesday/lectures/VariantCallingLecture.pdf	403	0			text/html		
https://bioconductor.org/help/course-materials/2014/CSAMA2014/4_Thursday/labs/Annotation_lab.R	403	0			text/html		
https://bioconductor.org/help/course-materials/2014/CSAMA2014/4_Thursday/lectures/ChIPSeq_slides_script.R	403	0			text/html		
https://bioconductor.org/help/course-materials/2014/CSAMA2014/5_Friday/lectures/ExpDesign_Anders.pdf	403	0			text/html		
https://bioconductor.org/help/course-materials/2014/CSAMA2014/4_Thursday/lectures/ChIPSeq_slides.pdf	403	0			text/html		
https://bioconductor.org/help/course-materials/2014/CSAMA2014/3_Wednesday/labs/NRAS.tally.hfs5	403	0			text/html		
https://bioconductor.org/help/course-materials/2014/CSAMA2014/4_Thursday/lectures/thursClust.html	403	0			text/html		
https://bioconductor.org/help/course-materials/2014/CSAMA2014/4_Thursday/lectures/isoforms_dexseq_talk.pdf	403	0			text/html		
https://bioconductor.org/help/course-materials/2014/CSAMA2014/5_Friday/lectures/proteomics_slides.pdf	403	0			text/html		
https://bioconductor.org/help/course-materials/2014/Epigenomics/BiocForEpigenomics.pdf	403	0			text/html		
https://bioconductor.org/help/course-materials/2014/Epigenomics/BiocForEpigenomics.Rnw	403	0			text/html		
https://bioconductor.org/help/course-materials/2014/CSAMA2014/5_Friday/lectures/ImageData.pdf	403	0			text/html		
https://bioconductor.org/help/course-materials/2014/CSAMA2014/5_Friday/lectures/vjcEQTLfri.pdf	403	0			text/html		
https://bioconductor.org/help/course-materials/2014/Epigenomics/BiocForSequenceAnalysis.R	403	0			text/html		
https://bioconductor.org/help/course-materials/2014/CSAMA2014/5_Friday/labs/rauthoring_0.2.2.tar.gz	403	0			text/html		
https://bioconductor.org/help/course-materials/2014/Epigenomics/CountingReadsForRNASeq.pdf	403	0			text/html		
https://bioconductor.org/help/course-materials/2014/Epigenomics/CountingReadsForRNASeq.Rnw	403	0			text/html		
https://bioconductor.org/help/course-materials/2014/Epigenomics/BiocForSequenceAnalysis.Rmd	403	0			text/html		
https://bioconductor.org/help/course-materials/2014/Epigenomics/BiocForSequenceAnalysis.html	403	0			text/html		
https://bioconductor.org/help/course-materials/2014/Epigenomics/BiocForEpigenomics.R	403	0			text/html		
https://bioconductor.org/help/course-materials/2014/Epigenomics/CountingReadsForRNASeq.R	403	0			text/html		
https://bioconductor.org/help/course-materials/2014/CSAMA2014/4_Thursday/lectures/140626-brixen-machinelearn-huber.pdf	403	0			text/html		
https://bioconductor.org/help/course-materials/2014/Epigenomics/IntroductionToR.Rpres	403	0			text/html		
https://bioconductor.org/help/course-materials/2014/Epigenomics/IntroductionToR.html	403	0			text/html		
https://bioconductor.org/help/course-materials/2014/Epigenomics/MethylationArrays-lab.R	403	0			text/html		
https://bioconductor.org/help/course-materials/2014/Epigenomics/MethylationArrays-lab.Rmd	403	0			text/html		
https://bioconductor.org/help/course-materials/2014/Epigenomics/MethylationArrays-lab.html	403	0			text/html		
https://bioconductor.org/help/course-materials/2014/Epigenomics/MethylationArrays.Rpres	403	0			text/html		
https://bioconductor.org/help/course-materials/2014/Epigenomics/MethylationArrays.html	403	0			text/html		
https://bioconductor.org/help/course-materials/2014/Epigenomics/RNASeqShortCourse.pdf	403	0			text/html		
https://bioconductor.org/help/course-materials/2014/Epigenomics/SequenceDataRepresentation.Rmd	403	0			text/html		
https://bioconductor.org/help/course-materials/2014/Epigenomics/SequenceDataRepresentation.R	403	0			text/html		
https://bioconductor.org/help/course-materials/2014/Epigenomics/SequenceDataRepresentation.html	403	0			text/html		
https://bioconductor.org/help/course-materials/2014/Epigenomics/eQTLtalk.pdf	403	0			text/html		
https://bioconductor.org/help/course-materials/2014/ISMB2014/ISMB2014_WaldronOverview.pdf	403	0			text/html		
https://bioconductor.org/help/course-materials/2014/ISMB2014/Annotation_slides.pdf	403	0			text/html		
https://bioconductor.org/help/course-materials/2014/ISMB2014/brca1.R	403	0			text/html		
https://bioconductor.org/help/course-materials/2014/ISMB2014/enhancer-snps.R	403	0			text/html		
https://bioconductor.org/help/course-materials/2014/ISMB2014/vjcScalable2.pptx	403	0			text/html		
https://bioconductor.org/help/course-materials/2014/SeattleFeb2014/Annotation_slides.pdf	403	0			text/html		
https://bioconductor.org/help/course-materials/2014/SeattleFeb2014/Annotation.Rnw	403	0			text/html		
https://bioconductor.org/help/course-materials/2014/SeattleFeb2014/Annotation.R	403	0			text/html		
https://bioconductor.org/help/course-materials/2014/SeattleFeb2014/Annotation.pdf	403	0			text/html		
https://bioconductor.org/help/course-materials/2014/SeattleFeb2014/Annotation_slides.Rnw	403	0			text/html		
https://bioconductor.org/help/course-materials/2014/SeattleFeb2014/Annotation_slides.R	403	0			text/html		
https://bioconductor.org/help/course-materials/2014/NewPackageHangout2014/PackageHangout.html	403	0			text/html		
https://bioconductor.org/help/course-materials/2014/SeattleFeb2014/BiocIntro_0.0.4.tar.gz	403	0			text/html		
https://bioconductor.org/help/course-materials/2014/SeattleFeb2014/Bioconductor.R	403	0			text/html		
https://bioconductor.org/help/course-materials/2014/SeattleFeb2014/Bioconductor.Rnw	403	0			text/html		
https://bioconductor.org/help/course-materials/2014/SeattleFeb2014/Bioconductor_sequences.R	403	0			text/html		
https://bioconductor.org/help/course-materials/2014/SeattleFeb2014/Bioconductor.pdf	403	0			text/html		
https://bioconductor.org/help/course-materials/2014/SeattleFeb2014/Bioconductor_sequences.Rnw	403	0			text/html		
https://bioconductor.org/help/course-materials/2014/SeattleFeb2014/Bioconductor_sequences.pdf	403	0			text/html		
https://bioconductor.org/help/course-materials/2014/SeattleFeb2014/Bioconductor_slides.R	403	0			text/html		
https://bioconductor.org/help/course-materials/2014/SeattleFeb2014/Bioconductor_slides.Rnw	403	0			text/html		
https://bioconductor.org/help/course-materials/2014/SeattleFeb2014/R.Rnw	403	0			text/html		
https://bioconductor.org/help/course-materials/2014/SeattleFeb2014/Bioconductor_slides.pdf	403	0			text/html		
https://bioconductor.org/help/course-materials/2014/SeattleFeb2014/Introduction.pdf	403	0			text/html		
https://bioconductor.org/help/course-materials/2014/SeattleFeb2014/Introduction_slides.Rnw	403	0			text/html		
https://bioconductor.org/help/course-materials/2014/SeattleFeb2014/Introduction_slides.pdf	403	0			text/html		
https://bioconductor.org/help/course-materials/2014/SeattleFeb2014/R.R	403	0			text/html		
https://bioconductor.org/help/course-materials/2014/SeattleFeb2014/R.pdf	403	0			text/html		
https://bioconductor.org/help/course-materials/2014/SeattleFeb2014/Introduction.Rnw	403	0			text/html		
https://bioconductor.org/help/course-materials/2014/SeattleFeb2014/RNASeq.R	403	0			text/html		
https://bioconductor.org/help/course-materials/2014/SeattleFeb2014/RNASeq.Rnw	403	0			text/html		
https://bioconductor.org/help/course-materials/2014/SeattleFeb2014/RNASeq.pdf	403	0			text/html		
https://bioconductor.org/help/course-materials/2014/SeattleFeb2014/R_slides.R	403	0			text/html		
https://bioconductor.org/help/course-materials/2014/SeattleFeb2014/R_slides.pdf	403	0			text/html		
https://bioconductor.org/help/course-materials/2014/SeattleFeb2014/R_slides.Rnw	403	0			text/html		
https://bioconductor.org/help/course-materials/2014/SeattleFeb2014/Ranges.R	403	0			text/html		
https://bioconductor.org/help/course-materials/2014/SeattleFeb2014/Ranges.Rnw	403	0			text/html		
https://bioconductor.org/help/course-materials/2014/SeattleFeb2014/Ranges.pdf	403	0			text/html		
https://bioconductor.org/help/course-materials/2014/SeattleFeb2014/Ranges_slides.R	403	0			text/html		
https://bioconductor.org/help/course-materials/2014/SeattleFeb2014/Ranges_slides.Rnw	403	0			text/html		
https://bioconductor.org/help/course-materials/2014/SeattleFeb2014/Ranges_slides.pdf	403	0			text/html		
https://bioconductor.org/help/course-materials/2014/SeattleFeb2014/Sequencing_workflows_slides.Rnw	403	0			text/html		
https://bioconductor.org/help/course-materials/2014/SeattleOct2014/A01.1_IntroductionToR.R	403	0			text/html		
https://bioconductor.org/help/course-materials/2014/SeattleFeb2014/Visualization.R	403	0			text/html		
https://bioconductor.org/help/course-materials/2014/SeattleFeb2014/Visualization.Rnw	403	0			text/html		
https://bioconductor.org/help/course-materials/2014/SeattleFeb2014/Visualization.pdf	403	0			text/html		
https://bioconductor.org/help/course-materials/2014/SeattleOct2014/A01.1_IntroductionToR.html	403	0			text/html		
https://bioconductor.org/help/course-materials/2014/SeattleOct2014/A01.1_IntroductionToR.Rmd	403	0			text/html		
https://bioconductor.org/help/course-materials/2014/SeattleFeb2014/Sequencing_workflows_slides.pdf	403	0			text/html		
https://bioconductor.org/help/course-materials/2014/SeattleOct2014/A01.2_IntroductionToBioconductor.R	403	0			text/html		
https://bioconductor.org/help/course-materials/2014/SeattleOct2014/A01.2_IntroductionToBioconductor.Rmd	403	0			text/html		
https://bioconductor.org/help/course-materials/2014/SeattleOct2014/A01.2_IntroductionToBioconductor.html	403	0			text/html		
https://bioconductor.org/help/course-materials/2014/SeattleOct2014/A01.3_BioconductorForSequenceAnalysis.R	403	0			text/html		
https://bioconductor.org/help/course-materials/2014/SeattleOct2014/A01.3_BioconductorForSequenceAnalysis.Rmd	403	0			text/html		
https://bioconductor.org/help/course-materials/2014/SeattleOct2014/A01.3_BioconductorForSequenceAnalysis.html	403	0			text/html		
https://bioconductor.org/help/course-materials/2014/SeattleOct2014/A01_Introduction.R	403	0			text/html		
https://bioconductor.org/help/course-materials/2014/SeattleOct2014/A01_Introduction.Rmd	403	0			text/html		
https://bioconductor.org/help/course-materials/2014/SeattleOct2014/A01_Introduction.html	403	0			text/html		
https://bioconductor.org/help/course-materials/2014/SeattleOct2014/B02.2_CommonWorkFlows.R	403	0			text/html		
https://bioconductor.org/help/course-materials/2014/SeattleOct2014/B02.1_RNASeq.Rmd	403	0			text/html		
https://bioconductor.org/help/course-materials/2014/SeattleOct2014/B02.1_RNASeq.html	403	0			text/html		
https://bioconductor.org/help/course-materials/2014/SeattleOct2014/B02.1_RNASeq.R	403	0			text/html		
https://bioconductor.org/help/course-materials/2014/SeattleOct2014/B02.2_CommonWorkFlows.Rmd	403	0			text/html		
https://bioconductor.org/help/course-materials/2014/SeattleOct2014/B02.2_CommonWorkFlows.html	403	0			text/html		
https://bioconductor.org/help/course-materials/2014/SeattleOct2014/B02.3_MachineLearning.R	403	0			text/html		
https://bioconductor.org/help/course-materials/2014/SeattleOct2014/B02.3_MachineLearning.Rmd	403	0			text/html		
https://bioconductor.org/help/course-materials/2014/SeattleOct2014/B02.3_MachineLearning.html	403	0			text/html		
https://bioconductor.org/help/course-materials/2014/SeattleOct2014/B02.4_Annotation.R	403	0			text/html		
https://bioconductor.org/help/course-materials/2014/SeattleOct2014/B02.4_Annotation.Rmd	403	0			text/html		
https://bioconductor.org/help/course-materials/2014/SeattleOct2014/B02.4_Annotation.html	403	0			text/html		
https://bioconductor.org/help/course-materials/2014/SeattleOct2014/B02.5_GeneSetEnrichment.R	403	0			text/html		
https://bioconductor.org/help/course-materials/2014/SeattleOct2014/B02.5_GeneSetEnrichment.Rmd	403	0			text/html		
https://bioconductor.org/help/course-materials/2014/SeattleOct2014/C03.1_LargeData.R	403	0			text/html		
https://bioconductor.org/help/course-materials/2014/SeattleOct2014/B02.5_GeneSetEnrichment.html	403	0			text/html		
https://bioconductor.org/help/course-materials/2014/SeattleOct2014/C03.1_LargeData.Rmd	403	0			text/html		
https://bioconductor.org/help/course-materials/2014/SeattleOct2014/C03.3_ReproducibleResearch.html	403	0			text/html		
https://bioconductor.org/help/course-materials/2014/SeattleOct2014/C03.2_CodeToPackages.R	403	0			text/html		
https://bioconductor.org/help/course-materials/2014/SeattleOct2014/C03.2_CodeToPackages.Rmd	403	0			text/html		
https://bioconductor.org/help/course-materials/2014/SeattleOct2014/C03.2_CodeToPackages.html	403	0			text/html		
https://bioconductor.org/help/course-materials/2014/SeattleOct2014/C03.3_ReproducibleResearch.R	403	0			text/html		
https://bioconductor.org/help/course-materials/2014/SeattleOct2014/C03.3_ReproducibleResearch.Rmd	403	0			text/html		
https://bioconductor.org/help/course-materials/2014/SeattleOct2014/C03.1_LargeData.html	403	0			text/html		
https://bioconductor.org/help/course-materials/2014/SeattleOct2014/D04.1_InstallIGV.R	403	0			text/html		
https://bioconductor.org/help/course-materials/2014/SeattleOct2014/C03.4_Visualization.Rmd	403	0			text/html		
https://bioconductor.org/help/course-materials/2014/SeattleOct2014/C03.4_Visualization.html	403	0			text/html		
https://bioconductor.org/help/course-materials/2014/SeattleOct2014/LearnBioconductor_0.1.6.tar.gz	403	0			text/html		
https://bioconductor.org/help/course-materials/2014/SeattleOct2014/D04.1_InstallIGV.Rmd	403	0			text/html		
https://bioconductor.org/help/course-materials/2014/SeattleOct2014/D04.1_InstallIGV.html	403	0			text/html		
https://bioconductor.org/help/course-materials/2014/summerx/Annotation-exercises.Rnw	403	0			text/html		
https://bioconductor.org/help/course-materials/2014/SeattleOct2014/hg19_alias.tab	403	0			text/html		
https://bioconductor.org/help/course-materials/2014/summerx/Annotation-exercises.R	403	0			text/html		
https://bioconductor.org/help/course-materials/2014/SeattleOct2014/C03.4_Visualization.R	403	0			text/html		
https://bioconductor.org/help/course-materials/2014/summerx/Annotation-exercises.pdf	403	0			text/html		
https://bioconductor.org/help/course-materials/2014/summerx/Annotation-slides.R	403	0			text/html		
https://bioconductor.org/help/course-materials/2014/summerx/Annotation-slides.Rnw	403	0			text/html		
https://bioconductor.org/help/course-materials/2014/summerx/Annotation-slides.pdf	403	0			text/html		
https://bioconductor.org/help/course-materials/2014/summerx/Bioconductor-slides.Rnw	403	0			text/html		
https://bioconductor.org/help/course-materials/2014/summerx/BestPractices-slides.pdf	403	0			text/html		
https://bioconductor.org/help/course-materials/2014/summerx/BestPractices-slides.Rnw	403	0			text/html		
https://bioconductor.org/help/course-materials/2014/summerx/Bioconductor-slides.R	403	0			text/html		
https://bioconductor.org/help/course-materials/2014/summerx/E-MTAB-1147-toptable.csv	403	0			text/html		
https://bioconductor.org/help/course-materials/2014/summerx/Bioconductor-slides.pdf	403	0			text/html		
https://bioconductor.org/help/course-materials/2014/summerx/Ranges-slides.pdf	403	0			text/html		
https://bioconductor.org/help/course-materials/2014/summerx/Ranges-slides.R	403	0			text/html		
https://bioconductor.org/help/course-materials/2014/summerx/Ranges-exercises.pdf	403	0			text/html		
https://bioconductor.org/help/course-materials/2014/summerx/GRangesUtilities.tar.gz	403	0			text/html		
https://bioconductor.org/help/course-materials/2014/summerx/Ranges-slides.Rnw	403	0			text/html		
https://bioconductor.org/help/course-materials/2014/summerx/Ranges-exercises.R	403	0			text/html		
https://bioconductor.org/help/course-materials/2014/summerx/Ranges-exercises.Rnw	403	0			text/html		
https://bioconductor.org/help/course-materials/2014/summerx/ReadCounting-exercises.R	403	0			text/html		
https://bioconductor.org/help/course-materials/2014/summerx/ReadCounting-exercises.pdf	403	0			text/html		
https://bioconductor.org/help/course-materials/2014/summerx/ReadCounting-exercises.Rnw	403	0			text/html		
https://bioconductor.org/help/course-materials/2014/summerx/SummerX_0.99.0.tar.gz	403	0			text/html		
https://bioconductor.org/help/course-materials/2014/summerx/Variants-exercises.R	403	0			text/html		
https://bioconductor.org/help/course-materials/2014/summerx/Variants-exercises.Rnw	403	0			text/html		
https://bioconductor.org/help/course-materials/2014/summerx/Variants-exercises.pdf	403	0			text/html		
https://bioconductor.org/help/course-materials/2014/summerx/Variants-slides.pdf	403	0			text/html		
https://bioconductor.org/help/course-materials/2014/summerx/Variants-slides.Rnw	403	0			text/html		
https://bioconductor.org/help/course-materials/2014/summerx/Visualization-slides.R	403	0			text/html		
https://bioconductor.org/help/course-materials/2014/summerx/Visualization-slides.Rnw	403	0			text/html		
https://bioconductor.org/help/course-materials/2014/summerx/Visualization-slides.pdf	403	0			text/html		
https://bioconductor.org/help/course-materials/2014/useR2014/DataRepresentation.R	403	0			text/html		
https://bioconductor.org/help/course-materials/2014/summerx/shiny-exercise.tar.gz	403	0			text/html		
https://bioconductor.org/help/course-materials/2014/summerx/abc.csv	403	0			text/html		
https://bioconductor.org/help/course-materials/2014/useR2014/DataRepresentation.html	403	0			text/html		
https://bioconductor.org/help/course-materials/2014/useR2014/Integration.R	403	0			text/html		
https://bioconductor.org/help/course-materials/2014/useR2014/Integration.html	403	0			text/html		
https://bioconductor.org/help/course-materials/2014/useR2014/Introduction.R	403	0			text/html		
https://bioconductor.org/help/course-materials/2014/useR2014/Introduction.html	403	0			text/html		
https://bioconductor.org/help/course-materials/2015/BioC2015/	403	0			text/html		
https://bioconductor.org/help/course-materials/2014/useR2014/Workflows.R	403	0			text/html		
https://bioconductor.org/help/course-materials/2014/useR2014/Workflows.html	403	0			text/html		
https://bioconductor.org/help/course-materials/2015/BioC2015/AnnotationHubRecipes.R	403	0			text/html		
https://bioconductor.org/help/course-materials/2015/BioC2015/AnnotationHubRecipes.Rmd	403	0			text/html		
https://bioconductor.org/help/course-materials/2015/BioC2015/AnnotationHubRecipes.html	403	0			text/html		
https://bioconductor.org/help/course-materials/2015/BioC2015/Annotation_Resources.Rmd	403	0			text/html		
https://bioconductor.org/help/course-materials/2015/BioC2015/Annotation_Resources.R	403	0			text/html		
https://bioconductor.org/help/course-materials/2015/BioC2015/Annotation_Resources.html	403	0			text/html		
https://bioconductor.org/help/course-materials/2015/BioC2015/BioC2015.pdf	200	0			application/pdf		
https://bioconductor.org/help/course-materials/2015/BioC2015/BioC2015.R	403	0			text/html		
https://bioconductor.org/help/course-materials/2015/BioC2015/BioC2015.Rnw	403	0			text/html		
https://bioconductor.org/help/course-materials/2015/BioC2015/BioC2015Oles.Rmd	403	0			text/html		
https://bioconductor.org/help/course-materials/2015/BioC2015/BioC2015Oles.R	403	0			text/html		
https://bioconductor.org/help/course-materials/2015/BioC2015/BioC2015Oles.html	403	0			text/html		
https://bioconductor.org/help/course-materials/2015/BioC2015/LargeData.R	403	0			text/html		
https://bioconductor.org/help/course-materials/2015/BioC2015/SGSeqBioC2015.Rmd	403	0			text/html		
https://bioconductor.org/help/course-materials/2015/BioC2015/LargeData.Rmd	403	0			text/html		
https://bioconductor.org/help/course-materials/2015/BioC2015/OpenCytoWorkshop.R	403	0			text/html		
https://bioconductor.org/help/course-materials/2015/BioC2015/OpenCytoWorkshop.Rmd	403	0			text/html		
https://bioconductor.org/help/course-materials/2015/BioC2015/SGSeqBioC2015.R	403	0			text/html		
https://bioconductor.org/help/course-materials/2015/BioC2015/OpenCytoWorkshop.html	403	0			text/html		
https://bioconductor.org/help/course-materials/2015/BioC2015/LargeData.html	403	0			text/html		
https://bioconductor.org/help/course-materials/2015/BioC2015/SGSeqBioC2015.html	403	0			text/html		
https://bioconductor.org/help/course-materials/2015/BioC2015/TCGAloading.R	403	0			text/html		
https://bioconductor.org/help/course-materials/2015/BioC2015/TCGAloading.Rmd	403	0			text/html		
https://bioconductor.org/help/course-materials/2015/BioC2015/TCGAloading.html	403	0			text/html		
https://bioconductor.org/help/course-materials/2015/BioC2015/V1-Introduction.R	403	0			text/html		
https://bioconductor.org/help/course-materials/2015/BioC2015/V1-Introduction.Rmd	403	0			text/html		
https://bioconductor.org/help/course-materials/2015/BioC2015/V1-Introduction.html	403	0			text/html		
https://bioconductor.org/help/course-materials/2015/BioC2015/V2-IntroductionBioconductor.R	403	0			text/html		
https://bioconductor.org/help/course-materials/2015/BioC2015/V2-IntroductionBioconductor.Rmd	403	0			text/html		
https://bioconductor.org/help/course-materials/2015/BioC2015/V2-IntroductionBioconductor.html	403	0			text/html		
https://bioconductor.org/help/course-materials/2015/BioC2015/V3-Lab-BasicBioconductor.R	403	0			text/html		
https://bioconductor.org/help/course-materials/2015/BioC2015/V3-Lab-BasicBioconductor.Rmd	403	0			text/html		
https://bioconductor.org/help/course-materials/2015/BioC2015/V3-Lab-BasicBioconductor.html	403	0			text/html		
https://bioconductor.org/help/course-materials/2015/BioC2015/V4-Lab-IntermediateBioconductor.R	403	0			text/html		
https://bioconductor.org/help/course-materials/2015/BioC2015/V4-Lab-IntermediateBioconductor.Rmd	403	0			text/html		
https://bioconductor.org/help/course-materials/2015/BioC2015/V5-Lab-Advanced-ExploreData.R	403	0			text/html		
https://bioconductor.org/help/course-materials/2015/BioC2015/V5-Lab-Advanced-ExploreData.Rmd	403	0			text/html		
https://bioconductor.org/help/course-materials/2015/BioC2015/V4-Lab-IntermediateBioconductor.html	403	0			text/html		
https://bioconductor.org/help/course-materials/2015/BioC2015/V5-Lab-Advanced-ExploreData.html	403	0			text/html		
https://bioconductor.org/help/course-materials/2015/BioC2015/V6-Lab-Advanced-RnaSeq.R	403	0			text/html		
https://bioconductor.org/help/course-materials/2015/BioC2015/V6-Lab-Advanced-RnaSeq.Rmd	403	0			text/html		
https://bioconductor.org/help/course-materials/2015/BioC2015/V6-Lab-Advanced-RnaSeq.html	403	0			text/html		
https://bioconductor.org/help/course-materials/2015/BioC2015/bioc2015-workshop-nanxiao.pdf	403	0			text/html		
https://bioconductor.org/help/course-materials/2015/BioC2015/bioc2015rnaseq.R	403	0			text/html		
https://bioconductor.org/help/course-materials/2015/BioC2015/bioc2015rnaseq.Rmd	403	0			text/html		
https://bioconductor.org/help/course-materials/2015/BioC2015/bioc2015rnaseq.html	403	0			text/html		
https://bioconductor.org/help/course-materials/2015/BioC2015/csaw_lab.R	403	0			text/html		
https://bioconductor.org/help/course-materials/2015/BioC2015/csaw_lab.Rmd	403	0			text/html		
https://bioconductor.org/help/course-materials/2015/BioC2015/csaw_lab.html	403	0			text/html		
https://bioconductor.org/help/course-materials/2015/BioC2015/docker_and_bioconductor.R	403	0			text/html		
https://bioconductor.org/help/course-materials/2015/BioC2015/docker_and_bioconductor.Rmd	403	0			text/html		
https://bioconductor.org/help/course-materials/2015/BioC2015/docker_and_bioconductor.html	403	0			text/html		
https://bioconductor.org/help/course-materials/2015/BioC2015/ggcyto.R	403	0			text/html		
https://bioconductor.org/help/course-materials/2015/BioC2015/ggcyto.Rmd	403	0			text/html		
https://bioconductor.org/help/course-materials/2015/BioC2015/methylation450k.R	403	0			text/html		
https://bioconductor.org/help/course-materials/2015/BioC2015/ggcyto.html	403	0			text/html		
https://bioconductor.org/help/course-materials/2015/BioC2015/methylation450k.Rmd	403	0			text/html		
https://bioconductor.org/help/course-materials/2015/BioC2015/methylation450k.html	403	0			text/html		
https://bioconductor.org/help/course-materials/2015/BioC2015/multiAssay.R	403	0			text/html		
https://bioconductor.org/help/course-materials/2015/BioC2015/multiAssay.Rmd	403	0			text/html		
https://bioconductor.org/help/course-materials/2015/BioC2015/multiAssay.html	403	0			text/html		
https://bioconductor.org/help/course-materials/2015/BioC2015/systemPipeR_Presentation.R	403	0			text/html		
https://bioconductor.org/help/course-materials/2015/BioC2015/systemPipeR_Presentation.Rmd	403	0			text/html		
https://bioconductor.org/help/course-materials/2015/BiocAsia2015/	403	0			text/html		
https://bioconductor.org/help/course-materials/2015/BioC2015/systemPipeR_Presentation.html	403	0			text/html		
https://bioconductor.org/help/course-materials/2015/BiocAsia2015/W1-Introduction.R	403	0			text/html		
https://bioconductor.org/help/course-materials/2015/BiocAsia2015/W1-Introduction.Rmd	403	0			text/html		
https://bioconductor.org/help/course-materials/2015/BiocAsia2015/W1-Introduction.html	403	0			text/html		
https://bioconductor.org/help/course-materials/2015/BiocAsia2015/W2-Data-Representations.html	403	0			text/html		
https://bioconductor.org/help/course-materials/2015/BiocAsia2015/W4-Annotation.R	403	0			text/html		
https://bioconductor.org/help/course-materials/2015/BiocAsia2015/W3-RNASeq.R	403	0			text/html		
https://bioconductor.org/help/course-materials/2015/BiocAsia2015/W3-RNASeq.Rmd	403	0			text/html		
https://bioconductor.org/help/course-materials/2015/BiocAsia2015/W3-RNASeq.html	403	0			text/html		
https://bioconductor.org/help/course-materials/2015/BiocAsia2015/W4-Annotation.Rmd	403	0			text/html		
https://bioconductor.org/help/course-materials/2015/BiocAsia2015/W2-Data-Representations.R	403	0			text/html		
https://bioconductor.org/help/course-materials/2015/BiocAsia2015/W4-Annotation.html	403	0			text/html		
https://bioconductor.org/help/course-materials/2015/BiocEurope2015/BiocDev2015Status.pdf	403	0			text/html		
https://bioconductor.org/help/course-materials/2015/LearnBioconductorFeb2015/LearnBioconductor_0.1.10.tar.gz	403	0			text/html		
https://bioconductor.org/help/course-materials/2015/Lyon2015/LyonUseR.pdf	403	0			text/html		
https://bioconductor.org/help/course-materials/2015/SeattleApr2015/B_GenomicRanges.html	403	0			text/html		
https://bioconductor.org/help/course-materials/2015/SeattleApr2015/A_Introduction.html	403	0			text/html		
https://bioconductor.org/help/course-materials/2015/SeattleApr2015/C_DifferentialExpression.html	403	0			text/html		
https://bioconductor.org/help/course-materials/2015/SeattleApr2015/D_MachineLearning.html	403	0			text/html		
https://bioconductor.org/help/course-materials/2015/SeattleApr2015/E_GeneSetEnrichment.html	403	0			text/html		
https://bioconductor.org/help/course-materials/2015/SeattleApr2015/G_Methylation.html	403	0			text/html		
https://bioconductor.org/help/course-materials/2015/SeattleApr2015/I_LargeData.html	403	0			text/html		
https://bioconductor.org/help/course-materials/2015/SeattleApr2015/H_IntegrativeAnalysis.html	403	0			text/html		
https://bioconductor.org/help/course-materials/2015/Uruguay2015/S2-RNASeq-Experimental-Design.R	403	0			text/html		
https://bioconductor.org/help/course-materials/2015/SeattleApr2015/F_ChIPSeq.html	403	0			text/html		
https://bioconductor.org/help/course-materials/2015/Uruguay2015/TCGAbiolinks.pdf	403	0			text/html		
https://bioconductor.org/help/course-materials/2015/Uruguay2015/S1-RNASeq-Workflow.Rmd	403	0			text/html		
https://bioconductor.org/help/course-materials/2015/Uruguay2015/S1-RNASeq-Workflow.html	403	0			text/html		
https://bioconductor.org/help/course-materials/2015/SeattleApr2015/UseBioconductor_0.1.0.tar.gz	403	0			text/html		
https://bioconductor.org/help/course-materials/2015/Uruguay2015/V1-Introduction.Rmd	403	0			text/html		
https://bioconductor.org/help/course-materials/2015/Uruguay2015/V1-Introduction.html	403	0			text/html		
https://bioconductor.org/help/course-materials/2015/Uruguay2015/S1-RNASeq-Workflow.R	403	0			text/html		
https://bioconductor.org/help/course-materials/2015/Uruguay2015/S2-RNASeq-Experimental-Design.Rmd	403	0			text/html		
https://bioconductor.org/help/course-materials/2015/Uruguay2015/V1-Introduction.R	403	0			text/html		
https://bioconductor.org/help/course-materials/2015/Uruguay2015/S2-RNASeq-Experimental-Design.html	403	0			text/html		
https://bioconductor.org/help/course-materials/2015/Uruguay2015/V2-WorkingWithData	403	0			text/html		
https://bioconductor.org/help/course-materials/2015/Uruguay2015/V2-WorkingWithData.R	403	0			text/html		
https://bioconductor.org/help/course-materials/2015/Uruguay2015/V2-WorkingWithData.Rmd	403	0			text/html		
https://bioconductor.org/help/course-materials/2015/Uruguay2015/V3-GenomicRanges.R	403	0			text/html		
https://bioconductor.org/help/course-materials/2015/Uruguay2015/V3-GenomicRanges.Rmd	403	0			text/html		
https://bioconductor.org/help/course-materials/2015/Uruguay2015/V4-Annotation.R	403	0			text/html		
https://bioconductor.org/help/course-materials/2015/Uruguay2015/V3-GenomicRanges.html	403	0			text/html		
https://bioconductor.org/help/course-materials/2015/Uruguay2015/V4-Annotation.html	403	0			text/html		
https://bioconductor.org/help/course-materials/2015/Uruguay2015/V4-Annotation.Rmd	403	0			text/html		
https://bioconductor.org/help/course-materials/2015/Uruguay2015/V5-LargeFiles.R	403	0			text/html		
https://bioconductor.org/help/course-materials/2015/Uruguay2015/V5-LargeFiles.Rmd	403	0			text/html		
https://bioconductor.org/help/course-materials/2015/Uruguay2015/V5-LargeFiles.html	403	0			text/html		
https://bioconductor.org/help/course-materials/2015/Uruguay2015/V6-RNASeq.R	403	0			text/html		
https://bioconductor.org/help/course-materials/2015/Uruguay2015/V6-RNASeq.Rmd	403	0			text/html		
https://bioconductor.org/help/course-materials/2015/Uruguay2015/V6-RNASeq.html	403	0			text/html		
https://bioconductor.org/help/course-materials/2015/Uruguay2015/V7-ChIPSeq.R	403	0			text/html		
https://bioconductor.org/help/course-materials/2015/Uruguay2015/V7-ChIPSeq.Rmd	403	0			text/html		
https://bioconductor.org/help/course-materials/2015/Uruguay2015/day3-gene.expression.Rmd	403	0			text/html		
https://bioconductor.org/help/course-materials/2015/Uruguay2015/day5-data_analysis.Rmd	403	0			text/html		
https://bioconductor.org/help/course-materials/2015/Uruguay2015/day3-gene.expression.R	403	0			text/html		
https://bioconductor.org/help/course-materials/2015/Uruguay2015/day3-gene.expression.html	403	0			text/html		
https://bioconductor.org/help/course-materials/2016/BioC2016/	403	0			text/html		
https://bioconductor.org/help/course-materials/2015/Uruguay2015/day5-data_analysis.R	403	0			text/html		
https://bioconductor.org/help/course-materials/2015/Uruguay2015/V7-ChIPSeq.html	403	0			text/html		
https://bioconductor.org/help/course-materials/2016/BioC2016/ConcurrentWorkshops1/Girke.html	403	0			text/html		
https://bioconductor.org/help/course-materials/2015/Uruguay2015/day5-data_analysis.html	403	0			text/html		
https://bioconductor.org/help/course-materials/2016/BioC2016/BioC2016CoreUpdates.pdf	403	0			text/html		
https://bioconductor.org/help/course-materials/2016/BioC2016/ConcurrentWorkshops1/Risso.html	403	0			text/html		
https://bioconductor.org/help/course-materials/2015/UseBioconductorFeb2015/UseBioconductor_0.0.5.tar.gz	403	0			text/html		
https://bioconductor.org/help/course-materials/2016/BioC2016/ConcurrentWorkshops1/Obenchain.html	403	0			text/html		
https://bioconductor.org/help/course-materials/2016/BioC2016/ConcurrentWorkshops2/McDavid.html	403	0			text/html		
https://bioconductor.org/help/course-materials/2016/BioC2016/ConcurrentWorkshops1/Sauteraud.html	403	0			text/html		
https://bioconductor.org/help/course-materials/2016/BioC2016/ConcurrentWorkshops2/Bravo.html	403	0			text/html		
https://bioconductor.org/help/course-materials/2016/BioC2016/ConcurrentWorkshops2/MacDonald.html	403	0			text/html		
https://bioconductor.org/help/course-materials/2016/BioC2016/ConcurrentWorkshops1/Morgan.html	403	0			text/html		
https://bioconductor.org/help/course-materials/2016/BioC2016/ConcurrentWorkshops2/Wright.html	403	0			text/html		
https://bioconductor.org/help/course-materials/2016/BioC2016/ConcurrentWorkshops3/Younesy.html	403	0			text/html		
https://bioconductor.org/help/course-materials/2016/BioC2016/ConcurrentWorkshops3/Lawrence.html	403	0			text/html		
https://bioconductor.org/help/course-materials/2016/BioC2016/ConcurrentWorkshops3/Love.html	403	0			text/html		
https://bioconductor.org/help/course-materials/2016/BioC2016/ConcurrentWorkshops3/Ramos.html	403	0			text/html		
https://bioconductor.org/help/course-materials/2016/BioC2016/ConcurrentWorkshops3/Goldstein.html	403	0			text/html		
https://bioconductor.org/help/course-materials/2016/BioC2016/ConcurrentWorkshops4/Buros.html	403	0			text/html		
https://bioconductor.org/help/course-materials/2016/BioC2016/ConcurrentWorkshops4/Gatto.html	403	0			text/html		
https://bioconductor.org/help/course-materials/2016/BioC2016/InvitedTalks1/160624-Holmes-MultitableMicrobiomeBioc.pdf	403	0			text/html		
https://bioconductor.org/help/course-materials/2016/BioC2016/ConcurrentWorkshops4/Yin.html	403	0			text/html		
https://bioconductor.org/help/course-materials/2016/BioC2016/F1000Intro.pdf	403	0			text/html		
https://bioconductor.org/help/course-materials/2016/BioC2016/InvitedTalks1/160624-Dudoit-scrnaseq.pdf	403	0			text/html		
https://bioconductor.org/help/course-materials/2016/BioC2016/InvitedTalks2/160625-Rainier-Bioc2016-ensembldd.pdf	403	0			text/html		
https://bioconductor.org/help/course-materials/2016/BioC2016/LightningTalks1/Girke_R-Bioconductor_in_Classroom.pdf	403	0			text/html		
https://bioconductor.org/help/course-materials/2016/BioC2016/InvitedTalks2/160625-Tibshirani-slides.pdf	403	0			text/html		
https://bioconductor.org/help/course-materials/2016/BioC2016/ConcurrentWorkshops4/Hickey.html	403	0			text/html		
https://bioconductor.org/help/course-materials/2016/BioC2016/InvitedTalks2/BioC_SeqArraySlides.pdf	403	0			text/html		
https://bioconductor.org/help/course-materials/2016/BioC2016/InvitedTalks2/devtools-Bioc2016.pdf	403	0			text/html		
https://bioconductor.org/help/course-materials/2016/BioC2016/LightningTalks1/BioC_2016_devel_BHK.pdf	403	0			text/html		
https://bioconductor.org/help/course-materials/2016/BioC2016/LightningTalks2/BiocStyle.pdf	403	0			text/html		
https://bioconductor.org/help/course-materials/2016/BioC2016/LightningTalks1/ReneWelch_Bioc2016_lightning_talk-1.pdf	403	0			text/html		
https://bioconductor.org/help/course-materials/2016/BioC2016/LightningTalks1/bioc2016-rcotton-readat.pdf	403	0			text/html		
https://bioconductor.org/help/course-materials/2016/BioC2016/LightningWorkshop1/TCGABigQuerysetupforBiocConferenceAMIs.pdf	403	0			text/html		
https://bioconductor.org/help/course-materials/2016/BioC2016/LightningTalks1/ed_lee_bioconductor.pdf	403	0			text/html		
https://bioconductor.org/help/course-materials/2016/BioC2016/LightningTalks2/CuratedTCGAData-A-MultiAssayExperimentTeaser.pdf	403	0			text/html		
https://bioconductor.org/help/course-materials/2016/BioC2016/InvitedTalks1/BioC_2016_pharmacogenomics_BHK.pdf	403	0			text/html		
https://bioconductor.org/help/course-materials/2016/BioC2016/LightningTalks2/SteinbaughBioC2016.pdf	403	0			text/html		
https://bioconductor.org/help/course-materials/2016/BioC2016/LightningTalks2/tutorial.pdf	403	0			text/html		
https://bioconductor.org/help/course-materials/2016/BioC2016/LightningWorkshop1/160624-carey-isbbig.pdf	403	0			text/html		
https://bioconductor.org/help/course-materials/2016/BiocIntro-May/A2_Input_And_Manipulation.Rmd	403	0			text/html		
https://bioconductor.org/help/course-materials/2016/BioC2016/LightningWorkshops2/Ten_things_slides.pdf	403	0			text/html		
https://bioconductor.org/help/course-materials/2016/BiocIntro-May/A1_R_Intro.R	403	0			text/html		
https://bioconductor.org/help/course-materials/2016/BiocIntro-May/A1_R_Intro.Rmd	403	0			text/html		
https://bioconductor.org/help/course-materials/2016/BiocIntro-May/A1_R_Intro.html	403	0			text/html		
https://bioconductor.org/help/course-materials/2016/BiocIntro-May/A2_Input_And_Manipulation.R	403	0			text/html		
https://bioconductor.org/help/course-materials/2016/BiocIntro-May/A3_Statistical_Analysis.R	403	0			text/html		
https://bioconductor.org/help/course-materials/2016/BiocIntro-May/A2_Input_And_Manipulation.html	403	0			text/html		
https://bioconductor.org/help/course-materials/2016/BioC2016/LightningTalks2/RosettaHUB_BioC2006.pdf	403	0			text/html		
https://bioconductor.org/help/course-materials/2016/BiocIntro-May/B1_Bioconductor_Intro.Rmd	403	0			text/html		
https://bioconductor.org/help/course-materials/2016/BiocIntro-May/A3_Statistical_Analysis.html	403	0			text/html		
https://bioconductor.org/help/course-materials/2016/BiocIntro-May/A4_Visualization.R	403	0			text/html		
https://bioconductor.org/help/course-materials/2016/BiocIntro-May/A4_Visualization.Rmd	403	0			text/html		
https://bioconductor.org/help/course-materials/2016/BiocIntro-May/A4_Visualization.html	403	0			text/html		
https://bioconductor.org/help/course-materials/2016/BiocIntro-May/B1_Bioconductor_Intro.R	403	0			text/html		
https://bioconductor.org/help/course-materials/2016/BiocIntro-May/B1_Bioconductor_Intro.html	403	0			text/html		
https://bioconductor.org/help/course-materials/2016/BiocIntro-May/A3_Statistical_Analysis.Rmd	403	0			text/html		
https://bioconductor.org/help/course-materials/2016/BiocIntro-May/B2_Common_Operations.R	403	0			text/html		
https://bioconductor.org/help/course-materials/2016/BiocIntro-May/B2_Common_Operations.Rmd	403	0			text/html		
https://bioconductor.org/help/course-materials/2016/BiocIntro-May/B2_Common_Operations.html	403	0			text/html		
https://bioconductor.org/help/course-materials/2016/BiocIntro-May/B3_RNASeq_Workflow.R	403	0			text/html		
https://bioconductor.org/help/course-materials/2016/BiocIntro-May/B3_RNASeq_Workflow.Rmd	403	0			text/html		
https://bioconductor.org/help/course-materials/2016/BiocIntro-May/B3_RNASeq_Workflow.html	403	0			text/html		
https://bioconductor.org/help/course-materials/2016/BiocIntro-May/B4_Next_Steps.R	403	0			text/html		
https://bioconductor.org/help/course-materials/2016/BiocIntro-May/BiocIntroRPCI_0.1.3.tar.gz	403	0			text/html		
https://bioconductor.org/help/course-materials/2016/BiocIntro-May/B4_Next_Steps.html	403	0			text/html		
https://bioconductor.org/help/course-materials/2016/CSAMA/lab-2-git-github-rstudio/happy-git-with-r-workshop-slides.pdf	200	0			application/pdf		
https://bioconductor.org/help/course-materials/2016/BiocIntro-May/B4_Next_Steps.Rmd	403	0			text/html		
https://bioconductor.org/help/course-materials/2016/CSAMA/lab-1-intro-to-r-bioc/html/lab-1-intro-to-r-bioc.html	403	0			text/html		
https://bioconductor.org/help/course-materials/2016/CSAMA/lab-3-rnaseq/rnaseq_gene_CSAMA2016.Rmd	403	0			text/html		
https://bioconductor.org/help/course-materials/2016/CSAMA/lab-5-chipseq/Epigenetics.Rmd	403	0			text/html		
https://bioconductor.org/help/course-materials/2016/CSAMA/lab-5-chipseq/Epigenetics.html	403	0			text/html		
https://bioconductor.org/help/course-materials/2016/CSAMA/lab-6-hypothesis-weighting/introduction_to_ihw.Rmd	403	0			text/html		
https://bioconductor.org/help/course-materials/2016/CSAMA/lab-7-efficient-and-parallel/code/dfHclust.R	403	0			text/html		
https://bioconductor.org/help/course-materials/2016/CSAMA/lab-6-hypothesis-weighting/introduction_to_ihw.html	403	0			text/html		
https://bioconductor.org/help/course-materials/2016/CSAMA/lab-7-efficient-and-parallel/Rmd/lab-7c-ml.Rmd	403	0			text/html		
https://bioconductor.org/help/course-materials/2016/CSAMA/lab-7-efficient-and-parallel/pdf/lab-7c-ml.pdf	403	0			text/html		
https://bioconductor.org/help/course-materials/2016/CSAMA/lect-03-learn-love-data-frame/2016-07_data-frame-love-csama.pdf	403	0			text/html		
https://bioconductor.org/help/course-materials/2016/CSAMA/lab-7-efficient-and-parallel/html/lab-7c-ml.html	403	0			text/html		
https://bioconductor.org/help/course-materials/2016/CSAMA/lect-02+13-testing/160711-brixen-testing-huber.pdf	403	0			text/html		
https://bioconductor.org/help/course-materials/2016/CSAMA/lab-8-graphics/graphics-chapter.Rmd	403	0			text/html		
https://bioconductor.org/help/course-materials/2016/CSAMA/lect-01-intro-to-r-bioc/lect-01-intro-to-r-bioc.pdf	403	0			text/html		
https://bioconductor.org/help/course-materials/2016/CSAMA/lab-5-chipseq/EpigeneticsCSAMA_0.0.3.tar.gz	403	0			text/html		
https://bioconductor.org/help/course-materials/2016/CSAMA/lab-7-efficient-and-parallel/html/lab-7b-efficient-and-parallel-r.html	403	0			text/html		
https://bioconductor.org/help/course-materials/2016/CSAMA/lect-04-linear-models/Waldron_linearmodels.pdf	403	0			text/html		
https://bioconductor.org/help/course-materials/2016/CSAMA/lect-05-aligning/Anders_aligners.pdf	403	0			text/html		
https://bioconductor.org/help/course-materials/2016/CSAMA/lect-06-rnaseq-analysis/rnaseq.pdf	403	0			text/html		
https://bioconductor.org/help/course-materials/2016/CSAMA/lect-07-modern-rnaseq/ModernRNAseqAnalysis.pdf	403	0			text/html		
https://bioconductor.org/help/course-materials/2016/CSAMA/lect-08-sequences-and-ranges/lect-08-sequences-and-ranges.pdf	403	0			text/html		
https://bioconductor.org/help/course-materials/2016/CSAMA/lect-09-expdesign/ExperimentalDesign.pdf	403	0			text/html		
https://bioconductor.org/help/course-materials/2016/CSAMA/lect-10-clust-class/lec10_forpdf.pdf	403	0			text/html		
https://bioconductor.org/help/course-materials/2016/CSAMA/lect-15-microbiome/microbiome.pdf	200	0			application/pdf		
https://bioconductor.org/help/course-materials/2016/CSAMA/lect-17-gene-set-enrichment/lect-17-gene-set-enrichment.pdf	403	0			text/html		
https://bioconductor.org/help/course-materials/2016/CSAMA/lect-12-resampling/Waldron_CSAMA2016_resampling.pdf	403	0			text/html		
https://bioconductor.org/help/course-materials/2016/CSAMA/lect-14-annotation/lect-14-annotation.pdf	403	0			text/html		
https://bioconductor.org/help/course-materials/2016/CSAMA/lect-16-graphics/160714-brixen-viz-huber.pdf	403	0			text/html		
https://bioconductor.org/help/course-materials/2016/CSAMA/lect-17-gene-set-enrichment/gene_set_correlations.pdf	403	0			text/html		
https://bioconductor.org/help/course-materials/2016/CSAMA/lect-18-meta-analysis/Waldron_metaanalysis.pdf	403	0			text/html		
https://bioconductor.org/help/course-materials/2017/BioC2017/DDay/BOF/usability.pdf	403	0			text/html		
https://bioconductor.org/help/course-materials/2016/CSAMA/lect-19-big-data/lect-19-big-data.pdf	403	0			text/html		
https://bioconductor.org/help/course-materials/2016/CSAMA/lect-11-robust/robust.pdf	403	0			text/html		
https://bioconductor.org/help/course-materials/2016/CSAMA/lect-20-what-now/2016-07_next-steps-csama.pdf	403	0			text/html		
https://bioconductor.org/help/course-materials/2016/China-R/R-China-Morgan-May-2016.pdf	403	0			text/html		
https://bioconductor.org/help/course-materials/2017/BioC2017/DDay/Bioc-2017-intro.pdf	403	0			text/html		
https://bioconductor.org/help/course-materials/2017/BioC2017/DDay/LightningTalk/SessionI/rcasteloGenomicScoresBioC2017.pdf	403	0			text/html		
https://bioconductor.org/help/course-materials/2017/BioC2017/	403	0			text/html		
https://bioconductor.org/help/course-materials/2017/BioC2017/DDay/LightningTalk/SessionI/DelayedMatrixStats_BioC_2017.pdf	403	0			text/html		
https://bioconductor.org/help/course-materials/2016/CSAMA/lect-19-big-data/out-of-mem.pdf	403	0			text/html		
https://bioconductor.org/help/course-materials/2017/BioC2017/DDay/LightningTalk/SessionI/GitTransition_pdf	403	0			text/html		
https://bioconductor.org/help/course-materials/2017/BioC2017/DDay/LightningTalk/SessionII/apeglm.pptx	403	0			text/html		
https://bioconductor.org/help/course-materials/2017/BioC2017/DDay/LightningTalk/SessionII/ATACseqQCandNADfinder.pdf	403	0			text/html		
https://bioconductor.org/help/course-materials/2017/BioC2017/DDay/LightningTalk/SessionII/ExposomeDataAnalysis.pdf	403	0			text/html		
https://bioconductor.org/help/course-materials/2017/BioC2017/DDay/LightningTalk/SessionII/MEAL.pdf	403	0			text/html		
https://bioconductor.org/help/course-materials/2017/BioC2017/DDay/LightningTalk/SessionII/MIRA_Lawson.pptx	403	0			text/html		
https://bioconductor.org/help/course-materials/2017/BioC2017/DDay/LightningTalk/SessionII/RSupercomputersBioc2017Gupta.pdf	403	0			text/html		
https://bioconductor.org/help/course-materials/2017/BioC2017/DDay/LightningTalk/SessionIII/Hazelett.pptx	403	0			text/html		
https://bioconductor.org/help/course-materials/2017/BioC2017/DDay/LightningTalk/SessionII/txRegQuery.pdf	403	0			text/html		
https://bioconductor.org/help/course-materials/2017/BioC2017/DDay/LightningTalk/SessionII/ImmuneSpaceR.pdf	403	0			text/html		
https://bioconductor.org/help/course-materials/2017/BioC2017/DDay/LightningTalk/SessionIII/BiocDockersAndAMI.pptx	403	0			text/html		
https://bioconductor.org/help/course-materials/2017/BioC2017/DDay/LightningTalk/SessionIII/BiocFileCache.pptx	403	0			text/html		
https://bioconductor.org/help/course-materials/2017/BioC2017/DDay/LightningTalk/SessionIII/Culhane.pptx	403	0			text/html		
https://bioconductor.org/help/course-materials/2017/BioC2017/DDay/LightningTalk/SessionIII/magrittr.pptx	200	0			application/vnd.openxmlformats-officedocument.presentationml.presentation		
https://bioconductor.org/help/course-materials/2017/BioC2017/DDay/LightningTalk/SessionIII/Ligthning_GOexpress2.pptx	403	0			text/html		
https://bioconductor.org/help/course-materials/2017/BioC2017/DDay/LightningTalk/SessionIII/Stickers.pdf	403	0			text/html		
https://bioconductor.org/help/course-materials/2017/BioC2017/DDay/LightningTalk/SessionIII/Townes_SCRNA-seq.pdf	403	0			text/html		
https://bioconductor.org/help/course-materials/2017/BioC2017/DDay/LightningTalk/SessionIII/bcbioSinglecell.pdf	403	0			text/html		
https://bioconductor.org/help/course-materials/2017/BioC2017/DDay/Workshop/MakeAPackage.html	403	0			text/html		
https://bioconductor.org/help/course-materials/2017/BioC2017/Day1/BOF/SCE.html	403	0			text/html		
https://bioconductor.org/help/course-materials/2017/BioC2017/DDay/Workshop/DelayedArray/Working_with_large_arrays.pdf	403	0			text/html		
https://bioconductor.org/help/course-materials/2017/BioC2017/Day1/BOF/Infrastructureforefficientstorageandprocessin.html	403	0			text/html		
https://bioconductor.org/help/course-materials/2017/BioC2017/DDay/Workshop/GitWithTheProgram.pdf	403	0			text/html		
https://bioconductor.org/help/course-materials/2017/BioC2017/Day1/InvitedSpeakers/DFCI_Systems.pdf	403	0			text/html		
https://bioconductor.org/help/course-materials/2017/BioC2017/Day1/InvitedSpeakers/Hicks.pdf	403	0			text/html		
https://bioconductor.org/help/course-materials/2017/BioC2017/Day1/InvitedSpeakers/Piccolo.pptx	403	0			text/html		
https://bioconductor.org/help/course-materials/2017/BioC2017/Day1/InvitedSpeakers/bioc2017.ckendziorski.out.pdf	403	0			text/html		
https://bioconductor.org/help/course-materials/2017/BioC2017/Day1/Workshops/Microbiome/Short-Phyloseq-Resources.html	403	0			text/html		
https://bioconductor.org/help/course-materials/2017/BioC2017/Day1/Workshops/OmicsData/bioc17_enrichOmics_slides.pdf	403	0			text/html		
https://bioconductor.org/help/course-materials/2017/BioC2017/Day1/Workshops/Microbiome/MicrobiomeWorkflowII.html	403	0			text/html		
https://bioconductor.org/help/course-materials/2017/BioC2017/Day2/InvitedSpeakers/Cromwell_Gentry.pptx	200	0			application/vnd.openxmlformats-officedocument.presentationml.presentation		
https://bioconductor.org/help/course-materials/2017/BioC2017/Day1/InvitedSpeakers/relaxation-techniques-upset-data-scientist.pdf	403	0			text/html		
https://bioconductor.org/help/course-materials/2017/BioC2017/Day1/Workshops/CRISPR/CRISPRseek-GUIDEseq-Bioc2017-forPosting.pdf	403	0			text/html		
https://bioconductor.org/help/course-materials/2017/BioC2017/Day2/InvitedSpeakers/Biscuit_Azizi.pdf	403	0			text/html		
https://bioconductor.org/help/course-materials/2017/BioC2017/Day1/Workshops/RNAseq/recount2.pdf	403	0			text/html		
https://bioconductor.org/help/course-materials/2017/BioC2017/Day2/InvitedSpeakers/Aryee.pdf	403	0			text/html		
https://bioconductor.org/help/course-materials/2017/BioC2017/Day2/InvitedSpeakers/dmrseq_keegan.pdf	403	0			text/html		
https://bioconductor.org/help/course-materials/2017/BioC2017/Day2/BOF/BioC2017_TCGA_GTEx_BOF/README.html	403	0			text/html		
https://bioconductor.org/help/course-materials/2017/BioC2017/Day2/Workshops/Anno/doc/AnnotationWorkshop.html	403	0			text/html		
https://bioconductor.org/help/course-materials/2017/BioC2017/Day1/Workshops/Ranges/Ranges.pdf	403	0			text/html		
https://bioconductor.org/help/course-materials/2017/BioC2017/Day2/InvitedSpeakers/mccarthy_dj_bioc2017_web.pdf	403	0			text/html		
https://bioconductor.org/help/course-materials/2017/BioC2017/Day2/Workshops/ChIP-seq/ChIPpeakAnno-GenenetworkBuilder-TrackViewer.pdf	403	0			text/html		
https://bioconductor.org/help/course-materials/2017/BioC2017/Day2/Workshops/ChIP-seq/doc/ChIP-Seq_step.by.step.html	403	0			text/html		
https://bioconductor.org/help/course-materials/2017/BioC2017/Day2/Workshops/EGSEA/doc/EGSEAWorkflow.html	403	0			text/html		
https://bioconductor.org/help/course-materials/2017/BioC2017/Day2/Workshops/ChIP-seq/doc/workflow.html	403	0			text/html		
https://bioconductor.org/help/course-materials/2017/BioC2017/Day2/Workshops/CyTOF/doc/cytofWorkflow_BioC2017workshop.html	403	0			text/html		
https://bioconductor.org/help/course-materials/2017/BioC2017/Day2/Workshops/CyTOF/cytoWorkshop.pdf	403	0			text/html		
https://bioconductor.org/help/course-materials/2017/BioC2017/Day2/Workshops/MAE/doc/MultiAssayExperiment-lab.html	403	0			text/html		
https://bioconductor.org/help/course-materials/2017/BioC2017/Day2/Workshops/singleCell/doc/workshop.html	403	0			text/html		
https://bioconductor.org/help/course-materials/2017/BioC2017/Lightning_TVTB_v2.pptx	403	0			text/html		
https://bioconductor.org/help/course-materials/2017/BioC2017/Dday/AaronLun_beachmat.pdf	403	0			text/html		
https://bioconductor.org/help/course-materials/2017/CSAMA/labs/1-monday/lab-01-intro-to-r-bioc/L1.2-bioc-intro-morgan.html	403	0			text/html		
https://bioconductor.org/help/course-materials/2017/BioC2017/Day2/Workshops/singleCell/slides_bioc2017singlecell.pdf	403	0			text/html		
https://bioconductor.org/help/course-materials/2017/CSAMA/labs/1-monday/lab-01-intro-to-r-bioc/ALLphenoData.tsv	403	0			text/html		
https://bioconductor.org/help/course-materials/2017/CSAMA/labs/1-monday/lab-01-intro-to-r-bioc/BRFSS-subset.csv	403	0			text/html		
https://bioconductor.org/help/course-materials/2017/CSAMA/labs/1-monday/lab-01-intro-to-r-bioc/L1.1-r-intro-morgan.html	403	0			text/html		
https://bioconductor.org/help/course-materials/2017/CSAMA/2017/CSAMA/http:/www.huber.embl.de/csama2017/	403	0			text/html		
https://bioconductor.org/help/course-materials/2017/CSAMA/labs/1-monday/lab-01-intro-to-r-bioc/L1.3-bioc-data-representation-morgan.html	403	0			text/html		
https://bioconductor.org/help/course-materials/2017/CSAMA/labs/1-monday/lab-01-intro-to-r-bioc/lab-1-intro-to-r-bioc.html	403	0			text/html		
https://bioconductor.org/help/course-materials/2017/CSAMA/labs/1-monday/lab-01-intro-to-r-bioc/L1.4-bioc-annotation-morgan.html	403	0			text/html		
https://bioconductor.org/help/course-materials/2017/CSAMA/labs/1-monday/lab-01-intro-to-r-bioc/symgo.csv	403	0			text/html		
https://bioconductor.org/help/course-materials/2017/CSAMA/labs/1-monday/lab-02-git-github-r-rmd-rstudio/README.html	403	0			text/html		
https://bioconductor.org/help/course-materials/2017/CSAMA/labs/2-tuesday/lab-03-rnaseq/rnaseqGene_CSAMA2017.html	403	0			text/html		
https://bioconductor.org/help/course-materials/2017/CSAMA/labs/4-thursday/lab-05-MultiAssayExperiment/MultiAssayExperiment_cheatsheet.pdf	403	0			text/html		
https://bioconductor.org/help/course-materials/2017/CSAMA/labs/4-thursday/lab-04-Mass_spec_proteomics_and_metabolomics/02-metabolomics-preprocessing/metabolomics-preprocessing.html	403	0			text/html		
https://bioconductor.org/help/course-materials/2017/CSAMA/labs/5-friday/lab-06-graphics/diabetes.csv	403	0			text/html		
https://bioconductor.org/help/course-materials/2017/CSAMA/labs/4-thursday/lab-05-MultiAssayExperiment/MultiAssayExperiment-lab.html	403	0			text/html		
https://bioconductor.org/help/course-materials/2017/CSAMA/labs/5-friday/lab-06-graphics/lab6-graphics.pdf	403	0			text/html		
https://bioconductor.org/help/course-materials/2017/CSAMA/labs/4-thursday/lab-04-Mass_spec_proteomics_and_metabolomics/01-proteomics/lab.html	403	0			text/html		
https://bioconductor.org/help/course-materials/2017/CSAMA/lectures/1-monday/lecture-02-bioc-intro/lecture-02-bioc-intro.html	403	0			text/html		
https://bioconductor.org/help/course-materials/2017/CSAMA/labs/5-friday/lab-08-efficient-and-parallel-r/L8.1-efficient-and-parallel-r.html	403	0			text/html		
https://bioconductor.org/help/course-materials/2017/CSAMA/labs/5-friday/lab-07-machine-learning/lab7-machine-learning.pdf	403	0			text/html		
https://bioconductor.org/help/course-materials/2017/CSAMA/lectures/1-monday/lecture-01-r-intro/lecture-01-r-intro.html	403	0			text/html		
https://bioconductor.org/help/course-materials/2017/CSAMA/lectures/2-tuesday/lec07-alignmentfree-rnaseq.pdf	403	0			text/html		
https://bioconductor.org/help/course-materials/2017/CSAMA/lectures/1-monday/lecture-03-rectangular-data/lect03_bryan_tabular-data-management.pdf	403	0			text/html		
https://bioconductor.org/help/course-materials/2017/CSAMA/lectures/1-monday/lecture-04-a-annotation-intro/lecture-04a-annotation-intro.html	403	0			text/html		
https://bioconductor.org/help/course-materials/2017/CSAMA/lectures/2-tuesday/lec05-alignmentbased-rnaseq.pdf	403	0			text/html		
https://bioconductor.org/help/course-materials/2017/CSAMA/lectures/1-monday/lecture-04b-ensembldb/04-AnnotationResources-ensembldb-beamer.pdf	403	0			text/html		
https://bioconductor.org/help/course-materials/2017/CSAMA/lectures/2-tuesday/lec06-deseq2-huber-compressed.pdf	403	0			text/html		
https://bioconductor.org/help/course-materials/2017/CSAMA/labs/2-tuesday/lab-03b-ihw/IHW.html	403	0			text/html		
https://bioconductor.org/help/course-materials/2017/CSAMA/lectures/2-tuesday/lec08-testing-huber-compressed.pdf	403	0			text/html		
https://bioconductor.org/help/course-materials/2017/CSAMA/lectures/4-thursday/lecture-13-graphics-and-visualisation/lecture-13-viz-huber-compressed.pdf	403	0			text/html		
https://bioconductor.org/help/course-materials/2017/CSAMA/lectures/3-wednesday/lecture10-linear-models-basic-intro/Waldron_linearmodels.html	403	0			text/html		
https://bioconductor.org/help/course-materials/2017/CSAMA/lectures/4-thursday/lecture-16-resampling/Waldron_CSAMA2017_resampling.html	403	0			text/html		
https://bioconductor.org/help/course-materials/2017/CSAMA/lectures/3-wednesday/lecture12-robust-statistics/robust-statistics.html	403	0			text/html		
https://bioconductor.org/help/course-materials/2017/CSAMA/lectures/3-wednesday/lecture09-multiple-testing/lecture09-readme.txt	403	0			text/html		
https://bioconductor.org/help/course-materials/2017/CSAMA/lectures/4-thursday/lecture-14a-proteomics/lab-14a-proteomics.html	403	0			text/html		
https://bioconductor.org/help/course-materials/2017/CSAMA/lectures/4-thursday/lecture-14b-Metabolomics/Metabolomics-beamer.pdf	403	0			text/html		
https://bioconductor.org/help/course-materials/2017/CSAMA/lectures/4-thursday/lecture-15-clust/lect-15-clust-class.html	403	0			text/html		
https://bioconductor.org/help/course-materials/2017/CSAMA/lectures/4-thursday/lecture-17-microbial-genomics/lecture-17-microbiome.pdf	403	0			text/html		
https://bioconductor.org/help/course-materials/2017/CSAMA/lectures/3-wednesday/lecture11-experimental-design/lec11-experimental-design.pdf	403	0			text/html		
https://bioconductor.org/help/course-materials/2017/CSAMA/lectures/5-friday/lecture-18-gene-set-enrichment/lecture-18-gene-set-enrichment.pdf	403	0			text/html		
https://bioconductor.org/help/course-materials/2017/CSAMA/lectures/5-friday/lecture-19-big-data/lecture-19-big-data.pdf	403	0			text/html		
https://bioconductor.org/help/course-materials/2017/CSAMA/lectures/5-friday/lecture-19a-remote-data/lecture-19a-oom.html	403	0			text/html		
https://bioconductor.org/help/course-materials/2017/CSAMA/lectures/5-friday/lecture-20-writing-functions/README.html	403	0			text/html		
https://bioconductor.org/help/course-materials/2017/CSAMA/lectures/5-friday/lecture-21-writing-packages/README.html	403	0			text/html		
https://bioconductor.org/help/course-materials/extra/BioC2012_setup_guide/	403	0			text/html		
https://bioconductor.org/help/course-materials/extra/BioC2012_setup_guide/ack_iam.jpg	403	0			text/html		
https://bioconductor.org/help/course-materials/extra/BioC2012_setup_guide/activating.jpg	403	0			text/html		
https://bioconductor.org/help/course-materials/extra/BioC2012_setup_guide/callmenow.jpg	403	0			text/html		
https://bioconductor.org/help/course-materials/extra/BioC2012_setup_guide/cf1.jpg	403	0			text/html		
https://bioconductor.org/help/course-materials/extra/BioC2012_setup_guide/createstack.jpg	403	0			text/html		
https://bioconductor.org/help/course-materials/extra/BioC2012_setup_guide/create_complete.jpg	403	0			text/html		
https://bioconductor.org/help/course-materials/extra/BioC2012_setup_guide/createstack3.jpg	403	0			text/html		
https://bioconductor.org/help/course-materials/extra/BioC2012_setup_guide/createstack4.jpg	403	0			text/html		
https://bioconductor.org/help/course-materials/extra/BioC2012_setup_guide/delete.jpg	403	0			text/html		
https://bioconductor.org/help/course-materials/extra/BioC2012_setup_guide/outputs.jpg	403	0			text/html		
https://bioconductor.org/help/course-materials/extra/BioC2012_setup_guide/redeem.jpg	403	0			text/html		
https://bioconductor.org/help/course-materials/extra/BioC2012_setup_guide/rstudiosignin.jpg	403	0			text/html		
https://bioconductor.org/help/course-materials/extra/BioC2012_setup_guide/refresh.jpg	403	0			text/html		
https://bioconductor.org/help/docker/	200	0			text/html		
https://bioconductor.org/help/course-materials/extra/BioC2012_setup_guide/signupnow.jpg	403	0			text/html		
https://bioconductor.org/help/events/	200	0			text/html		
https://bioconductor.org/help/faq/	200	0			text/html		
https://bioconductor.org/help/education-training/	200	0			text/html		
https://bioconductor.org/help/course-materials/extra/BioC2012_setup_guide/threedots.jpg	403	0			text/html		
https://bioconductor.org/help/faq/4	404	0			text/html		
https://bioconductor.org/help/index.html	200	0			text/html		
https://bioconductor.org/help/events/UNU-HT.pdf	200	0			application/pdf		
https://bioconductor.org/help/newsletters/2014_April/	200	0			text/html		
https://bioconductor.org/help/newsletters/2014_April/vobencha@fhcrc.org	404	0			text/html		
https://bioconductor.org/help/newsletters/2014_July/	200	0			text/html		
https://bioconductor.org/help/newsletters/2014_July/vobencha@fhcrc.org	404	0			text/html		
https://bioconductor.org/help/newsletters/2014_October/	200	0			text/html		
https://bioconductor.org/help/newsletters/2014_October/vobencha@fhcrc.org	404	0			text/html		
https://bioconductor.org/help/newsletters/2015_April/	200	0			text/html		
https://bioconductor.org/help/newsletters/2015_April/vobencha@fredhutch.org	404	0			text/html		
https://bioconductor.org/help/newsletters/2015_January/	200	0			text/html		
https://bioconductor.org/help/newsletters/2015_January/vobencha@fhcrc.org	404	0			text/html		
https://bioconductor.org/help/newsletters/2015_July/	200	0			text/html		
https://bioconductor.org/help/newsletters/2015_July/vobencha@fredhutch.org	404	0			text/html		
https://bioconductor.org/help/faq	200	2	302->http://bioconductor.org/help/faq/ | 301->https://bioconductor.org/help/faq/	https://bioconductor.org/help/faq/	text/html		
https://bioconductor.org/help/newsletters/2015_October/	200	0			text/html		
https://bioconductor.org/help/newsletters/2016_January/	200	0			text/html		
https://bioconductor.org/help/newsletters/2016_January/valerie.obenchain@roswellpark.org	404	0			text/html		
https://bioconductor.org/help/publications/	200	0			text/html		
https://bioconductor.org/help/package-vignettes/	200	0			text/html		
https://bioconductor.org/help/mailing-list/	200	3	301->http://master.bioconductor.org/help/support | 302->http://bioconductor.org/help/support/ | 301->https://bioconductor.org/help/support/	https://bioconductor.org/help/support/	text/html		
https://bioconductor.org/help/publications/2003/Chiaretti/chiaretti2/B95.tgz	200	0			application/x-gzip		
https://bioconductor.org/help/publications/2003/Chiaretti/chiaretti2/T33.tgz	200	0			application/x-gzip		
https://bioconductor.org/help/publications/book-chapters/MiMB/NLeMeur_MiMB_MBN_2009_method.R	200	0					
https://bioconductor.org/help/publications/book-chapters/MiMB/BuildDataset.zip	200	0			application/zip		
https://bioconductor.org/help/publications/books/bioconductor-case-studies/	200	0			text/html		
https://bioconductor.org/help/publications/books/bioconductor-case-studies/case-studies-small.jpg	200	0			image/jpeg		
https://bioconductor.org/help/publications/books/bioconductor-case-studies/web-supplement/	200	0			text/html		
https://bioconductor.org/help/publications/books/bioconductor-case-studies/web-supplement/bioc.jpg	200	0			image/jpeg		
https://bioconductor.org/help/publications/book-chapters/MiMB/bES.rda	200	0					
https://bioconductor.org/help/publications	200	2	302->http://bioconductor.org/help/publications/ | 301->https://bioconductor.org/help/publications/	https://bioconductor.org/help/publications/	text/html		
https://bioconductor.org/help/publications/books/bioconductor-case-studies/web-supplement/book.jpg	200	0			image/jpeg		
https://bioconductor.org/help/publications/books/bioconductor-case-studies/web-supplement/dot.png	200	0			image/png		
https://bioconductor.org/help/publications/books/bioconductor-case-studies/web-supplement/publisher.jpg	200	0			image/jpeg		
https://bioconductor.org/help/mailing-list	200	5	302->http://bioconductor.org/help/mailing-list/ | 301->https://bioconductor.org/help/mailing-list/ | 301->http://master.bioconductor.org/help/support | 302->http://bioconductor.org/help/support/ | 301->https://bioconductor.org/help/support/	https://bioconductor.org/help/support/	text/html		
https://bioconductor.org/help/publications/books/bioconductor-case-studies/web-supplement/useRbook.css	200	0			text/css		
https://bioconductor.org/help/publications/books/bioconductor-case-studies/web-supplement/useRbook.js	200	0			text/javascript		
https://bioconductor.org/help/publications/books/bioinformatics-and-computational-biology-solutions/	200	0			text/html		
https://bioconductor.org/help/publications/books/bioinformatics-and-computational-biology-solutions/bcbs_small.jpg	200	0			image/jpeg		
https://bioconductor.org/help/publications/books/bioinformatics-and-computational-biology-solutions/case/	200	0			text/html		
https://bioconductor.org/help/publications/books/bioinformatics-and-computational-biology-solutions/chapter-code/Graphs.R	200	0					
https://bioconductor.org/help/publications/books/bioinformatics-and-computational-biology-solutions/chapter-code/AffyQuality.R	200	0					
https://bioconductor.org/help/publications/books/bioinformatics-and-computational-biology-solutions/chapter-code/AffyPreprocess.R	200	0					
https://bioconductor.org/help/publications/books/bioinformatics-and-computational-biology-solutions/chapter-code/AnalClust.R	200	0					
https://bioconductor.org/help/publications/books/bioinformatics-and-computational-biology-solutions/chapter-code/AvHDS.R	200	0					
https://bioconductor.org/help/publications/books/bioinformatics-and-computational-biology-solutions/chapter-code/bbanal.R	200	0					
https://bioconductor.org/help/publications/books/bioinformatics-and-computational-biology-solutions/chapter-code/Intro.R	200	0					
https://bioconductor.org/help/publications/book-chapters/MiMB	200	2	302->http://bioconductor.org/help/publications/book-chapters/MiMB/ | 301->https://bioconductor.org/help/publications/book-chapters/MiMB/	https://bioconductor.org/help/publications/book-chapters/MiMB/	text/html		
https://bioconductor.org/help/publications/books/bioinformatics-and-computational-biology-solutions/chapter-code/MLchap.R	200	0					
https://bioconductor.org/help/publications/books/bioinformatics-and-computational-biology-solutions/chapter-code/TwoColorPre.R	200	0					
https://bioconductor.org/help/publications/books/bioinformatics-and-computational-biology-solutions/chapter-code/anovv.R	200	0					
https://bioconductor.org/help/publications/books/bioinformatics-and-computational-biology-solutions/chapter-code/Computational_Inference.R	200	0					
https://bioconductor.org/help/publications/books/bioinformatics-and-computational-biology-solutions/chapter-code/bioCGraph.R	200	0					
https://bioconductor.org/help/publications/books/bioinformatics-and-computational-biology-solutions/chapter-code/cellAssays.R	200	0					
https://bioconductor.org/help/publications/books/bioinformatics-and-computational-biology-solutions/chapter-code/class.R	200	0					
https://bioconductor.org/help/publications/books/bioinformatics-and-computational-biology-solutions/chapter-code/dist.R	200	0					
https://bioconductor.org/help/publications/books/bioinformatics-and-computational-biology-solutions/chapter-code/fromcels.R	200	0					
https://bioconductor.org/help/publications/books/bioinformatics-and-computational-biology-solutions/chapter-code/limma.R	200	0					
https://bioconductor.org/help/publications/books/bioinformatics-and-computational-biology-solutions/chapter-code/metaOutput.R	200	0					
https://bioconductor.org/help/publications/books/bioinformatics-and-computational-biology-solutions/chapter-code/metaOverview.R	200	0					
https://bioconductor.org/help/publications/books/bioinformatics-and-computational-biology-solutions/chapter-code/massSpectra.R	200	0					
https://bioconductor.org/help/publications/books/bioinformatics-and-computational-biology-solutions/chapter-code/metaQuery.R	200	0					
https://bioconductor.org/help/publications/books/bioinformatics-and-computational-biology-solutions/chapter-code/metaVisualize.R	200	0					
https://bioconductor.org/help/publications/books/bioinformatics-and-computational-biology-solutions/chapter-code/modelingGraphs.R	200	0					
https://bioconductor.org/help/publications/books/bioinformatics-and-computational-biology-solutions/chapter-code/multtest.R	200	0					
https://bioconductor.org/help/publications/books/bioinformatics-and-computational-biology-solutions/chapter-code/overview.R	200	0					
https://bioconductor.org/help/publications/books/bioinformatics-and-computational-biology-solutions/cover.jpg	200	0			image/jpeg		
https://bioconductor.org/help/publications/books/bioinformatics-and-computational-biology-solutions/data/	200	0			text/html		
https://bioconductor.org/help/publications/books/bioinformatics-and-computational-biology-solutions/getmono/	200	0			text/html		
https://bioconductor.org/help/publications/books/bioinformatics-and-computational-biology-solutions/graphs/	200	0			text/html		
https://bioconductor.org/help/publications/books/bioinformatics-and-computational-biology-solutions/metadata/	200	0			text/html		
https://bioconductor.org/help/publications/books/bioinformatics-and-computational-biology-solutions/preprocessing/	200	0			text/html		
https://bioconductor.org/help/publications/books/bioinformatics-and-computational-biology-solutions/microarrays/	200	0			text/html		
https://bioconductor.org/help/publications/books/r-programming-for-bioinformatics/	200	0			text/html		
https://bioconductor.org/help/publications/books/r-programming-for-bioinformatics/rbioinf-small.jpg	200	0			image/jpeg		
https://bioconductor.org/help/publications/books/r-programming-for-bioinformatics/web-supplement/	200	0			text/html		
https://bioconductor.org/help/publications/books/r-programming-for-bioinformatics/web-supplement/bioc.jpg	200	0			image/jpeg		
https://bioconductor.org/help/publications/books/r-programming-for-bioinformatics/web-supplement/book.jpg	200	0			image/jpeg		
https://bioconductor.org/help/publications/books/r-programming-for-bioinformatics/web-supplement/publisher.jpg	200	0			image/jpeg		
https://bioconductor.org/help/publications/books/r-programming-for-bioinformatics/web-supplement/useRbook.css	200	0			text/css		
https://bioconductor.org/help/publications/books/r-programming-for-bioinformatics/web-supplement/useRbook.js	200	0			text/javascript		
https://bioconductor.org/help/publications/compendia/CompStatViz/CompStatViz_2.0.1.tar.gz	200	0			application/x-gzip		
https://bioconductor.org/help/publications/compendia/CompStatViz/CompStatViz_2.0.1.zip	200	0			application/zip		
https://bioconductor.org/help/publications/compendia/genemetaex/GeneMetaEx_1.0.0.tar.gz	200	0			application/x-gzip		
https://bioconductor.org/help/publications/compendia/golubrr/GolubRR_1.3.1.tar.gz	200	0			application/x-gzip		
https://bioconductor.org/help/publications/tech-reports/currProgTR.pdf	200	0			application/pdf		
https://bioconductor.org/help/publications/compendia/golubrr/GolubRR_1.3.1.zip	200	0			application/zip		
https://bioconductor.org/help/publications/tech-reports/relProjTR.pdf	200	0			application/pdf		
https://bioconductor.org/help/support/	200	0			text/html		
https://bioconductor.org/help/workflows/	200	0			text/html		
https://bioconductor.org/help/seminar-series/	200	0			text/html		
https://bioconductor.org/help/support/posting-guide/	200	0			text/html		
https://bioconductor.org/images/Doodles/code-right.png	200	0			image/png		
https://bioconductor.org/images/Doodles/Doodle-1.png	200	0			image/png		
https://bioconductor.org/images/Doodles/Doodle-2.png	200	0			image/png		
https://bioconductor.org/images/Doodles/code-left.png	200	0			image/png		
https://bioconductor.org/help/workflows/annotation/Annotation_Resources/	404	1	301->http://master.bioconductor.org/packages/release/workflows/html/annotation/Annotation_Resources/index.html	http://master.bioconductor.org/packages/release/workflows/html/annotation/Annotation_Resources/index.html	text/html		
https://bioconductor.org/images/biocawards/BiocAward.png	200	0			image/png		
https://bioconductor.org/images/biocawards/writeup/Calvo-Serra.png	200	0			image/png		
https://bioconductor.org/help/workflows/cytofWorkflow/	200	1	301->http://master.bioconductor.org/packages/release/workflows/html/cytofWorkflow.html	http://master.bioconductor.org/packages/release/workflows/html/cytofWorkflow.html	text/html		
https://bioconductor.org/images/biocawards/writeup/Drnevich.png	200	0			image/png		
https://bioconductor.org/images/biocawards/writeup/Freytag.png	200	0			image/png		
https://bioconductor.org/images/biocawards/writeup/Morgan.png	200	0			image/png		
https://bioconductor.org/help/seminar-series	200	2	302->http://bioconductor.org/help/seminar-series/ | 301->https://bioconductor.org/help/seminar-series/	https://bioconductor.org/help/seminar-series/	text/html		
https://bioconductor.org/help/workflows/annotation/Annotating_Genomic_Ranges/	404	1	301->http://master.bioconductor.org/packages/release/workflows/html/annotation/Annotating_Genomic_Ranges/index.html	http://master.bioconductor.org/packages/release/workflows/html/annotation/Annotating_Genomic_Ranges/index.html	text/html		
https://bioconductor.org/images/cab/AedinCulhane.png	200	0			image/png		
https://bioconductor.org/images/biocawards/writeup/Moses.png	200	0			image/png		
https://bioconductor.org/images/cab/ElianaIbrahimi.jpg	200	0			image/jpeg		
https://bioconductor.org/images/cab/EnisAfgan.png	200	0			image/png		
https://bioconductor.org/images/cab/FabricioAlmeidaSilva.png	200	0			image/png		
https://bioconductor.org/images/cab/IzabelaMamede.png	200	0			image/png		
https://bioconductor.org/images/cab/JohannesRainer.png	200	0			image/png		
https://bioconductor.org/images/cab/KevinRueAlbrecht.png	200	0			image/png		
https://bioconductor.org/images/cab/KozoNishida.png	200	0			image/png		
https://bioconductor.org/images/cab/LaurentGatto.png	200	0			image/png		
https://bioconductor.org/images/cab/LluisRevilla.png	200	0			image/png		
https://bioconductor.org/images/cab/LoriShepherd.png	200	0			image/png		
https://bioconductor.org/images/cab/MariaDoyle.png	200	0			image/png		
https://bioconductor.org/images/cab/MarthaLuka.jpg	200	0			image/jpeg		
https://bioconductor.org/images/cab/MengboLi.png	200	0			image/png		
https://bioconductor.org/images/cab/SteviePederson.png	200	0			image/png		
https://bioconductor.org/images/cab/TuomasBorman.png	200	0			image/png		
https://bioconductor.org/images/cab/TobilolaOgunbowale.png	200	0			image/png		
https://bioconductor.org/images/cab/UmarAhmad.png	200	0			image/png		
https://bioconductor.org/images/cab/ZahraaWajihAlsafwani.png	200	0			image/png		
https://bioconductor.org/images/cab/ZuguangGu.jpg	200	0			image/jpeg		
https://bioconductor.org/images/cab/cab.png	200	0			image/png		
https://bioconductor.org/images/coreTeamPic/AlexMahmoud.png	200	0			image/png		
https://bioconductor.org/images/coreTeamPic/HervePages.png	200	0			image/png		
https://bioconductor.org/images/coreTeamPic/JenniferWokaty.png	200	0			image/png		
https://bioconductor.org/images/coreTeamPic/LaurahOndari.jpeg	200	0			image/jpeg		
https://bioconductor.org/images/coreTeamPic/LoriShepherd.png	200	0			image/png		
https://bioconductor.org/images/coreTeamPic/MarcelRamos.png	200	0			image/png		
https://bioconductor.org/images/coreTeamPic/MariaDoyle.png	200	0			image/png		
https://bioconductor.org/images/coreTeamPic/NicholasCooley.jpeg	200	0			image/jpeg		
https://bioconductor.org/images/coreTeamPic/VinceCarey.png	200	0			image/png		
https://bioconductor.org/images/elasticmapreduce/screenshot1.jpg	200	0			image/jpeg		
https://bioconductor.org/images/elasticmapreduce/screenshot2.jpg	200	0			image/jpeg		
https://bioconductor.org/images/elasticmapreduce/screenshot3.jpg	200	0			image/jpeg		
https://bioconductor.org/images/elasticmapreduce/screenshot4.jpg	200	0			image/jpeg		
https://bioconductor.org/images/elasticmapreduce/screenshot5.jpg	200	0			image/jpeg		
https://bioconductor.org/images/examples/gallery-1.png	200	0			image/png		
https://bioconductor.org/images/examples/gallery-3.png	200	0			image/png		
https://bioconductor.org/images/examples/gallery-2.png	200	0			image/png		
https://bioconductor.org/images/examples/gallery-4.png	200	0			image/png		
https://bioconductor.org/images/examples/gallery-5.png	200	0			image/png		
https://bioconductor.org/images/examples/gallery-6.png	200	0			image/png		
https://bioconductor.org/images/examples/gallery-7.png	200	0			image/png		
https://bioconductor.org/images/examples/gallery-8.png	200	0			image/png		
https://bioconductor.org/images/icons/Join-Data-Scientists.png	200	0			image/png		
https://bioconductor.org/images/examples/gallery-9.png	200	0			image/png		
https://bioconductor.org/images/icons/BioconductorSticker1.png	200	0			image/png		
https://bioconductor.org/images/icons/BiocReviewerSticker.png	200	0			image/png		
https://bioconductor.org/images/icons/Join-Developers.png	200	0			image/png		
https://bioconductor.org/images/icons/CZIlogo.jpg	200	0			image/jpeg		
https://bioconductor.org/images/icons/ELIXIR.jpeg	200	0			image/jpeg		
https://bioconductor.org/images/examples/medical.png	200	0			image/png		
https://bioconductor.org/images/icons/CSCCE.png	200	0			image/png		
https://bioconductor.org/images/icons/MSAzure.png	200	0			image/png		
https://bioconductor.org/images/icons/Step 1 quote.svg	ERROR	0					
https://bioconductor.org/images/icons/NHGRI.png	200	0			image/png		
https://bioconductor.org/images/icons/NSF.jpeg	200	0			image/jpeg		
https://bioconductor.org/images/icons/Step 2 quote.svg	ERROR	0					
https://bioconductor.org/images/icons/NumFocus2.png	200	0			image/png		
https://bioconductor.org/images/icons/Rlogo.svg	200	0			image/svg+xml		
https://bioconductor.org/images/icons/help.gif	200	0			image/gif		
https://bioconductor.org/images/icons/carpentries.svg	200	0			image/svg+xml		
https://bioconductor.org/images/icons/anvil2.png	200	0			image/png		
https://bioconductor.org/images/icons/aws.jpeg	200	0			image/jpeg		
https://bioconductor.org/images/icons/Step 3 quote.svg	ERROR	0					
https://bioconductor.org/images/icons/calendar.gif	200	0			image/gif		
https://bioconductor.org/images/icons/blog.gif	200	0			image/gif		
https://bioconductor.org/images/icons/chevron-down.jpg	200	0			image/jpeg		
https://bioconductor.org/images/icons/svgs/arrow-circle-right.svg	200	0			image/svg+xml		
https://bioconductor.org/images/icons/magnifier.gif	200	0			image/gif		
https://bioconductor.org/images/icons/galaxy.jpeg	200	0			image/jpeg		
https://bioconductor.org/images/icons/biostars.svg	200	0			image/svg+xml		
https://bioconductor.org/images/icons/outreachy.png	200	0			image/png		
https://bioconductor.org/images/icons/svgs/DNA.svg	200	0			image/svg+xml		
https://bioconductor.org/images/icons/svgs/Packages.svg	200	0			image/svg+xml		
https://bioconductor.org/images/icons/svgs/arrow-circle-right-white.svg	200	0			image/svg+xml		
https://bioconductor.org/images/icons/svgs/blog.svg	200	0			image/svg+xml		
https://bioconductor.org/images/icons/search-icon.svg	200	0			image/svg+xml		
https://bioconductor.org/images/icons/svgs/bluesky.svg	200	0			image/svg+xml		
https://bioconductor.org/images/icons/svgs/chevron-right.svg	200	0			image/svg+xml		
https://bioconductor.org/images/icons/svgs/linkedin.svg	200	0			image/svg+xml		
https://bioconductor.org/images/icons/svgs/mastodon.svg	200	0			image/svg+xml		
https://bioconductor.org/images/icons/svgs/question-mark-circle.svg	200	0			image/svg+xml		
https://bioconductor.org/images/icons/svgs/youtube.svg	200	0			image/svg+xml		
https://bioconductor.org/images/icons/svgs/zulip-white-icon.svg	200	0			image/svg+xml		
https://bioconductor.org/images/logo/eps/bioconductor_logo_cmyk.eps	200	0			application/postscript		
https://bioconductor.org/images/logo/eps/bioconductor_logo_grey.eps	200	0			application/postscript		
https://bioconductor.org/images/logo/eps/bioconductor_logo_rgb.eps	200	0			application/postscript		
https://bioconductor.org/images/logo/eps/bioconductor_logo_spot.eps	200	0			application/postscript		
https://bioconductor.org/images/logo/jpg/bioconductor_logo_cmyk.jpg	200	0			image/jpeg		
https://bioconductor.org/images/logo/jpg/bioconductor_logo_grey.jpg	200	0			image/jpeg		
https://bioconductor.org/images/logo/jpg/bioconductor_logo_rgb.jpg	200	0			image/jpeg		
https://bioconductor.org/images/logo/svg/BC-Logo-White.svg	200	0			image/svg+xml		
https://bioconductor.org/images/logo/png/bioconductor_logo_cmyk.png	200	0			image/png		
https://bioconductor.org/images/logo/svg/Logo.svg	200	0			image/svg+xml		
https://bioconductor.org/images/logo/png/bioconductor_logo_rgb.png	200	0			image/png		
https://bioconductor.org/images/logo/png/bioconductor_logo_spot.png	200	0			image/png		
https://bioconductor.org/images/logo/png/bioconductor_logo_grey.png	200	0			image/png		
https://bioconductor.org/images/logo_bioconductor.gif	200	0			image/gif		
https://bioconductor.org/images/logo/svg/bioconductor_logo_cmyk.svg	200	0			image/svg+xml		
https://bioconductor.org/images/logo/svg/bioconductor_logo_grey.svg	200	0			image/svg+xml		
https://bioconductor.org/images/logo/svg/bioconductor_logo_rgb.svg	200	0			image/svg+xml		
https://bioconductor.org/images/logo/svg/bioconductor_logo_spot.svg	200	0			image/svg+xml		
https://bioconductor.org/images/tab/GabrieleSales.png	200	0			image/png		
https://bioconductor.org/images/tab/HelenaCrowell.png	200	0			image/png		
https://bioconductor.org/images/tab/HenrikBengtsson.jpg	200	0			image/jpeg		
https://bioconductor.org/images/tab/HugoGruson.jpg	200	0			image/jpeg		
https://bioconductor.org/images/tab/JacquesSerizay.jpeg	200	0			image/jpeg		
https://bioconductor.org/images/tab/KasperHansen.png	200	0			image/png		
https://bioconductor.org/images/tab/LaurentGatto.png	200	0			image/png		
https://bioconductor.org/images/tab/LeviWaldron.png	200	0			image/png		
https://bioconductor.org/images/tab/LudwigGeistlinger.png	200	0			image/png		
https://bioconductor.org/images/tab/MichaelLawrence.jpg	200	0			image/jpeg		
https://bioconductor.org/images/tab/LoriShepherd.png	200	0			image/png		
https://bioconductor.org/images/tab/RafaelIrizarry.png	200	0			image/png		
https://bioconductor.org/images/tab/RobertCastelo.jpg	200	0			image/jpeg		
https://bioconductor.org/install/	200	0			text/html		
https://bioconductor.org/images/tab/VinceCarey.png	200	0			image/png		
https://bioconductor.org/images/tab/WolfgangHuber.png	200	0			image/png		
https://bioconductor.org/images/tab/tab.png	200	0			image/png		
https://bioconductor.org/install/index.html	200	0			text/html		
https://bioconductor.org/js/bioc-style.js	200	0			text/javascript		
https://bioconductor.org/js/bioconductor.js	200	0			text/javascript		
https://bioconductor.org/js/code_blocks.js	200	0			text/javascript		
https://bioconductor.org/js/jquery.corner.js	200	0			text/javascript		
https://bioconductor.org/js/jquery.js	200	0			text/javascript		
https://bioconductor.org/js/jquery.timeago.js	200	0			text/javascript		
https://bioconductor.org/js/jquery.tools.min.js	200	0			text/javascript		
https://bioconductor.org/js/search.js	200	0			text/javascript		
https://bioconductor.org/js/sidebar.js	200	0			text/javascript		
https://bioconductor.org/js/versions.js	200	0			text/javascript		
https://bioconductor.org/js/packageDetail.js	200	0			text/javascript		
https://bioconductor.org/news/	403	0			text/html		
https://bioconductor.org/install	200	2	302->http://bioconductor.org/install/ | 301->https://bioconductor.org/install/	https://bioconductor.org/install/	text/html		
https://bioconductor.org/news/bioc_2_13_release	200	2	302->http://bioconductor.org/news/bioc_2_13_release/ | 301->https://bioconductor.org/news/bioc_2_13_release/	https://bioconductor.org/news/bioc_2_13_release/	text/html		
https://bioconductor.org/news/bioc_2_11_release	200	2	302->http://bioconductor.org/news/bioc_2_11_release/ | 301->https://bioconductor.org/news/bioc_2_11_release/	https://bioconductor.org/news/bioc_2_11_release/	text/html		
https://bioconductor.org/news/bioc_2_12_release	200	2	302->http://bioconductor.org/news/bioc_2_12_release/ | 301->https://bioconductor.org/news/bioc_2_12_release/	https://bioconductor.org/news/bioc_2_12_release/	text/html		
https://bioconductor.org/news/bioc_2_14_release	200	2	302->http://bioconductor.org/news/bioc_2_14_release/ | 301->https://bioconductor.org/news/bioc_2_14_release/	https://bioconductor.org/news/bioc_2_14_release/	text/html		
https://bioconductor.org/news/bioc_2_10_release	200	2	302->http://bioconductor.org/news/bioc_2_10_release/ | 301->https://bioconductor.org/news/bioc_2_10_release/	https://bioconductor.org/news/bioc_2_10_release/	text/html		
https://bioconductor.org/news/bioc_3_10_release	200	2	302->http://bioconductor.org/news/bioc_3_10_release/ | 301->https://bioconductor.org/news/bioc_3_10_release/	https://bioconductor.org/news/bioc_3_10_release/	text/html		
https://bioconductor.org/news/bioc_2_7_release	200	2	302->http://bioconductor.org/news/bioc_2_7_release/ | 301->https://bioconductor.org/news/bioc_2_7_release/	https://bioconductor.org/news/bioc_2_7_release/	text/html		
https://bioconductor.org/news/bioc_2_9_release	200	2	302->http://bioconductor.org/news/bioc_2_9_release/ | 301->https://bioconductor.org/news/bioc_2_9_release/	https://bioconductor.org/news/bioc_2_9_release/	text/html		
https://bioconductor.org/news/bioc_2_8_release	200	2	302->http://bioconductor.org/news/bioc_2_8_release/ | 301->https://bioconductor.org/news/bioc_2_8_release/	https://bioconductor.org/news/bioc_2_8_release/	text/html		
https://bioconductor.org/news/bioc_2_5_release	200	2	302->http://bioconductor.org/news/bioc_2_5_release/ | 301->https://bioconductor.org/news/bioc_2_5_release/	https://bioconductor.org/news/bioc_2_5_release/	text/html		
https://bioconductor.org/news/bioc_2_6_release	200	2	302->http://bioconductor.org/news/bioc_2_6_release/ | 301->https://bioconductor.org/news/bioc_2_6_release/	https://bioconductor.org/news/bioc_2_6_release/	text/html		
https://bioconductor.org/news/bioc_3_0_release	200	2	302->http://bioconductor.org/news/bioc_3_0_release/ | 301->https://bioconductor.org/news/bioc_3_0_release/	https://bioconductor.org/news/bioc_3_0_release/	text/html		
https://bioconductor.org/news/bioc_3_12_release	200	2	302->http://bioconductor.org/news/bioc_3_12_release/ | 301->https://bioconductor.org/news/bioc_3_12_release/	https://bioconductor.org/news/bioc_3_12_release/	text/html		
https://bioconductor.org/news/bioc_3_11_release	200	2	302->http://bioconductor.org/news/bioc_3_11_release/ | 301->https://bioconductor.org/news/bioc_3_11_release/	https://bioconductor.org/news/bioc_3_11_release/	text/html		
https://bioconductor.org/news/bioc_3_13_release	200	2	302->http://bioconductor.org/news/bioc_3_13_release/ | 301->https://bioconductor.org/news/bioc_3_13_release/	https://bioconductor.org/news/bioc_3_13_release/	text/html		
https://bioconductor.org/news/bioc_3_14_release	200	2	302->http://bioconductor.org/news/bioc_3_14_release/ | 301->https://bioconductor.org/news/bioc_3_14_release/	https://bioconductor.org/news/bioc_3_14_release/	text/html		
https://bioconductor.org/news/bioc_3_15_release	200	2	302->http://bioconductor.org/news/bioc_3_15_release/ | 301->https://bioconductor.org/news/bioc_3_15_release/	https://bioconductor.org/news/bioc_3_15_release/	text/html		
https://bioconductor.org/news/bioc_3_16_release	200	2	302->http://bioconductor.org/news/bioc_3_16_release/ | 301->https://bioconductor.org/news/bioc_3_16_release/	https://bioconductor.org/news/bioc_3_16_release/	text/html		
https://bioconductor.org/news/bioc_3_17_release	200	2	302->http://bioconductor.org/news/bioc_3_17_release/ | 301->https://bioconductor.org/news/bioc_3_17_release/	https://bioconductor.org/news/bioc_3_17_release/	text/html		
https://bioconductor.org/news/bioc_3_18_release	200	2	302->http://bioconductor.org/news/bioc_3_18_release/ | 301->https://bioconductor.org/news/bioc_3_18_release/	https://bioconductor.org/news/bioc_3_18_release/	text/html		
https://bioconductor.org/news/bioc_3_19_release	200	2	302->http://bioconductor.org/news/bioc_3_19_release/ | 301->https://bioconductor.org/news/bioc_3_19_release/	https://bioconductor.org/news/bioc_3_19_release/	text/html		
https://bioconductor.org/news/bioc_3_1_release	200	2	302->http://bioconductor.org/news/bioc_3_1_release/ | 301->https://bioconductor.org/news/bioc_3_1_release/	https://bioconductor.org/news/bioc_3_1_release/	text/html		
https://bioconductor.org/news/bioc_3_20_release	200	2	302->http://bioconductor.org/news/bioc_3_20_release/ | 301->https://bioconductor.org/news/bioc_3_20_release/	https://bioconductor.org/news/bioc_3_20_release/	text/html		
https://bioconductor.org/news/bioc_3_23_release/	200	0			text/html		
https://bioconductor.org/news/bioc_3_21_release	200	2	302->http://bioconductor.org/news/bioc_3_21_release/ | 301->https://bioconductor.org/news/bioc_3_21_release/	https://bioconductor.org/news/bioc_3_21_release/	text/html		
https://bioconductor.org/news/bioc_3_4_release/Methyl|Ratio	404	0			text/html		
https://bioconductor.org/news/bioc_3_23_release	200	2	302->http://bioconductor.org/news/bioc_3_23_release/ | 301->https://bioconductor.org/news/bioc_3_23_release/	https://bioconductor.org/news/bioc_3_23_release/	text/html		
https://bioconductor.org/rss/new_packages.rss	200	0			application/x-rss+xml		
https://bioconductor.org/news/bioc_3_2_release	200	2	302->http://bioconductor.org/news/bioc_3_2_release/ | 301->https://bioconductor.org/news/bioc_3_2_release/	https://bioconductor.org/news/bioc_3_2_release/	text/html		
https://bioconductor.org/news/bioc_3_22_release	200	2	302->http://bioconductor.org/news/bioc_3_22_release/ | 301->https://bioconductor.org/news/bioc_3_22_release/	https://bioconductor.org/news/bioc_3_22_release/	text/html		
https://bioconductor.org/news/bioc_3_3_release	200	2	302->http://bioconductor.org/news/bioc_3_3_release/ | 301->https://bioconductor.org/news/bioc_3_3_release/	https://bioconductor.org/news/bioc_3_3_release/	text/html		
https://bioconductor.org/style/base/colors.css	200	0			text/css		
https://bioconductor.org/news/bioc_3_7_release	200	2	302->http://bioconductor.org/news/bioc_3_7_release/ | 301->https://bioconductor.org/news/bioc_3_7_release/	https://bioconductor.org/news/bioc_3_7_release/	text/html		
https://bioconductor.org/style/base/fonts.css	200	0			text/css		
https://bioconductor.org/news/bioc_3_6_release	200	2	302->http://bioconductor.org/news/bioc_3_6_release/ | 301->https://bioconductor.org/news/bioc_3_6_release/	https://bioconductor.org/news/bioc_3_6_release/	text/html		
https://bioconductor.org/news/bioc_3_5_release	200	2	302->http://bioconductor.org/news/bioc_3_5_release/ | 301->https://bioconductor.org/news/bioc_3_5_release/	https://bioconductor.org/news/bioc_3_5_release/	text/html		
https://bioconductor.org/style/base/layout.css	200	0			text/css		
https://bioconductor.org/style/base/typography.css	200	0			text/css		
https://bioconductor.org/news/bioc_3_4_release	200	2	302->http://bioconductor.org/news/bioc_3_4_release/ | 301->https://bioconductor.org/news/bioc_3_4_release/	https://bioconductor.org/news/bioc_3_4_release/	text/html		
https://bioconductor.org/style/components/blockquote.css	200	0			text/css		
https://bioconductor.org/news/bioc_3_8_release	200	2	302->http://bioconductor.org/news/bioc_3_8_release/ | 301->https://bioconductor.org/news/bioc_3_8_release/	https://bioconductor.org/news/bioc_3_8_release/	text/html		
https://bioconductor.org/style/components/breadcrumbs.css	200	0			text/css		
https://bioconductor.org/style/components/buttons.css	200	0			text/css		
https://bioconductor.org/style/components/code.css	200	0			text/css		
https://bioconductor.org/news/bioc_3_9_release	200	2	302->http://bioconductor.org/news/bioc_3_9_release/ | 301->https://bioconductor.org/news/bioc_3_9_release/	https://bioconductor.org/news/bioc_3_9_release/	text/html		
https://bioconductor.org/style/components/gallery.css	200	0			text/css		
https://bioconductor.org/style/components/lists.css	200	0			text/css		
https://bioconductor.org/style/components/tables.css	200	0			text/css		
https://bioconductor.org/style/existing.css	200	0			text/css		
https://bioconductor.org/packages	200	3	301->http://master.bioconductor.org/packages/ | 302->http://bioconductor.org/packages/release/BiocViews.html#___Software | 301->https://bioconductor.org/packages/release/BiocViews.html	https://bioconductor.org/packages/release/BiocViews.html	text/html		
https://bioconductor.org/style/pages/about.css	200	0			text/css		
https://bioconductor.org/style/pages/get-started.css	200	0			text/css		
https://bioconductor.org/style/pages/home.css	200	0			text/css		
https://bioconductor.org/style/pages/learn-and-dev.css	200	0			text/css		
https://bioconductor.org/style/pages/orcid.css	200	0			text/css		
https://bioconductor.org/style/pages/packages.css	200	0			text/css		
https://bioconductor.org/style/sections/announcement.css	200	0			text/css		
https://blog.bioconductor.org/	200	0			text/html; charset=utf-8		
https://bioconductor.org/style/sections/footer.css	200	0			text/css		
https://bioconductor.org/style/sections/header.css	200	0			text/css		
https://blog.bioconductor.org/contributing.html	200	0			text/html; charset=utf-8		
https://bioconductor.org/style/sections/hero.css	200	0			text/css		
https://blog.bioconductor.org/posts/2022-07-12-carpentries-membership/	200	0			text/html; charset=utf-8		
https://bioconductor.org/style/sections/sidebar.css	200	0			text/css		
https://blog.bioconductor.org/posts/2024-07-12-czi-eoss6-grants/	200	0			text/html; charset=utf-8		
https://blog.bioconductor.org/posts/2024-07-29-athena-award/	200	0			text/html; charset=utf-8		
https://contributions.bioconductor.org/git-version-control.html	200	0			text/html; charset=utf-8		
https://contributions.bioconductor.org	200	0			text/html; charset=utf-8		
https://contributions.bioconductor.org/	200	0			text/html; charset=utf-8		
https://contributions.bioconductor.org/troubleshooting-build-report.html	200	0			text/html; charset=utf-8		
https://contributions.bioconductor.org/description.html	200	0			text/html; charset=utf-8		
https://contributions.bioconductor.org/package-maintenance.html	200	0			text/html; charset=utf-8		
https://dev.status.bioconductor.org/	200	0			text/html; charset=utf-8		
https://contributions.bioconductor.org/use-devel.html	200	0			text/html; charset=utf-8		
https://contributions.bioconductor.org/versionnum.html	200	0			text/html; charset=utf-8		
https://eurobioc2019.bioconductor.org/	200	0			text/html; charset=utf-8		
https://eurobioc2025.bioconductor.org/	200	0			text/html; charset=utf-8		
https://code.bioconductor.org/	200	0			text/html; charset=utf-8		
https://eurobioc2026.bioconductor.org/	200	0			text/html; charset=utf-8		
https://register.bioconductor.org/BioC2014/	DNS_FAIL	0					
https://register.bioconductor.org/Seattle-Apr-2015/	DNS_FAIL	0					
https://register.bioconductor.org/Seattle-Oct-2014/	DNS_FAIL	0					
https://secure.bioconductor.org/BioC2007/	DNS_FAIL	0					
https://master.bioconductor.org	200	0			text/html		
https://secure.bioconductor.org/BioC2010	DNS_FAIL	0					
https://secure.bioconductor.org/BioC2010/	DNS_FAIL	0					
https://chat.bioconductor.org	200	1	302->https://community-bioc.zulipchat.com/join/4k2tpsy7h6zjbaduydwm2n56/	https://community-bioc.zulipchat.com/join/4k2tpsy7h6zjbaduydwm2n56/	text/html; charset=utf-8		
https://chat.bioconductor.org/	200	1	302->https://community-bioc.zulipchat.com/join/4k2tpsy7h6zjbaduydwm2n56/	https://community-bioc.zulipchat.com/join/4k2tpsy7h6zjbaduydwm2n56/	text/html; charset=utf-8		
https://secure.bioconductor.org/BioC2011	DNS_FAIL	0					
https://secure.bioconductor.org/BioC2011/	DNS_FAIL	0					
https://secure.bioconductor.org/BioC2012/	DNS_FAIL	0					
https://secure.bioconductor.org/BioC2013/	DNS_FAIL	0					
https://secure.bioconductor.org/BostonFeb09/	DNS_FAIL	0					
https://secure.bioconductor.org/Seattle-Feb-2013	DNS_FAIL	0					
https://secure.bioconductor.org/Seattle-Feb-2014/	DNS_FAIL	0					
https://secure.bioconductor.org/Seattle-May-2013/	DNS_FAIL	0					
https://eurobioc2024.bioconductor.org/	200	0			text/html; charset=UTF-8		
https://secure.bioconductor.org/Seattle-Oct-2012/	DNS_FAIL	0					
https://secure.bioconductor.org/SeattleDec10	DNS_FAIL	0					
https://secure.bioconductor.org/SeattleDec10/	DNS_FAIL	0					
https://eurobioc2022.bioconductor.org/	200	0			text/html; charset=UTF-8		
https://secure.bioconductor.org/SeattleFeb11	DNS_FAIL	0					
https://secure.bioconductor.org/SeattleFeb12/	DNS_FAIL	0					
https://secure.bioconductor.org/SeattleJan10	DNS_FAIL	0					
https://eurobioc2023.bioconductor.org/	200	0			text/html; charset=UTF-8		
https://secure.bioconductor.org/SeattleMay10	DNS_FAIL	0					
https://secure.bioconductor.org/SeattleMay10/	DNS_FAIL	0					
https://secure.bioconductor.org/SeattleMay12	DNS_FAIL	0					
https://git.bioconductor.org/BiocCredentials/	200	1	302->https://git.bioconductor.org/BiocCredentials/login/?next=/BiocCredentials/	https://git.bioconductor.org/BiocCredentials/login/?next=/BiocCredentials/	text/html; charset=utf-8		
https://secure.bioconductor.org/SeattleOct11	DNS_FAIL	0					
https://secure.bioconductor.org/UnderstandingRBioc	DNS_FAIL	0					
https://secure.bioconductor.org/UnderstandingRBioc/	DNS_FAIL	0					
https://secure.bioconductor.org/SeattleJan10/	DNS_FAIL	0					
https://secure.bioconductor.org/Seattle-Feb-2013/	DNS_FAIL	0					
https://secure.bioconductor.org/SeattleMay12/	DNS_FAIL	0					
https://gbcc2025.bioconductor.org/	200	0			text/html; charset=UTF-8		
https://support.bioconductor.org/	200	0			text/html; charset=utf-8		
https://support.bioconductor.org/p/100865/	200	0			text/html; charset=utf-8		
https://support.bioconductor.org/p/103135/	200	0			text/html; charset=utf-8		
https://support.bioconductor.org	200	0			text/html; charset=utf-8		
https://support.bioconductor.org/info/faq/	200	0			text/html; charset=utf-8		
https://support.bioconductor.org/p/104059/	200	0			text/html; charset=utf-8		
https://support.bioconductor.org/p/104405/	200	0			text/html; charset=utf-8		
https://support.bioconductor.org/p/105515/	200	0			text/html; charset=utf-8		
https://support.bioconductor.org/p/105926/	200	0			text/html; charset=utf-8		
https://support.bioconductor.org/p/105536/	200	0			text/html; charset=utf-8		
https://support.bioconductor.org/p/116480/	200	0			text/html; charset=utf-8		
https://support.bioconductor.org/p/103591	200	1	301->/p/103591/	https://support.bioconductor.org/p/103591/	text/html; charset=utf-8		
https://support.bioconductor.org/p/117808/	429	0			text/html		
https://support.bioconductor.org/p/124265	429	0			text/html		
https://support.bioconductor.org/p/123614/	429	0			text/html		
https://support.bioconductor.org/p/117436/	200	0			text/html; charset=utf-8		
https://support.bioconductor.org/p/124568/	200	0			text/html; charset=utf-8		
https://support.bioconductor.org/p/125352/	429	0			text/html		
https://support.bioconductor.org/p/125623/	429	0			text/html		
https://support.bioconductor.org/p/126148/	429	0			text/html		
https://support.bioconductor.org/p/134141/	429	0			text/html		
https://support.bioconductor.org/p/62073	429	0			text/html		
https://support.bioconductor.org/p/63024/	429	0			text/html		
https://support.bioconductor.org/p/65844/	429	0			text/html		
https://support.bioconductor.org/p/70090/	429	0			text/html		
https://support.bioconductor.org/p/70432/	429	0			text/html		
https://support.bioconductor.org/p/63568/	200	0			text/html; charset=utf-8		
https://support.bioconductor.org/p/71811/	429	0			text/html		
https://support.bioconductor.org/p/71917/	429	0			text/html		
https://support.bioconductor.org/p/72188/	429	0			text/html		
https://support.bioconductor.org/p/73069/	429	0			text/html		
https://support.bioconductor.org/p/74301/	429	0			text/html		
https://support.bioconductor.org/p/71087/	200	0			text/html; charset=utf-8		
https://support.bioconductor.org/p/75500/	429	0			text/html		
https://support.bioconductor.org/p/89445/	429	0			text/html		
https://support.bioconductor.org/p/90226/	429	0			text/html		
https://support.bioconductor.org/p/90664/	429	0			text/html		
https://support.bioconductor.org/p/9136222	429	0			text/html		
https://support.bioconductor.org/p/62136	200	1	301->/p/62136/	https://support.bioconductor.org/p/62136/	text/html; charset=utf-8		
https://support.bioconductor.org/p/9141780/	429	0			text/html		
https://support.bioconductor.org/p/9146055/	429	0			text/html		
https://support.bioconductor.org/p/9150056/	429	0			text/html		
https://support.bioconductor.org/p/9157031/	429	0			text/html		
https://support.bioconductor.org/p/9139019/	200	0			text/html; charset=utf-8		
https://support.bioconductor.org/p/9158844/	200	0			text/html; charset=utf-8		
https://support.bioconductor.org/p/93170/	429	0			text/html		
https://support.bioconductor.org/p/94553/	429	0			text/html		
https://support.bioconductor.org/p/95400/	429	0			text/html		
https://support.bioconductor.org/p/95521/	429	0			text/html		
https://support.bioconductor.org/p/95721/	429	0			text/html		
https://support.bioconductor.org/p/97611/	429	0			text/html		
https://support.bioconductor.org/p/98365/	429	0			text/html		
https://support.bioconductor.org/p/98536/	429	0			text/html		
https://support.bioconductor.org/p/98844/	429	0			text/html		
https://support.bioconductor.org/p/96512/	200	0			text/html; charset=utf-8		
https://support.bioconductor.org/p/98851/	429	0			text/html		
https://training.bioconductor.org/	200	0			text/html; charset=utf-8		
https://training.bioconductor.org	200	0			text/html; charset=utf-8		
https://www.bioconductor.org/about/community-advisory-board/	200	0			text/html		
https://www.bioconductor.org/about/package-reviewers/	200	0			text/html		
https://www.bioconductor.org/about/technical-advisory-board/	200	0			text/html		
https://workinggroups.bioconductor.org/	200	0			text/html; charset=utf-8		
https://workinggroups.bioconductor.org	200	0			text/html; charset=utf-8		
https://www.bioconductor.org/help/bioconductor-cloud-ami/	200	0			text/html		
https://support.bioconductor.org/p/99400/	429	0			text/html		
https://support.bioconductor.org/p/99369/	429	0			text/html		
https://support.bioconductor.org/p/9161754	200	1	301->/p/9161754/	https://support.bioconductor.org/p/9161754/	text/html; charset=utf-8		
https://support.bioconductor.org/t/Tutorials/	200	0			text/html; charset=utf-8		
https://www.bioconductor.org/help/course-materials/2019/BiocDevelForum/02-DataFrame.pdf	403	0			text/html		
https://www.bioconductor.org/books/OSTA/	200	4	302->http://bioconductor.org/books/release/OSTA | 301->https://bioconductor.org/books/release/OSTA | 302->http://bioconductor.org/books/release/OSTA/ | 301->https://bioconductor.org/books/release/OSTA/	https://bioconductor.org/books/release/OSTA/	text/html		
